 ISM-V2
         503         940         438           5
  -1.5475408990436668       -3.9661053095897771        0.0000000000000000     
 -0.50374204486396124       -3.9696808747510728        0.0000000000000000     
  -9.9243892146283694E-002  -3.8927911333098169        0.0000000000000000     
  0.40756897851814955       -3.9177462513961250        0.0000000000000000     
  0.75638728737115291       -3.8982213809617585        0.0000000000000000     
  -1.5852419526983870       -3.4868312957303256        0.0000000000000000     
  -1.0696748027045850       -3.4657768430491296        0.0000000000000000     
 -0.61641829760754607       -3.4882107549923966        0.0000000000000000     
  -2.4766705248569897E-002  -3.4599478534186829        0.0000000000000000     
  0.41152709649306679       -3.4646965979128517        0.0000000000000000     
  0.96937059658360314       -3.5292373983660754        0.0000000000000000     
   1.4904952035363508       -3.3629557348818540        0.0000000000000000     
   1.9242512667323852       -3.3013881736150110        0.0000000000000000     
   2.3513572487782466       -3.2981427927136773        0.0000000000000000     
   2.6793722214106106       -3.3285238435225790        0.0000000000000000     
  -2.0446040075398093       -2.9048348965282482        0.0000000000000000     
  -1.5489270557779804       -2.9381450696789906        0.0000000000000000     
  -1.0931020550251529       -3.0488570716260015        0.0000000000000000     
 -0.60926391945750313       -2.9098289545896781        0.0000000000000000     
 -0.14501544691238766       -3.0143261003551345        0.0000000000000000     
  0.40877664338768549       -2.9808555815054687        0.0000000000000000     
  0.92434836821976751       -2.9700178684694967        0.0000000000000000     
   1.4266942100327094       -2.9403267565825293        0.0000000000000000     
   1.9090705990220942       -2.9146459504793349        0.0000000000000000     
   2.3795791971563225       -2.9175192936479468        0.0000000000000000     
   2.9165584693632960       -2.9809307502745352        0.0000000000000000     
   3.2617711237788436       -2.9835862322463460        0.0000000000000000     
  -3.1330185686398719       -2.3526084419407760        0.0000000000000000     
  -2.6124077773269048       -2.4523283072275639        0.0000000000000000     
  -2.0655357865713748       -2.4220676288232594        0.0000000000000000     
  -1.6518511188107396       -2.5239435106295911        0.0000000000000000     
  -1.1068852928399313       -2.4818294306197486        0.0000000000000000     
 -0.60688688789107204       -2.4688213600485409        0.0000000000000000     
 -0.10835146369816942       -2.4700624621704170        0.0000000000000000     
  0.39881838621663002       -2.4723085250371430        0.0000000000000000     
  0.90619175096114968       -2.4666115448511254        0.0000000000000000     
   1.4069046139934340       -2.4599558281682814        0.0000000000000000     
   1.9032361739216617       -2.4553818172168014        0.0000000000000000     
   2.3979682139663030       -2.4597897267972018        0.0000000000000000     
   2.8333772126070702       -2.4689683214659111        0.0000000000000000     
   3.3461296227521102       -2.4658195087048491        0.0000000000000000     
  -3.4251695415657890       -1.7859369383316241        0.0000000000000000     
  -3.1022693186429220       -2.0005910797589164        0.0000000000000000     
  -2.6159473000615390       -1.8998866504133411        0.0000000000000000     
  -2.1609635872728350       -2.0080826929083617        0.0000000000000000     
  -1.6175015384807503       -1.9801987820868225        0.0000000000000000     
  -1.1083516609575421       -1.9737421144599541        0.0000000000000000     
 -0.60292673709506273       -1.9670600241617531        0.0000000000000000     
 -0.10183965461215520       -1.9656740476745136        0.0000000000000000     
  0.39952940374170787       -1.9656579441851694        0.0000000000000000     
  0.90100424624595932       -1.9649120153723303        0.0000000000000000     
   1.4016585717145287       -1.9638814124958974        0.0000000000000000     
   1.9021047071080630       -1.9641138524989363        0.0000000000000000     
   2.4037193652106064       -1.9668546835707741        0.0000000000000000     
   2.9694252264592569       -1.9735278183654195        0.0000000000000000     
   3.3431273530883758       -1.9868908571716957        0.0000000000000000     
  -3.4498201886549649       -1.4903606748484997        0.0000000000000000     
  -3.0738530310681389       -1.4607741884421357        0.0000000000000000     
  -2.6099441876209060       -1.4587418777621304        0.0000000000000000     
  -2.1143918616429933       -1.4674027956910969        0.0000000000000000     
  -1.6093321884413319       -1.4708346147272175        0.0000000000000000     
  -1.1032228837644666       -1.4669563029669004        0.0000000000000000     
 -0.60107263609060846       -1.4649888428314990        0.0000000000000000     
 -0.10037482205379457       -1.4642743843990982        0.0000000000000000     
  0.39990729323175794       -1.4641426769672332        0.0000000000000000     
  0.90020873912933086       -1.4640466495008639        0.0000000000000000     
   1.4009003197147138       -1.4640080047967678        0.0000000000000000     
   1.9029927814052403       -1.4649785150945176        0.0000000000000000     
   2.4050812693510979       -1.4704416463032424        0.0000000000000000     
   2.8479097658636068       -1.4763053340498913        0.0000000000000000     
   3.4042164976123455       -1.5053370390968781        0.0000000000000000     
  -3.5792947638408004       -1.0843341559074486        0.0000000000000000     
  -3.1316825116413418      -0.93115363140458229        0.0000000000000000     
  -2.6019866360046944      -0.95897702238740123        0.0000000000000000     
  -2.1035126490562432      -0.96415862522103202        0.0000000000000000     
  -1.6023956202353868      -0.96510555379620444        0.0000000000000000     
  -1.1009886301932372      -0.96463579860881177        0.0000000000000000     
 -0.60027882512617803      -0.96411104851281237        0.0000000000000000     
 -0.10007237879171352      -0.96392528559703872        0.0000000000000000     
  0.40000035458099242      -0.96387599895326859        0.0000000000000000     
  0.90018670989176697      -0.96382821770911686        0.0000000000000000     
   1.4013125182761019      -0.96369219249421234        0.0000000000000000     
   1.9062926350900959      -0.96399399993851054        0.0000000000000000     
   2.4198652148678605      -0.97006307110601409        0.0000000000000000     
   2.9558952470573314       -1.0189716860195397        0.0000000000000000     
   3.3353805315809750      -0.89522210258835511        0.0000000000000000     
  -4.1103778090631851      -0.46967464461874125        0.0000000000000000     
  -3.6070536354633638      -0.47114828384210133        0.0000000000000000     
  -3.0353819673432065      -0.46590430459797089        0.0000000000000000     
  -2.5981934595940923      -0.46430681386188127        0.0000000000000000     
  -2.1012574576067538      -0.46389765860064669        0.0000000000000000     
  -1.6007354403713059      -0.46394067319751547        0.0000000000000000     
  -1.1002678880252654      -0.46393332532979503        0.0000000000000000     
 -0.60007390652853210      -0.46388231221604403        0.0000000000000000     
 -0.10001486016538672      -0.46385345132058775        0.0000000000000000     
  0.40001816188229644      -0.46383942270921241        0.0000000000000000     
  0.90022868981900261      -0.46377619589481323        0.0000000000000000     
   1.4016967509223568      -0.46340421595355186        0.0000000000000000     
   1.9089383550002574      -0.46195544575660769        0.0000000000000000     
   2.4364003060779913      -0.45835479272466939        0.0000000000000000     
   3.0176331178386322      -0.44994803007668455        0.0000000000000000     
   3.3009432390190190      -0.63127387709039873        0.0000000000000000     
  -4.1365792036232545        7.4080784129631955E-002   0.0000000000000000     
  -3.5553588352307846       0.12143898861189562        0.0000000000000000     
  -3.1464248717257952        2.8946005999507651E-003   0.0000000000000000     
  -2.6083914666190489        3.3216065973923826E-002   0.0000000000000000     
  -2.1039565790208825        3.6570102706812289E-002   0.0000000000000000     
  -1.6014004753844147        3.6503553975059465E-002   0.0000000000000000     
  -1.1004157578978575        3.6285903721887017E-002   0.0000000000000000     
 -0.60011370686686460        3.6198544386382363E-002   0.0000000000000000     
 -0.10002931343896374        3.6173242215467624E-002   0.0000000000000000     
  0.40001620644601327        3.6173764308489099E-002   0.0000000000000000     
  0.90023514727471565        3.6253705193827611E-002   0.0000000000000000     
   1.4016070227011694        3.6735215635930858E-002   0.0000000000000000     
   1.9076825267777664        3.9046761827960678E-002   0.0000000000000000     
   2.4261228561258967        4.9155641630365780E-002   0.0000000000000000     
   2.9871391955326181        9.7208895266987075E-002   0.0000000000000000     
  -3.9101694248437866       0.66982820962501066        0.0000000000000000     
  -3.6415355471239388       0.64944509010955009        0.0000000000000000     
  -3.1301929927545014       0.56242804671202551        0.0000000000000000     
  -2.6277283580479791       0.54188678543326585        0.0000000000000000     
  -2.1120792923552765       0.53749891619389367        0.0000000000000000     
  -1.6046297723614282       0.53683961896264731        0.0000000000000000     
  -1.1015755965970286       0.53654441013441634        0.0000000000000000     
 -0.60055700796053513       0.53639916442433133        0.0000000000000000     
 -0.10017570771518200       0.53629196806645707        0.0000000000000000     
  0.39999067138716182       0.53623369600083970        0.0000000000000000     
  0.90023704595039533       0.53635760927853515        0.0000000000000000     
   1.4014883280474586       0.53708264013294726        0.0000000000000000     
   1.9056938123606690       0.53879045025765160        0.0000000000000000     
   2.4134778284594938       0.54104103352035759        0.0000000000000000     
   2.8663194066983149       0.53689773154412213        0.0000000000000000     
   3.4370627965879716       0.47761266847692785        0.0000000000000000     
  -3.5240281732739711        1.0343524340747150        0.0000000000000000     
  -3.2169249826683965        1.0921672727945893        0.0000000000000000     
  -2.6562303559775651        1.0301867953960491        0.0000000000000000     
  -2.1314698013267384        1.0321677979194304        0.0000000000000000     
  -1.6124494076962359        1.0352280862988383        0.0000000000000000     
  -1.1055632452828670        1.0370390582029285        0.0000000000000000     
 -0.60245154758552566        1.0374683528755457        0.0000000000000000     
 -0.10071065227073363        1.0369733831329127        0.0000000000000000     
  0.40002782073274701        1.0365207922861575        0.0000000000000000     
  0.90030907602494537        1.0366891259766002        0.0000000000000000     
   1.4013857315071909        1.0382947890980692        0.0000000000000000     
   1.9072774666347789        1.0428914041363428        0.0000000000000000     
   2.4179698829639884        1.0366272619309054        0.0000000000000000     
   2.9986806310678289       0.98953409737505582        0.0000000000000000     
   3.4316965105519994       0.88569470134865480        0.0000000000000000     
  -3.1357987705751498        1.3718978838590188        0.0000000000000000     
  -2.7624264417427167        1.4887297800022159        0.0000000000000000     
  -2.1532504160859425        1.5080985653936052        0.0000000000000000     
  -1.6278777738832646        1.5272136936924126        0.0000000000000000     
  -1.1172282044132025        1.5389734680303095        0.0000000000000000     
 -0.60813157456884159        1.5428183376798308        0.0000000000000000     
 -0.10088158713049492        1.5392769775780561        0.0000000000000000     
  0.40138067611425482        1.5376696681791784        0.0000000000000000     
  0.90125720262912212        1.5376134165374042        0.0000000000000000     
   1.3999036507485783        1.5405081479860643        0.0000000000000000     
   1.9000769600984684        1.5504324929742885        0.0000000000000000     
   2.4422845530678652        1.5883327325909244        0.0000000000000000     
   2.8669768443686521        1.4674768464244687        0.0000000000000000     
   3.4209738784537325        1.3874605454946447        0.0000000000000000     
  -2.6390687603155305        1.8006626653907551        0.0000000000000000     
  -2.1927481661698240        2.0235465993922785        0.0000000000000000     
  -1.6372966310039252        1.9618528904731238        0.0000000000000000     
  -1.1613238774739023        2.0783496413558362        0.0000000000000000     
 -0.60948321461579325        2.0505431774605749        0.0000000000000000     
  -9.5315372757824146E-002   2.0457108789340022        0.0000000000000000     
  0.41178398239387604        2.0408840057260749        0.0000000000000000     
  0.90819283525834116        2.0405297011067849        0.0000000000000000     
   1.3966875331263002        2.0443247409508758        0.0000000000000000     
   1.8749676191570352        2.0580835897464476        0.0000000000000000     
   2.3019012424652243        2.0696689302442306        0.0000000000000000     
   2.9020226223037362        2.0698250312035711        0.0000000000000000     
   3.4246988451914278        1.9883921981887247        0.0000000000000000     
  -2.1344925283232428        2.4586217750789561        0.0000000000000000     
  -1.6350476562718119        2.5505220743864028        0.0000000000000000     
  -1.0551480103143207        2.4931374646904048        0.0000000000000000     
 -0.62392894017467959        2.5865346984292095        0.0000000000000000     
  -5.7445586105507540E-002   2.5516983701879679        0.0000000000000000     
  0.45597389686785522        2.5478069981061853        0.0000000000000000     
  0.93800520452744673        2.5491858716658666        0.0000000000000000     
   1.3957683044882863        2.5545667484198047        0.0000000000000000     
   1.8289128840015751        2.5660470801290818        0.0000000000000000     
   2.2807767295053383        2.6323428126753292        0.0000000000000000     
   2.6561168109404449        2.6039850978910555        0.0000000000000000     
  -1.5781759376657245        3.0660593492394579        0.0000000000000000     
  -1.0807240438891534        3.0447542954132891        0.0000000000000000     
 -0.49811544930425000        2.9944988121562450        0.0000000000000000     
   4.2327643637882092E-002   3.0789720213683998        0.0000000000000000     
  0.58692089910708722        3.0469066004733123        0.0000000000000000     
   1.0181579370081404        3.0703998202959775        0.0000000000000000     
   1.4066277315274891        3.0873090727087504        0.0000000000000000     
   1.7594532868315647        3.0754319546143400        0.0000000000000000     
   2.0055149063920759        3.0632316399484227        0.0000000000000000     
 -0.98323541111461754        3.5780117547363233        0.0000000000000000     
 -0.58273655926585921        3.5358515010351788        0.0000000000000000     
  -1.4079778729512111       -3.9778237836764907        0.0000000000000000     
  -1.2833586410054776       -3.9999415700492338        0.0000000000000000     
 -0.68212345700486243       -4.0241371027102311        0.0000000000000000     
  -1.7963578424953672       -3.6846498834278267        0.0000000000000000     
  -1.6202102031679149       -3.7777395358017487        0.0000000000000000     
  -1.8020533738059850       -3.5012684879059632        0.0000000000000000     
  -1.3278434842541840       -3.7609743015114212        0.0000000000000000     
  -1.1110192372779717       -3.7006891720170545        0.0000000000000000     
  -1.3431358088188692       -3.4690933429596402        0.0000000000000000     
  -1.0725236592000487       -3.8629833680015153        0.0000000000000000     
 -0.83470754162410277       -3.7260130478721161        0.0000000000000000     
 -0.52483276431421810       -3.7116240945618588        0.0000000000000000     
 -0.84384481433768144       -3.4184439143937237        0.0000000000000000     
 -0.94891437451491378       -3.8542927353302519        0.0000000000000000     
 -0.79527263449463748       -3.8956639571764931        0.0000000000000000     
 -0.96158172386419749       -3.7117920532654609        0.0000000000000000     
 -0.68844538889307239       -3.8451461190797547        0.0000000000000000     
 -0.70165384666533959       -3.7245518919706240        0.0000000000000000     
 -0.95471834212165052       -3.5955268935043314        0.0000000000000000     
 -0.84435956984743188       -3.5882557844847427        0.0000000000000000     
 -0.73140714611722513       -3.6043041276704670        0.0000000000000000     
 -0.35024481273289504       -3.6782997601415208        0.0000000000000000     
 -0.34581430438024074       -3.4665902165897364        0.0000000000000000     
  -1.8189643112296197       -3.2555021488501636        0.0000000000000000     
  -1.5672249851543942       -3.2334075658355137        0.0000000000000000     
  -1.8814031535424125       -2.9770340194815330        0.0000000000000000     
  -1.3616391627460407       -3.2569264976713641        0.0000000000000000     
 -0.82293622447366654       -3.2451141753704125        0.0000000000000000     
 -0.60742104924125462       -3.2245787773454655        0.0000000000000000     
 -0.38139221496213582       -3.2482757159317663        0.0000000000000000     
  -2.7913795385070097       -2.6616436029392583        0.0000000000000000     
  -2.6086148085164789       -2.6619115506485862        0.0000000000000000     
  -2.9041795588172024       -2.4708061956208494        0.0000000000000000     
  -2.3707742130513241       -2.6754287638459044        0.0000000000000000     
  -2.1056377351515874       -2.7401022430700657        0.0000000000000000     
  -2.3610108145780271       -2.4363970445683227        0.0000000000000000     
  -1.8819740940240237       -2.7479369489425940        0.0000000000000000     
   3.1432160640233713       -2.7020329173869988        0.0000000000000000     
   3.3142166384416107       -2.7487261491084709        0.0000000000000000     
   3.1336058437693950       -2.4719944908838936        0.0000000000000000     
  -2.8442916377238783       -2.2356363301178388        0.0000000000000000     
  -2.6183056104212747       -2.2164638485169239        0.0000000000000000     
  -2.3903198121283125       -2.2352384504648373        0.0000000000000000     
   3.1631617715027271       -2.2445884069362614        0.0000000000000000     
   3.3364538076369121       -2.2096470802496464        0.0000000000000000     
   3.1894150418191378       -1.7046686865824949        0.0000000000000000     
   3.4241495489765370       -1.7619290013617239        0.0000000000000000     
   3.1687160452820460       -1.4810638875160538        0.0000000000000000     
   3.5949542406825059       -1.7091410792242516        0.0000000000000000     
   3.5998548135125978       -1.5727058654717248        0.0000000000000000     
  -3.8199559378695418      -0.96018927038920665        0.0000000000000000     
   3.1875209051228777       -1.2492450138400188        0.0000000000000000     
   3.4409735828231485       -1.2487993303763039        0.0000000000000000     
   3.6168782773203003       -1.4211660365924379        0.0000000000000000     
  -4.3199055403843669      -0.64284439263709137        0.0000000000000000     
  -4.1669048489582838      -0.66905947073496108        0.0000000000000000     
  -4.3333987184019103      -0.51072439823227400        0.0000000000000000     
  -3.9080324409135647      -0.75776419353266389        0.0000000000000000     
  -3.5929334511799715      -0.73678005553477421        0.0000000000000000     
  -3.8648728230068716      -0.46931333790769791        0.0000000000000000     
  -3.3761306220223446      -0.69911977270547032        0.0000000000000000     
  -3.3529777146496995      -0.46840749003731835        0.0000000000000000     
  -4.3386921339402438      -0.30403451628888073        0.0000000000000000     
  -4.1040954973816017      -0.23040980840248046        0.0000000000000000     
  -4.3363824916134082      -0.11711219889931657        0.0000000000000000     
  -3.8509809627349445      -0.19887607811282473        0.0000000000000000     
  -3.5823304454349048      -0.20424288914119698        0.0000000000000000     
  -3.8471991312251981        9.9817706623903546E-002   0.0000000000000000     
  -3.3728994976748772      -0.24035468027299792        0.0000000000000000     
  -4.0025187360382022       0.43071773336013736        0.0000000000000000     
  -3.8521632657400602       0.33597710978759154        0.0000000000000000     
   3.2725083959264372       0.30468754418064886        0.0000000000000000     
   3.4216230147504514       0.36083343055560319        0.0000000000000000     
   3.1907456064360193       0.52057760189657276        0.0000000000000000     
   3.2078729850616061       0.71405061332782327        0.0000000000000000     
   3.4425882576964932       0.65992221610396862        0.0000000000000000     
   3.2006899407653546        1.2408534797154340        0.0000000000000000     
   3.4297677056844438        1.1348824763842948        0.0000000000000000     
   3.1656574893160783        1.4551502348641070        0.0000000000000000     
   2.6696522943123151        1.8257923934711089        0.0000000000000000     
   2.8838537897926111        1.7832669968329322        0.0000000000000000     
   2.6259744334324067        2.0641610345652999        0.0000000000000000     
   3.1755772363241443        1.7584123628406489        0.0000000000000000     
   3.4114077775521250        1.6214307192822361        0.0000000000000000     
   3.1238782047205347        2.0047787624907798        0.0000000000000000     
   3.2974531996502896        1.8801574509038288        0.0000000000000000     
   3.4170343922663076        1.8129563063759786        0.0000000000000000     
   3.2803177633194824        2.0033156688613269        0.0000000000000000     
  -1.8583420058004601        2.2908160130412387        0.0000000000000000     
  -1.6294181153995568        2.2811824629834749        0.0000000000000000     
  -1.8724743541021793        2.4659313294058456        0.0000000000000000     
  -1.3937756179966958        2.3088729145121478        0.0000000000000000     
  -1.3582920820786764        2.5200898761346462        0.0000000000000000     
   2.6102763607808424        2.2970751245315548        0.0000000000000000     
   2.7778496800253931        2.3227049308247474        0.0000000000000000     
   3.1159030089752040        2.3036338627762016        0.0000000000000000     
   3.4060411200316354        2.2857443045581851        0.0000000000000000     
   3.0166430811229406        2.1857654779749272        0.0000000000000000     
   3.1291322002685238        2.1650675738598428        0.0000000000000000     
   2.9654772053389182        2.3204883160147585        0.0000000000000000     
   3.2797989537791574        2.1645468542294015        0.0000000000000000     
   3.3934193990828421        2.1314504954647342        0.0000000000000000     
   3.2398285894620349        2.2901586099169395        0.0000000000000000     
   3.3417396143742550        2.2292615569126686        0.0000000000000000     
   3.3988055447589001        2.2195498158716900        0.0000000000000000     
   3.3335508578037434        2.2880395793121346        0.0000000000000000     
   2.8950721415810987        2.5194555512553309        0.0000000000000000     
   3.0814411054835711        2.4451951930617373        0.0000000000000000     
   3.2271544370939651        2.3935282507193878        0.0000000000000000     
   3.3383409076478796        2.3618137492884288        0.0000000000000000     
   3.4216292226175251        2.3435747096782573        0.0000000000000000     
   3.5281387876806782        2.3091324162666367        0.0000000000000000     
   3.4788275976315153        2.0571430540386775        0.0000000000000000     
   3.4709155805527012        2.1301083758722004        0.0000000000000000     
   3.4813778212650957        2.2271214868197196        0.0000000000000000     
   3.5203419814985835        2.2534976392803432        0.0000000000000000     
   3.4622754377507681        2.2848177231812024        0.0000000000000000     
   3.5003424980282638        2.2676911329022391        0.0000000000000000     
   3.5238597281217263        2.2802305796403171        0.0000000000000000     
   3.4986815492737340        2.2919701489770445        0.0000000000000000     
   3.4859680506835633        2.3335342796471124        0.0000000000000000     
   3.5228947550600922        2.3462432247132323        0.0000000000000000     
   3.5015477467367311        2.3157421591661294        0.0000000000000000     
   3.5270582973583320        2.3316679981911363        0.0000000000000000     
  -2.1453423879652314        2.6715933716041467        0.0000000000000000     
  -2.1148079745172454        2.8189648564351018        0.0000000000000000     
  -2.1016049722961108        2.9047173757038594        0.0000000000000000     
  -1.8559413665880191        2.7745559140572458        0.0000000000000000     
  -1.5774759340948787        2.7623292957192565        0.0000000000000000     
  -1.8469256816433648        3.0313625866157312        0.0000000000000000     
  -1.9779902355333601        2.6365255541025125        0.0000000000000000     
  -1.8622773525702081        2.6417710780259243        0.0000000000000000     
  -1.9875730906478508        2.7419624900729564        0.0000000000000000     
  -1.7460611487534701        2.6649467486191303        0.0000000000000000     
  -1.7282909440597451        2.7731392425245831        0.0000000000000000     
  -1.9818020579441840        2.9066113191018599        0.0000000000000000     
  -1.8533317919971932        2.8887616039867434        0.0000000000000000     
  -1.9768005887765447        3.0426098692156405        0.0000000000000000     
  -2.0607040008894724        2.9641706946677813        0.0000000000000000     
  -2.0344386669205652        3.0332074961999558        0.0000000000000000     
  -1.9055948469720696        2.9781947344201329        0.0000000000000000     
  -1.8499216580682802        2.9718013641287220        0.0000000000000000     
  -1.9066511025909001        3.0288141241031292        0.0000000000000000     
  -1.7315594018311395        2.9203518671052970        0.0000000000000000     
  -1.5839001416063643        2.9180540846540990        0.0000000000000000     
  -1.7015067542952991        3.0343982490700880        0.0000000000000000     
  -1.7927680139104722        2.9788298664347361        0.0000000000000000     
  -1.7834954520860462        3.0311361799379335        0.0000000000000000     
  -1.3600307016841999        2.8092717314932214        0.0000000000000000     
  -1.0732791081030113        2.7896323515237591        0.0000000000000000     
  -1.2915801789592389        3.0437772447213858        0.0000000000000000     
  -1.4771943202817874        2.9326716875125700        0.0000000000000000     
  -1.4484353848326099        3.0472662289937924        0.0000000000000000     
 -0.86258334083691557        2.8121395518083889        0.0000000000000000     
 -0.82866295459812378        3.0226729081469421        0.0000000000000000     
  -2.0255866081221527        3.1049727152080306        0.0000000000000000     
  -1.9842816563377297        3.0861831931781474        0.0000000000000000     
  -2.0282935697016233        3.0797449087139510        0.0000000000000000     
  -2.0070731276910942        3.0731101553728113        0.0000000000000000     
  -2.0056643196503350        3.0976490103834187        0.0000000000000000     
  -2.0232358752415562        3.1170299199679823        0.0000000000000000     
  -2.0162150270375512        3.1153266377980762        0.0000000000000000     
  -1.5145734094117780        3.1591017618592288        0.0000000000000000     
  -1.2840813720807138        3.2448833329373281        0.0000000000000000     
  -1.0756534116376002        3.3422853020836216        0.0000000000000000     
  -1.4255637234869396        3.1873879930309039        0.0000000000000000     
 -0.81627924683828468        3.2888654061602955        0.0000000000000000     
 -0.52712772229360361        3.2849606681509482        0.0000000000000000     
 -0.81952534563488677        3.5160639408664083        0.0000000000000000     
 -0.20768414929530749        3.3480703826239631        0.0000000000000000     
 -0.34604221420317149        3.4808798419745877        0.0000000000000000     
 -0.86419005844150198        3.8146508232856116        0.0000000000000000     
 -0.94168916553686099        3.7305089502085353        0.0000000000000000     
 -0.83856398537269561        3.6838135381064774        0.0000000000000000     
 -0.92265310392579891        3.8198076496164668        0.0000000000000000     
 -0.73641729739882689        3.7140451810137836        0.0000000000000000     
 -0.80225981548411618        3.8092561141618755        0.0000000000000000     
  -1.8171756760085596       -4.0157908527390491        0.0000000000000000     
  -1.6422845964782773       -4.1464377722590822        0.0000000000000000     
  -1.4428231616015499       -4.1792348038609024        0.0000000000000000     
  -1.2555973943504328       -4.1322758356282598        0.0000000000000000     
  -1.1081158405233458       -4.0474756872612847        0.0000000000000000     
  -1.0071905796128293       -3.9740471586329775        0.0000000000000000     
 -0.93624940267979884       -3.9555036319711316        0.0000000000000000     
 -0.85606847466224856       -4.0198319288949715        0.0000000000000000     
 -0.70938933747297117       -4.1652321887732437        0.0000000000000000     
 -0.44005601518725346       -4.3426609337038418        0.0000000000000000     
  -3.1720304760370244E-002  -4.4572811555700262        0.0000000000000000     
  0.46018783050986550       -4.4149999533177517        0.0000000000000000     
  0.93086396266158900       -4.1980677323243656        0.0000000000000000     
   1.3063471294368023       -3.8997472853381794        0.0000000000000000     
   1.6078038960308034       -3.6661237996025156        0.0000000000000000     
   1.9262264475313535       -3.5842371775701989        0.0000000000000000     
   2.3275856825062831       -3.6146548810584362        0.0000000000000000     
   2.7832438527477548       -3.6264440502069930        0.0000000000000000     
   3.1907752627538173       -3.4991360470230592        0.0000000000000000     
   3.4564018519419544       -3.2037623163506201        0.0000000000000000     
   3.5596315067699020       -2.8084768590526017        0.0000000000000000     
   3.5559420602104606       -2.4247810096679587        0.0000000000000000     
   3.5326605752492144       -2.1424460751433050        0.0000000000000000     
   3.5553057113809805       -1.9871724002111033        0.0000000000000000     
   3.6345381377202171       -1.9150194904233038        0.0000000000000000     
   3.7306351983295927       -1.8442629243593078        0.0000000000000000     
   3.7897251632803730       -1.7051667898717309        0.0000000000000000     
   3.7814324397173307       -1.4733618408011115        0.0000000000000000     
   3.7108333659202968       -1.1686358542488609        0.0000000000000000     
   3.6063305879412955      -0.83234713488327017        0.0000000000000000     
   3.5021426249403969      -0.50632317733471977        0.0000000000000000     
   3.4271445022550875      -0.22253368506216012        0.0000000000000000     
   3.3999999999999999        0.0000000000000000        0.0000000000000000     
   3.4482076767587833       0.19581934293707298        0.0000000000000000     
   3.5679195725120896       0.30005480445995053        0.0000000000000000     
   3.6986678421003094       0.38067736348461978        0.0000000000000000     
   3.7808820995758077       0.50806857191948729        0.0000000000000000     
   3.7903333611094014       0.71427708155827485        0.0000000000000000     
   3.7438194462444239       0.98124580871641975        0.0000000000000000     
   3.6761310757531662        1.2638583007044066        0.0000000000000000     
   3.6148083381520393        1.5217303028341502        0.0000000000000000     
   3.5714280973467325        1.7347775483491312        0.0000000000000000     
   3.5460959352748751        1.9010653432435707        0.0000000000000000     
   3.5345193443284533        2.0280902035376203        0.0000000000000000     
   3.5323063233205039        2.1255748564867774        0.0000000000000000     
   3.5363391384175937        2.2016267226950852        0.0000000000000000     
   3.5445052602338736        2.2613396432555022        0.0000000000000000     
   3.5546907605237945        2.3069038440683864        0.0000000000000000     
   3.5635619327148005        2.3388940951755242        0.0000000000000000     
   3.5657456530131864        2.3584044326086717        0.0000000000000000     
   3.5541078741895253        2.3690273475278256        0.0000000000000000     
   3.5211769394486718        2.3774034343839561        0.0000000000000000     
   3.4605548923785592        2.3921832978259614        0.0000000000000000     
   3.3668955867007986        2.4228309354738720        0.0000000000000000     
   3.2344989178985837        2.4797395022755668        0.0000000000000000     
   3.0564986755889505        2.5753007393383633        0.0000000000000000     
   2.8273970526740277        2.7232295958332471        0.0000000000000000     
   2.5504103763453454        2.9318597932102302        0.0000000000000000     
   2.2459970203414974        3.1889637728818316        0.0000000000000000     
   1.9493487321296226        3.4463306685325326        0.0000000000000000     
   1.6856362895560915        3.6282263031652593        0.0000000000000000     
   1.4399886265508615        3.6791215345177748        0.0000000000000000     
   1.1652022433498188        3.6145781108316628        0.0000000000000000     
  0.83066062691669984        3.5134114845787190        0.0000000000000000     
  0.45400887320866318        3.4556209475449537        0.0000000000000000     
   8.2342641008365247E-002   3.4752931253067736        0.0000000000000000     
 -0.24302100164807366        3.5624147672531223        0.0000000000000000     
 -0.50162574364911294        3.6870740520538337        0.0000000000000000     
 -0.69011742201205784        3.8159209112979893        0.0000000000000000     
 -0.81593953430402855        3.9170397013450282        0.0000000000000000     
 -0.89547391959122069        3.9630626919694576        0.0000000000000000     
 -0.95256108616830248        3.9385471021439802        0.0000000000000000     
  -1.0119537901207254        3.8474061139680940        0.0000000000000000     
  -1.0897653607314908        3.7118680708021898        0.0000000000000000     
  -1.1886411687206342        3.5616696643313466        0.0000000000000000     
  -1.3010417713239752        3.4216597285123704        0.0000000000000000     
  -1.4163113552243305        3.3057627277723616        0.0000000000000000     
  -1.5258885428399240        3.2179548886698033        0.0000000000000000     
  -1.6249177776833750        3.1562722048570877        0.0000000000000000     
  -1.7115787865650238        3.1164260341279357        0.0000000000000000     
  -1.7858206094345344        3.0938805145357775        0.0000000000000000     
  -1.8483666389174851        3.0846494763481647        0.0000000000000000     
  -1.9001570994573220        3.0853882826722558        0.0000000000000000     
  -1.9421110202557332        3.0931859906674077        0.0000000000000000     
  -1.9750832669755152        3.1052368002624018        0.0000000000000000     
  -1.9999808225388065        3.1184681189186967        0.0000000000000000     
  -2.0180362387775714        3.1292498193068994        0.0000000000000000     
  -2.0311457195198992        3.1333842417678448        0.0000000000000000     
  -2.0420633789616871        3.1264683054792206        0.0000000000000000     
  -2.0543207330888649        3.1043699451738158        0.0000000000000000     
  -2.0720536277900199        3.0632883749455897        0.0000000000000000     
  -2.1001505437945989        2.9990911606204933        0.0000000000000000     
  -2.1449608510996785        2.9062853642086415        0.0000000000000000     
  -2.2152808003190074        2.7776053672549721        0.0000000000000000     
  -2.3226792213109961        2.6055197240309691        0.0000000000000000     
  -2.4794808189441024        2.3869279235326770        0.0000000000000000     
  -2.6923485972606302        2.1312184627614643        0.0000000000000000     
  -2.9514109252683176        1.8679516651719332        0.0000000000000000     
  -3.2219558261819388        1.6437721368664544        0.0000000000000000     
  -3.4538848206670112        1.4974097812632043        0.0000000000000000     
  -3.6153691945350355        1.4217799508681097        0.0000000000000000     
  -3.7234780156044187        1.3524522821772187        0.0000000000000000     
  -3.8311900477054914        1.2092190006119488        0.0000000000000000     
  -3.9794030032712726       0.95438872687365583        0.0000000000000000     
  -4.1669763696309587       0.60978388915976911        0.0000000000000000     
  -4.3599973404300982       0.23009582094725550        0.0000000000000000     
  -4.5149758865667735      -0.12821333090266079        0.0000000000000000     
  -4.5945585392692649      -0.42202814975911873        0.0000000000000000     
  -4.5774199135765397      -0.62846840120614511        0.0000000000000000     
  -4.4671445329637427      -0.75208734740162120        0.0000000000000000     
  -4.2944398096099157      -0.82723881815896694        0.0000000000000000     
  -4.1054145103550779      -0.90699121931655269        0.0000000000000000     
  -3.9405776500564813       -1.0415291144415406        0.0000000000000000     
  -3.8178475615046210       -1.2584907945692223        0.0000000000000000     
  -3.7279234594098756       -1.5539230059384597        0.0000000000000000     
  -3.6415575228496126       -1.8946784865604032        0.0000000000000000     
  -3.5244743122290947       -2.2303484087280663        0.0000000000000000     
  -3.3540134681498803       -2.5115648098120706        0.0000000000000000     
  -3.1298518704972151       -2.7078245291487701        0.0000000000000000     
  -2.8734640591398453       -2.8165526050691425        0.0000000000000000     
  -2.6179824661349804       -2.8602299261708675        0.0000000000000000     
  -2.3953983252020556       -2.8756629575728963        0.0000000000000000     
  -2.2271352395471622       -2.9020569417896653        0.0000000000000000     
  -2.1196862525746631       -2.9718944176267672        0.0000000000000000     
  -2.0639768774534186       -3.1048405047028211        0.0000000000000000     
  -2.0370653287006202       -3.3031978635940371        0.0000000000000000     
  -2.0066246557462062       -3.5485835267754582        0.0000000000000000     
  -1.9399592788271258       -3.8025591134852599        0.0000000000000000     
  -1.1954084581987539       -3.9237396426550526        0.0000000000000000     
     3       4       1     321       1       4
     4      10       1       2       2       4
     9      10       1       3       3       1
     3       9       1     159       4       2
     4       5       2     322       1       4
     5      11       2     323       2       4
    10      11       2       4       3       1
    10      21       3       4       2       4
    20      21       3      12       3       1
     9      20       3     169       4       2
    11      22       4       5       2       4
    21      22       4      13       3       1
    11      12       5     324       1       4
    12      23       5       6       2       4
    22      23       5      14       3       1
    12      13       6     325       1       4
    13      24       6       7       2       4
    23      24       6      15       3       1
    13      14       7     326       1       4
    14      25       7       8       2       4
    24      25       7      16       3       1
    14      15       8     327       1       4
    15      26       8     328       2       4
    25      26       8      17       3       1
    17      18       9     164       1       3
    18      32       9      10       2       4
    31      32       9      19       3       1
    17      31       9     175       4       2
    18      19      10     167       1       3
    19      33      10      11       2       4
    32      33      10      20       3       1
    19      20      11     170       1       3
    20      34      11      12       2       4
    33      34      11      21       3       1
    21      35      12      13       2       4
    34      35      12      22       3       1
    22      36      13      14       2       4
    35      36      13      23       3       1
    23      37      14      15       2       4
    36      37      14      24       3       1
    24      38      15      16       2       4
    37      38      15      25       3       1
    25      39      16      17       2       4
    38      39      16      26       3       1
    26      40      17     178       2       4
    39      40      17      27       3       1
    30      31      18     176       1       3
    31      46      18      19       2       4
    45      46      18      31       3       1
    30      45      18     184       4       2
    32      47      19      20       2       4
    46      47      19      32       3       1
    33      48      20      21       2       4
    47      48      20      33       3       1
    34      49      21      22       2       4
    48      49      21      34       3       1
    35      50      22      23       2       4
    49      50      22      35       3       1
    36      51      23      24       2       4
    50      51      23      36       3       1
    37      52      24      25       2       4
    51      52      24      37       3       1
    38      53      25      26       2       4
    52      53      25      38       3       1
    39      54      26      27       2       4
    53      54      26      39       3       1
    40      55      27     186       2       4
    54      55      27      40       3       1
    42      43      28     426       1       4
    43      58      28      29       2       4
    57      58      28      41       3       1
    42      57      28     425       4      -4
    43      44      29     182       1       3
    44      59      29      30       2       4
    58      59      29      42       3       1
    44      45      30     185       1       3
    45      60      30      31       2       4
    59      60      30      43       3       1
    46      61      31      32       2       4
    60      61      31      44       3       1
    47      62      32      33       2       4
    61      62      32      45       3       1
    48      63      33      34       2       4
    62      63      33      46       3       1
    49      64      34      35       2       4
    63      64      34      47       3       1
    50      65      35      36       2       4
    64      65      35      48       3       1
    51      66      36      37       2       4
    65      66      36      49       3       1
    52      67      37      38       2       4
    66      67      37      50       3       1
    53      68      38      39       2       4
    67      68      38      51       3       1
    54      69      39      40       2       4
    68      69      39      52       3       1
    55      70      40     190       2       4
    69      70      40      53       3       1
    58      73      41      42       2       4
    72      73      41     201       3       1
    57      72      41     424       4      -4
    59      74      42      43       2       4
    73      74      42      54       3       1
    60      75      43      44       2       4
    74      75      43      55       3       1
    61      76      44      45       2       4
    75      76      44      56       3       1
    62      77      45      46       2       4
    76      77      45      57       3       1
    63      78      46      47       2       4
    77      78      46      58       3       1
    64      79      47      48       2       4
    78      79      47      59       3       1
    65      80      48      49       2       4
    79      80      48      60       3       1
    66      81      49      50       2       4
    80      81      49      61       3       1
    67      82      50      51       2       4
    81      82      50      62       3       1
    68      83      51      52       2       4
    82      83      51      63       3       1
    69      84      52      53       2       4
    83      84      52      64       3       1
    70      85      53     193       2       4
    84      85      53      65       3       1
    74      90      54      55       2       4
    89      90      54      67       3       1
    73      89      54     203       4       2
    75      91      55      56       2       4
    90      91      55      68       3       1
    76      92      56      57       2       4
    91      92      56      69       3       1
    77      93      57      58       2       4
    92      93      57      70       3       1
    78      94      58      59       2       4
    93      94      58      71       3       1
    79      95      59      60       2       4
    94      95      59      72       3       1
    80      96      60      61       2       4
    95      96      60      73       3       1
    81      97      61      62       2       4
    96      97      61      74       3       1
    82      98      62      63       2       4
    97      98      62      75       3       1
    83      99      63      64       2       4
    98      99      63      76       3       1
    84     100      64      65       2       4
    99     100      64      77       3       1
    85     101      65      66       2       4
   100     101      65      78       3       1
    85      86      66     195       1       3
    86     102      66     340       2       4
   101     102      66     341       3      -4
    90     106      67      68       2       4
   105     106      67      80       3       1
    89     105      67     211       4       2
    91     107      68      69       2       4
   106     107      68      81       3       1
    92     108      69      70       2       4
   107     108      69      82       3       1
    93     109      70      71       2       4
   108     109      70      83       3       1
    94     110      71      72       2       4
   109     110      71      84       3       1
    95     111      72      73       2       4
   110     111      72      85       3       1
    96     112      73      74       2       4
   111     112      73      86       3       1
    97     113      74      75       2       4
   112     113      74      87       3       1
    98     114      75      76       2       4
   113     114      75      88       3       1
    99     115      76      77       2       4
   114     115      76      89       3       1
   100     116      77      78       2       4
   115     116      77      90       3       1
   101     117      78     342       2       4
   116     117      78      91       3       1
   104     105      79     212       1       3
   105     120      79      80       2       4
   119     120      79      92       3       1
   104     119      79     214       4       2
   106     121      80      81       2       4
   120     121      80      93       3       1
   107     122      81      82       2       4
   121     122      81      94       3       1
   108     123      82      83       2       4
   122     123      82      95       3       1
   109     124      83      84       2       4
   123     124      83      96       3       1
   110     125      84      85       2       4
   124     125      84      97       3       1
   111     126      85      86       2       4
   125     126      85      98       3       1
   112     127      86      87       2       4
   126     127      86      99       3       1
   113     128      87      88       2       4
   127     128      87     100       3       1
   114     129      88      89       2       4
   128     129      88     101       3       1
   115     130      89      90       2       4
   129     130      89     102       3       1
   116     131      90      91       2       4
   130     131      90     103       3       1
   117     132      91     216       2       4
   131     132      91     104       3       1
   120     135      92      93       2       4
   134     135      92     411       3      -4
   119     134      92     412       4      -4
   121     136      93      94       2       4
   135     136      93     105       3       1
   122     137      94      95       2       4
   136     137      94     106       3       1
   123     138      95      96       2       4
   137     138      95     107       3       1
   124     139      96      97       2       4
   138     139      96     108       3       1
   125     140      97      98       2       4
   139     140      97     109       3       1
   126     141      98      99       2       4
   140     141      98     110       3       1
   127     142      99     100       2       4
   141     142      99     111       3       1
   128     143     100     101       2       4
   142     143     100     112       3       1
   129     144     101     102       2       4
   143     144     101     113       3       1
   130     145     102     103       2       4
   144     145     102     114       3       1
   131     146     103     104       2       4
   145     146     103     115       3       1
   132     147     104     218       2       4
   146     147     104     116       3       1
   136     150     105     106       2       4
   149     150     105     409       3      -4
   135     149     105     410       4      -4
   137     151     106     107       2       4
   150     151     106     117       3       1
   138     152     107     108       2       4
   151     152     107     118       3       1
   139     153     108     109       2       4
   152     153     108     119       3       1
   140     154     109     110       2       4
   153     154     109     120       3       1
   141     155     110     111       2       4
   154     155     110     121       3       1
   142     156     111     112       2       4
   155     156     111     122       3       1
   143     157     112     113       2       4
   156     157     112     123       3       1
   144     158     113     114       2       4
   157     158     113     124       3       1
   145     159     114     115       2       4
   158     159     114     125       3       1
   146     160     115     116       2       4
   159     160     115     126       3       1
   147     161     116     222       2       4
   160     161     116     224       3       1
   151     164     117     118       2       4
   163     164     117     407       3      -4
   150     163     117     408       4      -4
   152     165     118     119       2       4
   164     165     118     233       3       1
   153     166     119     120       2       4
   165     166     119     236       3       1
   154     167     120     121       2       4
   166     167     120     127       3       1
   155     168     121     122       2       4
   167     168     121     128       3       1
   156     169     122     123       2       4
   168     169     122     129       3       1
   157     170     123     124       2       4
   169     170     123     130       3       1
   158     171     124     125       2       4
   170     171     124     131       3       1
   159     172     125     126       2       4
   171     172     125     132       3       1
   160     173     126     225       2       4
   172     173     126     133       3       1
   167     179     127     128       2       4
   178     179     127     291       3       1
   166     178     127     238       4       2
   168     180     128     129       2       4
   179     180     128     134       3       1
   169     181     129     130       2       4
   180     181     129     135       3       1
   170     182     130     131       2       4
   181     182     130     136       3       1
   171     183     131     132       2       4
   182     183     131     137       3       1
   172     184     132     133       2       4
   183     184     132     138       3       1
   173     185     133     239       2       4
   184     185     133     139       3       1
   180     190     134     135       2       4
   189     190     134     305       3       1
   179     189     134     293       4       2
   181     191     135     136       2       4
   190     191     135     374       3      -4
   182     192     136     137       2       4
   191     192     136     373       3      -4
   183     193     137     138       2       4
   192     193     137     372       3      -4
   184     194     138     139       2       4
   193     194     138     371       3      -4
   185     195     139     369       2       4
   194     195     139     370       3      -4
   201     202     140     438       1       4
   202       6     140     142       2       4
   203       6     140     160       3       1
   201     203     140     437       4      -4
     1     198     141     312       1       4
   198     204     141     144       2       4
   202     204     141     142       3       1
     1     202     141     311       4      -4
   204     206     142     143       2       4
     6     206     142     162       3       1
   204     205     143     145       1       3
   205       7     143     151       2       4
   206       7     143     163       3       1
   198     199     144     313       1       4
   199     503     144     314       2       4
   204     503     144     145       3      -4
   503     207     145     315       1       4
   207     205     145     146       2       4
   207     211     146     316       1       4
   211     213     146     147       2       4
   205     213     146     151       3       1
   211     212     147     317       1       4
   212     208     147     149       2       4
   213     208     147     152       3       1
   200       2     148     319       1       4
     2     214     148     150       2      -1
   212     214     148     149       3       1
   200     212     148     318       4      -4
   214     215     149     150       2       4
   208     215     149     154       3       1
     2     209     150     157       2       4
   215     209     150     155       3       1
   213     216     151     152       2       4
     7     216     151     153       3      -4
   208     217     152     154       2       4
   216     217     152     153       3       1
   217     210     153     156       2       4
     7     210     153     165       3       1
   215     218     154     155       2       4
   217     218     154     156       3       1
   209       8     155     158       2       4
   218       8     155     156       3       2
   210       8     156     166       3       1
     2       3     157     320       1       4
     3     219     157     159       2      -1
   209     219     157     158       3       1
   219     220     158     159       2       4
     8     220     158     168       3       1
   220       9     159     169       3       1
     6     222     160     162       2       4
   221     222     160     161       3       1
   203     221     160     436       4      -4
   222      17     161     164       2       4
   223      17     161     175       3       1
   221     223     161     435       4      -4
   206     224     162     163       2       4
   222     224     162     164       3       1
     7      18     163     165       2       4
   224      18     163     164       3       2
   210     225     165     166       2       4
    18     225     165     167       3      -4
     8     226     166     168       2       4
   225     226     166     167       3       1
   226      19     167     170       2       4
   220     227     168     169       2       4
   226     227     168     170       3       1
   227      20     169     170       3       2
   228     229     171     430       1       4
   229      29     171     172       2       4
   230      29     171     181       3       1
   228     230     171     429       4      -4
   229     231     172     431       1       4
   231     233     172     173       2       4
    29     233     172     183       3       1
   231     232     173     432       1       4
   232      30     173     176       2       4
   233      30     173     184       3       1
    16     223     174     434       1       4
   223     234     174     175       2       4
   232     234     174     176       3       1
    16     232     174     433       4      -4
   234      31     175     176       3       2
    26      27     177     329       1       4
    27     236     177     330       2       4
   235     236     177     179       3       1
    26     235     177     178       4       1
   235     237     178     179       2       4
    40     237     178     186       3       1
   236      41     179     331       2       4
   237      41     179     187       3       1
    28     230     180     428       1       4
   230     238     180     181       2       4
    43     238     180     182       3      -4
    28      43     180     427       4      -4
    29     239     181     183       2       4
   238     239     181     182       3       1
   239      44     182     185       2       4
   233     240     183     184       2       4
   239     240     183     185       3       1
   240      45     184     185       3       2
   237     241     186     187       2       4
    55     241     186     188       3      -4
    41     242     187     332       2       4
   241     242     187     188       3       1
   242      56     188     333       2       4
    55      56     188     189       3       1
    56     244     189     334       2       4
   243     244     189     191       3       1
    55     243     189     190       4       1
   243     245     190     191       2       4
    70     245     190     193       3       1
   244      71     191     192       2       4
   245      71     191     194       3       1
   244     246     192     335       1       4
   246     247     192     336       2       4
    71     247     192     196       3       1
   245     249     193     194       2       4
    85     249     193     195       3      -4
    71     250     194     196       2       4
   249     250     194     195       3       1
   250      86     195     339       2       4
   247     251     196     337       2       4
   250     251     196     338       3      -4
   252     253     197     420       1       4
   253      87     197     199       2       4
   254      87     197     204       3       1
   252     254     197     419       4      -4
   248      72     198     423       1       4
    72     256     198     201       2       4
   255     256     198     200       3       1
   248     255     198     422       4      -4
   253     255     199     421       1       4
   255     257     199     200       2       4
    87     257     199     206       3       1
   256      88     200     202       2       4
   257      88     200     207       3       1
    73     258     201     203       2      -1
   256     258     201     202       3       1
   258     259     202     203       2       4
    88     259     202     210       3       1
   259      89     203     211       3       1
    87     261     204     206       2       4
   260     261     204     205       3       1
   254     260     204     418       4      -4
   261     103     205     208       2       4
   262     103     205     416       3      -4
   260     262     205     417       4      -4
   257     263     206     207       2       4
   261     263     206     208       3       1
    88     264     207     210       2       4
   263     264     207     209       3       1
   263     265     208     209       2       4
   103     265     208     213       3       1
   264     104     209     212       2       4
   265     104     209     214       3       1
   259     266     210     211       2       4
   264     266     210     212       3       1
   266     105     211     212       3       2
   265     268     213     214       2       4
   267     268     213     215       3       1
   103     267     213     415       4      -4
   268     119     214     215       3       2
   118     119     215     413       3      -4
   267     118     215     414       4      -4
   117     269     216     343       1       4
   269     271     216     217       2       4
   132     271     216     218       3       1
   269     270     217     344       1       4
   270     133     217     345       2       4
   271     133     217     219       3       1
   271     272     218     219       2       4
   147     272     218     220       3      -4
   133     273     219     346       2       4
   272     273     219     220       3       1
   273     148     220     347       2       4
   147     148     220     221       3       1
   148     275     221     348       2       4
   274     275     221     223       3       1
   147     274     221     222       4       1
   274     276     222     223       2       4
   161     276     222     227       3       1
   275     162     223     349       2       4
   276     162     223     228       3       1
   161     278     224     227       2       4
   277     278     224     226       3       1
   160     277     224     225       4       1
   277     279     225     226       2       4
   173     279     225     239       3       1
   278     174     226     229       2       4
   279     174     226     240       3       1
   276     280     227     228       2       4
   278     280     227     229       3       1
   162     281     228     350       2       4
   280     281     228     230       3       1
   280     282     229     231       2       4
   174     282     229     242       3       1
   281     284     230     351       2       4
   283     284     230     232       3       1
   280     283     230     231       4       1
   283     285     231     232       2       4
   282     285     231     245       3       1
   284     175     232     352       2       4
   285     175     232     246       3       1
   165     287     233     236       2       4
   286     287     233     235       3       1
   164     286     233     234       4       1
   286     288     234     235       2       4
   176     288     234     266       3       1
   164     176     234     406       4      -4
   287     177     235     237       2       4
   288     177     235     269       3       1
   166     289     236     238       2      -1
   287     289     236     237       3       1
   289     290     237     238       2       4
   177     290     237     285       3       1
   290     178     238     286       3       1
   279     291     239     240       2       4
   185     291     239     241       3      -4
   174     292     240     243       2       4
   291     292     240     241       3       1
   292     186     241     251       2       4
   185     186     241     368       3      -4
   282     296     242     245       2       4
   295     296     242     244       3       1
   174     295     242     243       4       1
   295     297     243     244       2       4
   292     297     243     251       3       1
   296     293     244     247       2       4
   297     293     244     252       3       1
   285     298     245     246       2       4
   296     298     245     247       3       1
   175     299     246     256       2       4
   298     299     246     248       3       1
   298     300     247     249       2       4
   293     300     247     253       3       1
   299     302     248     257       2       4
   301     302     248     250       3       1
   298     301     248     249       4       1
   301     303     249     250       2       4
   300     303     249     254       3       1
   302     294     250     258       2       4
   303     294     250     255       3       1
   297     304     251     252       2       4
   186     304     251     367       3      -4
   293     305     252     253       2       4
   304     305     252     366       3      -4
   300     306     253     254       2       4
   305     306     253     365       3      -4
   303     307     254     255       2       4
   306     307     254     364       3      -4
   294     308     255     262       2       4
   307     308     255     363       3      -4
   175     310     256     353       1       4
   310     311     256     354       2       4
   299     311     256     257       3       1
   311     312     257     355       2       4
   302     312     257     258       3       1
   312     314     258     260       2       4
   294     314     258     262       3       1
   312     313     259     356       1       4
   313     316     259     357       2       4
   315     316     259     261       3       1
   312     315     259     260       4       1
   315     317     260     261       2       4
   314     317     260     263       3       1
   316     309     261     358       2       4
   317     309     261     264       3       1
   314     318     262     263       2       4
   308     318     262     362       3      -4
   317     320     263     264       2       4
   318     320     263     265       3      -4
   309     321     264     359       2       4
   320     321     264     265       3       1
   321     319     265     360       2       4
   318     319     265     361       3      -4
   288     329     266     269       2       4
   328     329     266     268       3       1
   176     328     266     267       4       1
   328     330     267     268       2       4
   322     330     267     272       3       1
   176     322     267     405       4      -4
   329     325     268     270       2       4
   330     325     268     273       3       1
   177     331     269     271       2      -1
   329     331     269     270       3       1
   331     332     270     271       2       4
   325     332     270     279       3       1
   177     326     271     285       2       4
   332     326     271     280       3       1
   330     333     272     273       2       4
   323     333     272     274       3       1
   322     323     272     404       4      -4
   325     334     273     279       2       4
   333     334     273     276       3       1
   333     336     274     275       2      -1
   324     336     274     402       3      -4
   323     324     274     403       4      -4
   333     335     275     277       2       4
   337     335     275     294       3       1
   336     337     275     401       4      -4
   334     339     276     282       2       4
   338     339     276     278       3       1
   333     338     276     277       4       1
   338     340     277     278       2       4
   335     340     277     393       3      -4
   339     327     278     283       2       4
   340     327     278     392       3      -4
   332     341     279     280       2       4
   334     341     279     282       3       1
   326     342     280     288       2       4
   341     342     280     281       3       1
   342     187     281     289       2       4
   343     187     281     389       3      -4
   341     343     281     284       4       2
   341     344     282     284       2      -1
   339     344     282     283       3       1
   344     345     283     284       2       4
   327     345     283     391       3      -4
   345     343     284     390       3      -4
   290     346     285     286       2       4
   326     346     285     288       3       1
   178     347     286     291       2       4
   346     347     286     287       3       1
   347     188     287     292       2       4
   348     188     287     298       3       1
   346     348     287     290       4       2
   346     349     288     290       2      -1
   342     349     288     289       3       1
   349     350     289     290       2       4
   187     350     289     299       3       1
   350     348     290     300       3       1
   179     351     291     293       2      -1
   347     351     291     292       3       1
   351     352     292     293       2       4
   188     352     292     301       3       1
   352     189     293     302       3       1
   335     356     294     296       2      -1
   355     356     294     295       3       1
   337     355     294     400       4      -4
   356     357     295     296       2       4
   353     357     295     297       3       1
   355     353     295     399       4      -4
   335     354     296     394       2       4
   357     354     296     395       3      -4
   357     359     297     396       2       4
   358     359     297     397       3      -4
   353     358     297     398       4      -4
   188     362     298     301       2       4
   361     362     298     385       3      -4
   348     361     298     300       4       2
   350     363     299     300       2       4
   360     363     299     387       3      -4
   187     360     299     388       4      -4
   363     361     300     386       3      -4
   352     364     301     302       2       4
   362     364     301     303       3       1
   189     365     302     305       2       4
   364     365     302     304       3       1
   364     366     303     304       2       4
   196     366     303     307       3       1
   362     196     303     384       4      -4
   365     197     304     306       2       4
   366     197     304     309       3       1
   190     367     305     375       2       4
   365     367     305     306       3       1
   367     368     306     376       2       4
   197     368     306     377       3      -4
   366     371     307     309       2       4
   370     371     307     308       3       1
   196     370     307     383       4      -4
   371     369     308     310       2       4
   372     369     308     381       3      -4
   370     372     308     382       4      -4
   197     373     309     378       2       4
   371     373     309     310       3       1
   373     374     310     379       2       4
   369     374     310     380       3      -4
   202     375     311     438       1       3
   375     376     311       0       2       0
     1     376     311     312       3       1
   376     377     312       0       2       0
   198     377     312     313       3       1
   377     378     313       0       2       0
   199     378     313     314       3       1
   378     379     314       0       2       0
   503     379     314     315       3       1
   379     380     315       0       2       0
   207     380     315     316       3       1
   380     381     316       0       2       0
   211     381     316     317       3       1
   381     382     317       0       2       0
   212     382     317     318       3       1
   382     383     318       0       2       0
   200     383     318     319       3       1
   383     384     319       0       2       0
     2     384     319     320       3       1
   384     385     320       0       2       0
     3     385     320     321       3       1
   385     386     321       0       2       0
     4     386     321     322       3       1
   386     387     322       0       2       0
     5     387     322     323       3       1
   387     388     323       0       2       0
    11     388     323     324       3       1
   388     389     324       0       2       0
    12     389     324     325       3       1
   389     390     325       0       2       0
    13     390     325     326       3       1
   390     391     326       0       2       0
    14     391     326     327       3       1
   391     392     327       0       2       0
    15     392     327     328       3       1
   392     393     328       0       2       0
    26     393     328     329       3       1
   393     394     329       0       2       0
    27     394     329     330       3       1
   394     395     330       0       2       0
   236     395     330     331       3       1
   395     396     331       0       2       0
    41     396     331     332       3       1
   396     397     332       0       2       0
   242     397     332     333       3       1
   397     398     333       0       2       0
    56     398     333     334       3       1
   398     399     334       0       2       0
   244     399     334     335       3       1
   399     400     335       0       2       0
   246     400     335     336       3       1
   400     401     336       0       2       0
   247     401     336     337       3       1
   401     402     337       0       2       0
   251     402     337     338       3       1
   402     403     338       0       2       0
   250     403     338     339       3       1
   403     404     339       0       2       0
    86     404     339     340       3       1
   404     405     340       0       2       0
   102     405     340     341       3       1
   405     406     341       0       2       0
   101     406     341     342       3       1
   406     407     342       0       2       0
   117     407     342     343       3       1
   407     408     343       0       2       0
   269     408     343     344       3       1
   408     409     344       0       2       0
   270     409     344     345       3       1
   409     410     345       0       2       0
   133     410     345     346       3       1
   410     411     346       0       2       0
   273     411     346     347       3       1
   411     412     347       0       2       0
   148     412     347     348       3       1
   412     413     348       0       2       0
   275     413     348     349       3       1
   413     414     349       0       2       0
   162     414     349     350       3       1
   414     415     350       0       2       0
   281     415     350     351       3       1
   415     416     351       0       2       0
   284     416     351     352       3       1
   416     417     352       0       2       0
   175     417     352     353       3       1
   417     418     353       0       2       0
   310     418     353     354       3       1
   418     419     354       0       2       0
   311     419     354     355       3       1
   419     420     355       0       2       0
   312     420     355     356       3       1
   420     421     356       0       2       0
   313     421     356     357       3       1
   421     422     357       0       2       0
   316     422     357     358       3       1
   422     423     358       0       2       0
   309     423     358     359       3       1
   423     424     359       0       2       0
   321     424     359     360       3       1
   424     425     360       0       2       0
   319     425     360     361       3       1
   425     426     361       0       2       0
   318     426     361     362       3       1
   426     427     362       0       2       0
   308     427     362     363       3       1
   427     428     363       0       2       0
   307     428     363     364       3       1
   428     429     364       0       2       0
   306     429     364     365       3       1
   429     430     365       0       2       0
   305     430     365     366       3       1
   430     431     366       0       2       0
   304     431     366     367       3       1
   431     432     367       0       2       0
   186     432     367     368       3       1
   432     433     368       0       2       0
   185     433     368     369       3       1
   433     434     369       0       2       0
   195     434     369     370       3       1
   434     435     370       0       2       0
   194     435     370     371       3       1
   435     436     371       0       2       0
   193     436     371     372       3       1
   436     437     372       0       2       0
   192     437     372     373       3       1
   437     438     373       0       2       0
   191     438     373     374       3       1
   438     439     374       0       2       0
   190     439     374     375       3       1
   439     440     375       0       2       0
   367     440     375     376       3       1
   440     441     376       0       2       0
   368     441     376     377       3       1
   441     442     377       0       2       0
   197     442     377     378       3       1
   442     443     378       0       2       0
   373     443     378     379       3       1
   443     444     379       0       2       0
   374     444     379     380       3       1
   444     445     380       0       2       0
   369     445     380     381       3       1
   445     446     381       0       2       0
   372     446     381     382       3       1
   446     447     382       0       2       0
   370     447     382     383       3       1
   447     448     383       0       2       0
   196     448     383     384       3       1
   448     449     384       0       2       0
   362     449     384     385       3       1
   449     450     385       0       2       0
   361     450     385     386       3       1
   450     451     386       0       2       0
   363     451     386     387       3       1
   451     452     387       0       2       0
   360     452     387     388       3       1
   452     453     388       0       2       0
   187     453     388     389       3       1
   453     454     389       0       2       0
   343     454     389     390       3       1
   454     455     390       0       2       0
   345     455     390     391       3       1
   455     456     391       0       2       0
   327     456     391     392       3       1
   456     457     392       0       2       0
   340     457     392     393       3       1
   457     458     393       0       2       0
   335     458     393     394       3       1
   458     459     394       0       2       0
   354     459     394     395       3       1
   459     460     395       0       2       0
   357     460     395     396       3       1
   460     461     396       0       2       0
   359     461     396     397       3       1
   461     462     397       0       2       0
   358     462     397     398       3       1
   462     463     398       0       2       0
   353     463     398     399       3       1
   463     464     399       0       2       0
   355     464     399     400       3       1
   464     465     400       0       2       0
   337     465     400     401       3       1
   465     466     401       0       2       0
   336     466     401     402       3       1
   466     467     402       0       2       0
   324     467     402     403       3       1
   467     468     403       0       2       0
   323     468     403     404       3       1
   468     469     404       0       2       0
   322     469     404     405       3       1
   469     470     405       0       2       0
   176     470     405     406       3       1
   470     471     406       0       2       0
   164     471     406     407       3       1
   471     472     407       0       2       0
   163     472     407     408       3       1
   472     473     408       0       2       0
   150     473     408     409       3       1
   473     474     409       0       2       0
   149     474     409     410       3       1
   474     475     410       0       2       0
   135     475     410     411       3       1
   475     476     411       0       2       0
   134     476     411     412       3       1
   476     477     412       0       2       0
   119     477     412     413       3       1
   477     478     413       0       2       0
   118     478     413     414       3       1
   478     479     414       0       2       0
   267     479     414     415       3       1
   479     480     415       0       2       0
   103     480     415     416       3       1
   480     481     416       0       2       0
   262     481     416     417       3       1
   481     482     417       0       2       0
   260     482     417     418       3       1
   482     483     418       0       2       0
   254     483     418     419       3       1
   483     484     419       0       2       0
   252     484     419     420       3       1
   484     485     420       0       2       0
   253     485     420     421       3       1
   485     486     421       0       2       0
   255     486     421     422       3       1
   486     487     422       0       2       0
   248     487     422     423       3       1
   487     488     423       0       2       0
    72     488     423     424       3       1
   488     489     424       0       2       0
    57     489     424     425       3       1
   489     490     425       0       2       0
    42     490     425     426       3       1
   490     491     426       0       2       0
    43     491     426     427       3       1
   491     492     427       0       2       0
    28     492     427     428       3       1
   492     493     428       0       2       0
   230     493     428     429       3       1
   493     494     429       0       2       0
   228     494     429     430       3       1
   494     495     430       0       2       0
   229     495     430     431       3       1
   495     496     431       0       2       0
   231     496     431     432       3       1
   496     497     432       0       2       0
   232     497     432     433       3       1
   497     498     433       0       2       0
    16     498     433     434       3       1
   498     499     434       0       2       0
   223     499     434     435       3       1
   499     500     435       0       2       0
   221     500     435     436       3       1
   500     501     436       0       2       0
   203     501     436     437       3       1
   501     502     437       0       2       0
   201     502     437     438       3       1
   502     375     438       0       2       0
           3           4          10           9
           0           0           0           0
 --- --- --- --- 
           4           5          11          10
           0           0           0           0
 --- --- --- --- 
           9          10          21          20
           0           0           0           0
 --- --- --- --- 
          10          11          22          21
           0           0           0           0
 --- --- --- --- 
          11          12          23          22
           0           0           0           0
 --- --- --- --- 
          12          13          24          23
           0           0           0           0
 --- --- --- --- 
          13          14          25          24
           0           0           0           0
 --- --- --- --- 
          14          15          26          25
           0           0           0           0
 --- --- --- --- 
          17          18          32          31
           0           0           0           0
 --- --- --- --- 
          18          19          33          32
           0           0           0           0
 --- --- --- --- 
          19          20          34          33
           0           0           0           0
 --- --- --- --- 
          20          21          35          34
           0           0           0           0
 --- --- --- --- 
          21          22          36          35
           0           0           0           0
 --- --- --- --- 
          22          23          37          36
           0           0           0           0
 --- --- --- --- 
          23          24          38          37
           0           0           0           0
 --- --- --- --- 
          24          25          39          38
           0           0           0           0
 --- --- --- --- 
          25          26          40          39
           0           0           0           0
 --- --- --- --- 
          30          31          46          45
           0           0           0           0
 --- --- --- --- 
          31          32          47          46
           0           0           0           0
 --- --- --- --- 
          32          33          48          47
           0           0           0           0
 --- --- --- --- 
          33          34          49          48
           0           0           0           0
 --- --- --- --- 
          34          35          50          49
           0           0           0           0
 --- --- --- --- 
          35          36          51          50
           0           0           0           0
 --- --- --- --- 
          36          37          52          51
           0           0           0           0
 --- --- --- --- 
          37          38          53          52
           0           0           0           0
 --- --- --- --- 
          38          39          54          53
           0           0           0           0
 --- --- --- --- 
          39          40          55          54
           0           0           0           0
 --- --- --- --- 
          42          43          58          57
           0           0           0           0
 --- --- --- --- 
          43          44          59          58
           0           0           0           0
 --- --- --- --- 
          44          45          60          59
           0           0           0           0
 --- --- --- --- 
          45          46          61          60
           0           0           0           0
 --- --- --- --- 
          46          47          62          61
           0           0           0           0
 --- --- --- --- 
          47          48          63          62
           0           0           0           0
 --- --- --- --- 
          48          49          64          63
           0           0           0           0
 --- --- --- --- 
          49          50          65          64
           0           0           0           0
 --- --- --- --- 
          50          51          66          65
           0           0           0           0
 --- --- --- --- 
          51          52          67          66
           0           0           0           0
 --- --- --- --- 
          52          53          68          67
           0           0           0           0
 --- --- --- --- 
          53          54          69          68
           0           0           0           0
 --- --- --- --- 
          54          55          70          69
           0           0           0           0
 --- --- --- --- 
          57          58          73          72
           0           0           0           0
 --- --- --- --- 
          58          59          74          73
           0           0           0           0
 --- --- --- --- 
          59          60          75          74
           0           0           0           0
 --- --- --- --- 
          60          61          76          75
           0           0           0           0
 --- --- --- --- 
          61          62          77          76
           0           0           0           0
 --- --- --- --- 
          62          63          78          77
           0           0           0           0
 --- --- --- --- 
          63          64          79          78
           0           0           0           0
 --- --- --- --- 
          64          65          80          79
           0           0           0           0
 --- --- --- --- 
          65          66          81          80
           0           0           0           0
 --- --- --- --- 
          66          67          82          81
           0           0           0           0
 --- --- --- --- 
          67          68          83          82
           0           0           0           0
 --- --- --- --- 
          68          69          84          83
           0           0           0           0
 --- --- --- --- 
          69          70          85          84
           0           0           0           0
 --- --- --- --- 
          73          74          90          89
           0           0           0           0
 --- --- --- --- 
          74          75          91          90
           0           0           0           0
 --- --- --- --- 
          75          76          92          91
           0           0           0           0
 --- --- --- --- 
          76          77          93          92
           0           0           0           0
 --- --- --- --- 
          77          78          94          93
           0           0           0           0
 --- --- --- --- 
          78          79          95          94
           0           0           0           0
 --- --- --- --- 
          79          80          96          95
           0           0           0           0
 --- --- --- --- 
          80          81          97          96
           0           0           0           0
 --- --- --- --- 
          81          82          98          97
           0           0           0           0
 --- --- --- --- 
          82          83          99          98
           0           0           0           0
 --- --- --- --- 
          83          84         100          99
           0           0           0           0
 --- --- --- --- 
          84          85         101         100
           0           0           0           0
 --- --- --- --- 
          85          86         102         101
           0           0           0           0
 --- --- --- --- 
          89          90         106         105
           0           0           0           0
 --- --- --- --- 
          90          91         107         106
           0           0           0           0
 --- --- --- --- 
          91          92         108         107
           0           0           0           0
 --- --- --- --- 
          92          93         109         108
           0           0           0           0
 --- --- --- --- 
          93          94         110         109
           0           0           0           0
 --- --- --- --- 
          94          95         111         110
           0           0           0           0
 --- --- --- --- 
          95          96         112         111
           0           0           0           0
 --- --- --- --- 
          96          97         113         112
           0           0           0           0
 --- --- --- --- 
          97          98         114         113
           0           0           0           0
 --- --- --- --- 
          98          99         115         114
           0           0           0           0
 --- --- --- --- 
          99         100         116         115
           0           0           0           0
 --- --- --- --- 
         100         101         117         116
           0           0           0           0
 --- --- --- --- 
         104         105         120         119
           0           0           0           0
 --- --- --- --- 
         105         106         121         120
           0           0           0           0
 --- --- --- --- 
         106         107         122         121
           0           0           0           0
 --- --- --- --- 
         107         108         123         122
           0           0           0           0
 --- --- --- --- 
         108         109         124         123
           0           0           0           0
 --- --- --- --- 
         109         110         125         124
           0           0           0           0
 --- --- --- --- 
         110         111         126         125
           0           0           0           0
 --- --- --- --- 
         111         112         127         126
           0           0           0           0
 --- --- --- --- 
         112         113         128         127
           0           0           0           0
 --- --- --- --- 
         113         114         129         128
           0           0           0           0
 --- --- --- --- 
         114         115         130         129
           0           0           0           0
 --- --- --- --- 
         115         116         131         130
           0           0           0           0
 --- --- --- --- 
         116         117         132         131
           0           0           0           0
 --- --- --- --- 
         119         120         135         134
           0           0           0           0
 --- --- --- --- 
         120         121         136         135
           0           0           0           0
 --- --- --- --- 
         121         122         137         136
           0           0           0           0
 --- --- --- --- 
         122         123         138         137
           0           0           0           0
 --- --- --- --- 
         123         124         139         138
           0           0           0           0
 --- --- --- --- 
         124         125         140         139
           0           0           0           0
 --- --- --- --- 
         125         126         141         140
           0           0           0           0
 --- --- --- --- 
         126         127         142         141
           0           0           0           0
 --- --- --- --- 
         127         128         143         142
           0           0           0           0
 --- --- --- --- 
         128         129         144         143
           0           0           0           0
 --- --- --- --- 
         129         130         145         144
           0           0           0           0
 --- --- --- --- 
         130         131         146         145
           0           0           0           0
 --- --- --- --- 
         131         132         147         146
           0           0           0           0
 --- --- --- --- 
         135         136         150         149
           0           0           0           0
 --- --- --- --- 
         136         137         151         150
           0           0           0           0
 --- --- --- --- 
         137         138         152         151
           0           0           0           0
 --- --- --- --- 
         138         139         153         152
           0           0           0           0
 --- --- --- --- 
         139         140         154         153
           0           0           0           0
 --- --- --- --- 
         140         141         155         154
           0           0           0           0
 --- --- --- --- 
         141         142         156         155
           0           0           0           0
 --- --- --- --- 
         142         143         157         156
           0           0           0           0
 --- --- --- --- 
         143         144         158         157
           0           0           0           0
 --- --- --- --- 
         144         145         159         158
           0           0           0           0
 --- --- --- --- 
         145         146         160         159
           0           0           0           0
 --- --- --- --- 
         146         147         161         160
           0           0           0           0
 --- --- --- --- 
         150         151         164         163
           0           0           0           0
 --- --- --- --- 
         151         152         165         164
           0           0           0           0
 --- --- --- --- 
         152         153         166         165
           0           0           0           0
 --- --- --- --- 
         153         154         167         166
           0           0           0           0
 --- --- --- --- 
         154         155         168         167
           0           0           0           0
 --- --- --- --- 
         155         156         169         168
           0           0           0           0
 --- --- --- --- 
         156         157         170         169
           0           0           0           0
 --- --- --- --- 
         157         158         171         170
           0           0           0           0
 --- --- --- --- 
         158         159         172         171
           0           0           0           0
 --- --- --- --- 
         159         160         173         172
           0           0           0           0
 --- --- --- --- 
         166         167         179         178
           0           0           0           0
 --- --- --- --- 
         167         168         180         179
           0           0           0           0
 --- --- --- --- 
         168         169         181         180
           0           0           0           0
 --- --- --- --- 
         169         170         182         181
           0           0           0           0
 --- --- --- --- 
         170         171         183         182
           0           0           0           0
 --- --- --- --- 
         171         172         184         183
           0           0           0           0
 --- --- --- --- 
         172         173         185         184
           0           0           0           0
 --- --- --- --- 
         179         180         190         189
           0           0           0           0
 --- --- --- --- 
         180         181         191         190
           0           0           0           0
 --- --- --- --- 
         181         182         192         191
           0           0           0           0
 --- --- --- --- 
         182         183         193         192
           0           0           0           0
 --- --- --- --- 
         183         184         194         193
           0           0           0           0
 --- --- --- --- 
         184         185         195         194
           0           0           0           0
 --- --- --- --- 
         201         202           6         203
           0           0           0           0
 --- --- --- --- 
           1         198         204         202
           0           0           0           0
 --- --- --- --- 
         202         204         206           6
           0           0           0           0
 --- --- --- --- 
         204         205           7         206
           0           0           0           0
 --- --- --- --- 
         198         199         503         204
           0           0           0           0
 --- --- --- --- 
         503         207         205         204
           0           0           0           0
 --- --- --- --- 
         207         211         213         205
           0           0           0           0
 --- --- --- --- 
         211         212         208         213
           0           0           0           0
 --- --- --- --- 
         200           2         214         212
           0           0           0           0
 --- --- --- --- 
         212         214         215         208
           0           0           0           0
 --- --- --- --- 
         214           2         209         215
           0           0           0           0
 --- --- --- --- 
         205         213         216           7
           0           0           0           0
 --- --- --- --- 
         213         208         217         216
           0           0           0           0
 --- --- --- --- 
         216         217         210           7
           0           0           0           0
 --- --- --- --- 
         208         215         218         217
           0           0           0           0
 --- --- --- --- 
         215         209           8         218
           0           0           0           0
 --- --- --- --- 
         217         218           8         210
           0           0           0           0
 --- --- --- --- 
           2           3         219         209
           0           0           0           0
 --- --- --- --- 
         209         219         220           8
           0           0           0           0
 --- --- --- --- 
         219           3           9         220
           0           0           0           0
 --- --- --- --- 
         203           6         222         221
           0           0           0           0
 --- --- --- --- 
         221         222          17         223
           0           0           0           0
 --- --- --- --- 
           6         206         224         222
           0           0           0           0
 --- --- --- --- 
         206           7          18         224
           0           0           0           0
 --- --- --- --- 
         222         224          18          17
           0           0           0           0
 --- --- --- --- 
           7         210         225          18
           0           0           0           0
 --- --- --- --- 
         210           8         226         225
           0           0           0           0
 --- --- --- --- 
         225         226          19          18
           0           0           0           0
 --- --- --- --- 
           8         220         227         226
           0           0           0           0
 --- --- --- --- 
         220           9          20         227
           0           0           0           0
 --- --- --- --- 
         226         227          20          19
           0           0           0           0
 --- --- --- --- 
         228         229          29         230
           0           0           0           0
 --- --- --- --- 
         229         231         233          29
           0           0           0           0
 --- --- --- --- 
         231         232          30         233
           0           0           0           0
 --- --- --- --- 
          16         223         234         232
           0           0           0           0
 --- --- --- --- 
         223          17          31         234
           0           0           0           0
 --- --- --- --- 
         232         234          31          30
           0           0           0           0
 --- --- --- --- 
          26          27         236         235
           0           0           0           0
 --- --- --- --- 
          26         235         237          40
           0           0           0           0
 --- --- --- --- 
         235         236          41         237
           0           0           0           0
 --- --- --- --- 
          28         230         238          43
           0           0           0           0
 --- --- --- --- 
         230          29         239         238
           0           0           0           0
 --- --- --- --- 
         238         239          44          43
           0           0           0           0
 --- --- --- --- 
          29         233         240         239
           0           0           0           0
 --- --- --- --- 
         233          30          45         240
           0           0           0           0
 --- --- --- --- 
         239         240          45          44
           0           0           0           0
 --- --- --- --- 
          40         237         241          55
           0           0           0           0
 --- --- --- --- 
         237          41         242         241
           0           0           0           0
 --- --- --- --- 
         241         242          56          55
           0           0           0           0
 --- --- --- --- 
          55          56         244         243
           0           0           0           0
 --- --- --- --- 
          55         243         245          70
           0           0           0           0
 --- --- --- --- 
         243         244          71         245
           0           0           0           0
 --- --- --- --- 
         244         246         247          71
           0           0           0           0
 --- --- --- --- 
          70         245         249          85
           0           0           0           0
 --- --- --- --- 
         245          71         250         249
           0           0           0           0
 --- --- --- --- 
         249         250          86          85
           0           0           0           0
 --- --- --- --- 
          71         247         251         250
           0           0           0           0
 --- --- --- --- 
         252         253          87         254
           0           0           0           0
 --- --- --- --- 
         248          72         256         255
           0           0           0           0
 --- --- --- --- 
         253         255         257          87
           0           0           0           0
 --- --- --- --- 
         255         256          88         257
           0           0           0           0
 --- --- --- --- 
          72          73         258         256
           0           0           0           0
 --- --- --- --- 
         256         258         259          88
           0           0           0           0
 --- --- --- --- 
         258          73          89         259
           0           0           0           0
 --- --- --- --- 
         254          87         261         260
           0           0           0           0
 --- --- --- --- 
         260         261         103         262
           0           0           0           0
 --- --- --- --- 
          87         257         263         261
           0           0           0           0
 --- --- --- --- 
         257          88         264         263
           0           0           0           0
 --- --- --- --- 
         261         263         265         103
           0           0           0           0
 --- --- --- --- 
         263         264         104         265
           0           0           0           0
 --- --- --- --- 
          88         259         266         264
           0           0           0           0
 --- --- --- --- 
         259          89         105         266
           0           0           0           0
 --- --- --- --- 
         264         266         105         104
           0           0           0           0
 --- --- --- --- 
         103         265         268         267
           0           0           0           0
 --- --- --- --- 
         265         104         119         268
           0           0           0           0
 --- --- --- --- 
         267         268         119         118
           0           0           0           0
 --- --- --- --- 
         117         269         271         132
           0           0           0           0
 --- --- --- --- 
         269         270         133         271
           0           0           0           0
 --- --- --- --- 
         132         271         272         147
           0           0           0           0
 --- --- --- --- 
         271         133         273         272
           0           0           0           0
 --- --- --- --- 
         272         273         148         147
           0           0           0           0
 --- --- --- --- 
         147         148         275         274
           0           0           0           0
 --- --- --- --- 
         147         274         276         161
           0           0           0           0
 --- --- --- --- 
         274         275         162         276
           0           0           0           0
 --- --- --- --- 
         160         161         278         277
           0           0           0           0
 --- --- --- --- 
         160         277         279         173
           0           0           0           0
 --- --- --- --- 
         277         278         174         279
           0           0           0           0
 --- --- --- --- 
         161         276         280         278
           0           0           0           0
 --- --- --- --- 
         276         162         281         280
           0           0           0           0
 --- --- --- --- 
         278         280         282         174
           0           0           0           0
 --- --- --- --- 
         280         281         284         283
           0           0           0           0
 --- --- --- --- 
         280         283         285         282
           0           0           0           0
 --- --- --- --- 
         283         284         175         285
           0           0           0           0
 --- --- --- --- 
         164         165         287         286
           0           0           0           0
 --- --- --- --- 
         164         286         288         176
           0           0           0           0
 --- --- --- --- 
         286         287         177         288
           0           0           0           0
 --- --- --- --- 
         165         166         289         287
           0           0           0           0
 --- --- --- --- 
         287         289         290         177
           0           0           0           0
 --- --- --- --- 
         289         166         178         290
           0           0           0           0
 --- --- --- --- 
         173         279         291         185
           0           0           0           0
 --- --- --- --- 
         279         174         292         291
           0           0           0           0
 --- --- --- --- 
         291         292         186         185
           0           0           0           0
 --- --- --- --- 
         174         282         296         295
           0           0           0           0
 --- --- --- --- 
         174         295         297         292
           0           0           0           0
 --- --- --- --- 
         295         296         293         297
           0           0           0           0
 --- --- --- --- 
         282         285         298         296
           0           0           0           0
 --- --- --- --- 
         285         175         299         298
           0           0           0           0
 --- --- --- --- 
         296         298         300         293
           0           0           0           0
 --- --- --- --- 
         298         299         302         301
           0           0           0           0
 --- --- --- --- 
         298         301         303         300
           0           0           0           0
 --- --- --- --- 
         301         302         294         303
           0           0           0           0
 --- --- --- --- 
         292         297         304         186
           0           0           0           0
 --- --- --- --- 
         297         293         305         304
           0           0           0           0
 --- --- --- --- 
         293         300         306         305
           0           0           0           0
 --- --- --- --- 
         300         303         307         306
           0           0           0           0
 --- --- --- --- 
         303         294         308         307
           0           0           0           0
 --- --- --- --- 
         175         310         311         299
           0           0           0           0
 --- --- --- --- 
         299         311         312         302
           0           0           0           0
 --- --- --- --- 
         302         312         314         294
           0           0           0           0
 --- --- --- --- 
         312         313         316         315
           0           0           0           0
 --- --- --- --- 
         312         315         317         314
           0           0           0           0
 --- --- --- --- 
         315         316         309         317
           0           0           0           0
 --- --- --- --- 
         294         314         318         308
           0           0           0           0
 --- --- --- --- 
         314         317         320         318
           0           0           0           0
 --- --- --- --- 
         317         309         321         320
           0           0           0           0
 --- --- --- --- 
         320         321         319         318
           0           0           0           0
 --- --- --- --- 
         176         288         329         328
           0           0           0           0
 --- --- --- --- 
         176         328         330         322
           0           0           0           0
 --- --- --- --- 
         328         329         325         330
           0           0           0           0
 --- --- --- --- 
         288         177         331         329
           0           0           0           0
 --- --- --- --- 
         329         331         332         325
           0           0           0           0
 --- --- --- --- 
         331         177         326         332
           0           0           0           0
 --- --- --- --- 
         322         330         333         323
           0           0           0           0
 --- --- --- --- 
         330         325         334         333
           0           0           0           0
 --- --- --- --- 
         323         333         336         324
           0           0           0           0
 --- --- --- --- 
         336         333         335         337
           0           0           0           0
 --- --- --- --- 
         333         334         339         338
           0           0           0           0
 --- --- --- --- 
         333         338         340         335
           0           0           0           0
 --- --- --- --- 
         338         339         327         340
           0           0           0           0
 --- --- --- --- 
         325         332         341         334
           0           0           0           0
 --- --- --- --- 
         332         326         342         341
           0           0           0           0
 --- --- --- --- 
         341         342         187         343
           0           0           0           0
 --- --- --- --- 
         334         341         344         339
           0           0           0           0
 --- --- --- --- 
         339         344         345         327
           0           0           0           0
 --- --- --- --- 
         344         341         343         345
           0           0           0           0
 --- --- --- --- 
         177         290         346         326
           0           0           0           0
 --- --- --- --- 
         290         178         347         346
           0           0           0           0
 --- --- --- --- 
         346         347         188         348
           0           0           0           0
 --- --- --- --- 
         326         346         349         342
           0           0           0           0
 --- --- --- --- 
         342         349         350         187
           0           0           0           0
 --- --- --- --- 
         349         346         348         350
           0           0           0           0
 --- --- --- --- 
         178         179         351         347
           0           0           0           0
 --- --- --- --- 
         347         351         352         188
           0           0           0           0
 --- --- --- --- 
         351         179         189         352
           0           0           0           0
 --- --- --- --- 
         337         335         356         355
           0           0           0           0
 --- --- --- --- 
         355         356         357         353
           0           0           0           0
 --- --- --- --- 
         356         335         354         357
           0           0           0           0
 --- --- --- --- 
         353         357         359         358
           0           0           0           0
 --- --- --- --- 
         348         188         362         361
           0           0           0           0
 --- --- --- --- 
         187         350         363         360
           0           0           0           0
 --- --- --- --- 
         350         348         361         363
           0           0           0           0
 --- --- --- --- 
         188         352         364         362
           0           0           0           0
 --- --- --- --- 
         352         189         365         364
           0           0           0           0
 --- --- --- --- 
         362         364         366         196
           0           0           0           0
 --- --- --- --- 
         364         365         197         366
           0           0           0           0
 --- --- --- --- 
         189         190         367         365
           0           0           0           0
 --- --- --- --- 
         365         367         368         197
           0           0           0           0
 --- --- --- --- 
         196         366         371         370
           0           0           0           0
 --- --- --- --- 
         370         371         369         372
           0           0           0           0
 --- --- --- --- 
         366         197         373         371
           0           0           0           0
 --- --- --- --- 
         371         373         374         369
           0           0           0           0
 --- --- --- --- 
         202         375         376           1
           0           1           0           0
  -1.8171756760085596       -4.0157908527390491        0.0000000000000000     
  -1.8023974942372738       -4.0323681111733825        0.0000000000000000     
  -1.7615449765659406       -4.0718317336936192        0.0000000000000000     
  -1.7071738000049801       -4.1123581538889500        0.0000000000000000     
  -1.6605818760023325       -4.1382176115024567        0.0000000000000000     
  -1.6422845964782773       -4.1464377722590822        0.0000000000000000     
 --- Blob --- --- 
           1         376         377         198
           0           1           0           0
  -1.6422845964782773       -4.1464377722590822        0.0000000000000000     
  -1.6237537616100310       -4.1537426240327644        0.0000000000000000     
  -1.5743723750081411       -4.1685612593740586        0.0000000000000000     
  -1.5122974008604873       -4.1784821257724243        0.0000000000000000     
  -1.4619495043910051       -4.1800625514109786        0.0000000000000000     
  -1.4428231616015499       -4.1792348038609024        0.0000000000000000     
 --- Blob --- --- 
         198         377         378         199
           0           1           0           0
  -1.4428231616015499       -4.1792348038609024        0.0000000000000000     
  -1.4239249207369475       -4.1776687443415339        0.0000000000000000     
  -1.3751708516502468       -4.1702745584552900        0.0000000000000000     
  -1.3169696691887034       -4.1552670041763138        0.0000000000000000     
  -1.2721119910806085       -4.1391829441929504        0.0000000000000000     
  -1.2555973943504328       -4.1322758356282598        0.0000000000000000     
 --- Blob --- --- 
         199         378         379         503
           0           1           0           0
  -1.2555973943504328       -4.1322758356282598        0.0000000000000000     
  -1.2395347970639743       -4.1250492895227708        0.0000000000000000     
  -1.1993466568522475       -4.1047755703707631        0.0000000000000000     
  -1.1536691470132028       -4.0779699221993617        0.0000000000000000     
  -1.1201169163942235       -4.0558450489419116        0.0000000000000000     
  -1.1081158405233458       -4.0474756872612847        0.0000000000000000     
 --- Blob --- --- 
         503         379         380         207
           0           1           0           0
  -1.1081158405233458       -4.0474756872612847        0.0000000000000000     
  -1.0964899649458122       -4.0391663674923040        0.0000000000000000     
  -1.0681651697506562       -4.0182718143702019        0.0000000000000000     
  -1.0371714064235946       -3.9950652960168522        0.0000000000000000     
  -1.0150330887896073       -3.9792468731137167        0.0000000000000000     
  -1.0071905796128293       -3.9740471586329775        0.0000000000000000     
 --- Blob --- --- 
         207         380         381         211
           0           1           0           0
  -1.0071905796128293       -3.9740471586329775        0.0000000000000000     
 -0.99945934707554851       -3.9692465738393192        0.0000000000000000     
 -0.98052890186585806       -3.9594607088426974        0.0000000000000000     
 -0.95907054696344018       -3.9534756241941427        0.0000000000000000     
 -0.94252903776511321       -3.9539903973855393        0.0000000000000000     
 -0.93624940267979884       -3.9555036319711316        0.0000000000000000     
 --- Blob --- --- 
         211         381         382         212
           0           1           0           0
 -0.93624940267979884       -3.9555036319711316        0.0000000000000000     
 -0.92962853956014579       -3.9578811733273991        0.0000000000000000     
 -0.91175847991959413       -3.9679584290536583        0.0000000000000000     
 -0.88759348225317147       -3.9880124208636305        0.0000000000000000     
 -0.86537104478916893       -4.0100988120825649        0.0000000000000000     
 -0.85606847466224856       -4.0198319288949715        0.0000000000000000     
 --- Blob --- --- 
         212         382         383         200
           0           1           0           0
 -0.85606847466224856       -4.0198319288949715        0.0000000000000000     
 -0.84560994459626659       -4.0309215662079936        0.0000000000000000     
 -0.81512130075744271       -4.0632800918983136        0.0000000000000000     
 -0.77028473194784119       -4.1089256346175684        0.0000000000000000     
 -0.72743193488139957       -4.1492649168769553        0.0000000000000000     
 -0.70938933747297117       -4.1652321887732437        0.0000000000000000     
 --- Blob --- --- 
         200         383         384           2
           0           1           0           0
 -0.70938933747297117       -4.1652321887732437        0.0000000000000000     
 -0.68904990148285805       -4.1825243360259829        0.0000000000000000     
 -0.63047015255518535       -4.2283474033225694        0.0000000000000000     
 -0.54720214574787562       -4.2842930052587356        0.0000000000000000     
 -0.47111534483560363       -4.3271801603365674        0.0000000000000000     
 -0.44005601518725346       -4.3426609337038418        0.0000000000000000     
 --- Blob --- --- 
           2         384         385           3
           0           1           0           0
 -0.44005601518725346       -4.3426609337038418        0.0000000000000000     
 -0.40587390162869508       -4.3584342948464494        0.0000000000000000     
 -0.31097551461665263       -4.3957505524515454        0.0000000000000000     
 -0.18396159588222932       -4.4321243403663644        0.0000000000000000     
  -7.4696056987599124E-002  -4.4521141829336681        0.0000000000000000     
  -3.1720304760370244E-002  -4.4572811555700262        0.0000000000000000     
 --- Blob --- --- 
           3         385         386           4
           0           1           0           0
  -3.1720304760370244E-002  -4.4572811555700262        0.0000000000000000     
   1.4032223694521950E-002  -4.4611626669366622        0.0000000000000000     
  0.13608056171508098       -4.4635452362513588        0.0000000000000000     
  0.28937562684845602       -4.4504755974932113        0.0000000000000000     
  0.41327471746374328       -4.4269524333940478        0.0000000000000000     
  0.46018783050986550       -4.4149999533177517        0.0000000000000000     
 --- Blob --- --- 
           4         386         387           5
           0           1           0           0
  0.46018783050986550       -4.4149999533177517        0.0000000000000000     
  0.50838263651502791       -4.4009585163845646        0.0000000000000000     
  0.63207281935234294       -4.3566119276929012        0.0000000000000000     
  0.77832559988276873       -4.2883016177070052        0.0000000000000000     
  0.88996944142189827       -4.2241884070830675        0.0000000000000000     
  0.93086396266158900       -4.1980677323243656        0.0000000000000000     
 --- Blob --- --- 
           5         387         388          11
           0           1           0           0
  0.93086396266158900       -4.1980677323243656        0.0000000000000000     
  0.97158920327056175       -4.1706527862663254        0.0000000000000000     
   1.0731635878425252       -4.0963199237741668        0.0000000000000000     
   1.1888021862842895       -4.0023037012458751        0.0000000000000000     
   1.2749727487954454       -3.9274857928676461        0.0000000000000000     
   1.3063471294368023       -3.8997472853381794        0.0000000000000000     
 --- Blob --- --- 
          11         388         389          12
           0           1           0           0
   1.3063471294368023       -3.8997472853381794        0.0000000000000000     
   1.3372483053203041       -3.8724165729018671        0.0000000000000000     
   1.4150735679878308       -3.8048752106448291        0.0000000000000000     
   1.5069848064018794       -3.7316125404533116        0.0000000000000000     
   1.5798967985325514       -3.6823477604218646        0.0000000000000000     
   1.6078038960308034       -3.6661237996025156        0.0000000000000000     
 --- Blob --- --- 
          12         389         390          13
           0           1           0           0
   1.6078038960308034       -3.6661237996025156        0.0000000000000000     
   1.6358717176879727       -3.6513948759642458        0.0000000000000000     
   1.7108583275889386       -3.6199611999463914        0.0000000000000000     
   1.8083397589256838       -3.5951497727156689        0.0000000000000000     
   1.8925711986479758       -3.5856374860309961        0.0000000000000000     
   1.9262264475313535       -3.5842371775701989        0.0000000000000000     
 --- Blob --- --- 
          13         390         391          14
           0           1           0           0
   1.9262264475313535       -3.5842371775701989        0.0000000000000000     
   1.9604384108930755       -3.5839418894810304        0.0000000000000000     
   2.0542072252558587       -3.5876161892132559        0.0000000000000000     
   2.1785240953703147       -3.5986644173819009        0.0000000000000000     
   2.2854339728071147       -3.6101903751394278        0.0000000000000000     
   2.3275856825062831       -3.6146548810584362        0.0000000000000000     
 --- Blob --- --- 
          14         391         392          15
           0           1           0           0
   2.3275856825062831       -3.6146548810584362        0.0000000000000000     
   2.3696636493073640       -3.6188748661701213        0.0000000000000000     
   2.4822117020842729       -3.6281661062940338        0.0000000000000000     
   2.6242925917340063       -3.6333917768698609        0.0000000000000000     
   2.7395666481765280       -3.6299871343891073        0.0000000000000000     
   2.7832438527477548       -3.6264440502069930        0.0000000000000000     
 --- Blob --- --- 
          15         392         393          26
           0           1           0           0
   2.7832438527477548       -3.6264440502069930        0.0000000000000000     
   2.8256023929792509       -3.6216418941808142        0.0000000000000000     
   2.9341127707562826       -3.6022595528611911        0.0000000000000000     
   3.0613015520375924       -3.5634172428646127        0.0000000000000000     
   3.1565500950579191       -3.5191431384023137        0.0000000000000000     
   3.1907752627538173       -3.4991360470230592        0.0000000000000000     
 --- Blob --- --- 
          26         393         394          27
           0           1           0           0
   3.1907752627538173       -3.4991360470230592        0.0000000000000000     
   3.2228781777155380       -3.4779930957516902        0.0000000000000000     
   3.3006148088796303       -3.4151086333895062        0.0000000000000000     
   3.3830873553554808       -3.3230988262609551        0.0000000000000000     
   3.4381620474697518       -3.2382997066796753        0.0000000000000000     
   3.4564018519419544       -3.2037623163506201        0.0000000000000000     
 --- Blob --- --- 
          27         394         395         236
           0           1           0           0
   3.4564018519419544       -3.2037623163506201        0.0000000000000000     
   3.4727023656270601       -3.1690710136341385        0.0000000000000000     
   3.5085590872558798       -3.0741342332674582        0.0000000000000000     
   3.5398739055798916       -2.9506241382312739        0.0000000000000000     
   3.5556349779646368       -2.8479240173099911        0.0000000000000000     
   3.5596315067699020       -2.8084768590526017        0.0000000000000000     
 --- Blob --- --- 
         236         395         396          41
           0           1           0           0
   3.5596315067699020       -2.8084768590526017        0.0000000000000000     
   3.5625566255430248       -2.7699423713806159        0.0000000000000000     
   3.5661165822578194       -2.6699638477175283        0.0000000000000000     
   3.5639299307818590       -2.5502328670392185        0.0000000000000000     
   3.5585302247819803       -2.4583682208689042        0.0000000000000000     
   3.5559420602104606       -2.4247810096679587        0.0000000000000000     
 --- Blob --- --- 
          41         396         397         242
           0           1           0           0
   3.5559420602104606       -2.4247810096679587        0.0000000000000000     
   3.5532393802679492       -2.3927418270994028        0.0000000000000000     
   3.5459290368584506       -2.3135274932555672        0.0000000000000000     
   3.5379108730836406       -2.2258919918718916        0.0000000000000000     
   3.5335841076470684       -2.1639403579446337        0.0000000000000000     
   3.5326605752492144       -2.1424460751433050        0.0000000000000000     
 --- Blob --- --- 
         242         397         398          56
           0           1           0           0
   3.5326605752492144       -2.1424460751433050        0.0000000000000000     
   3.5322125911932436       -2.1225245144904248        0.0000000000000000     
   3.5334365247719823       -2.0757631182899572        0.0000000000000000     
   3.5402693755017745       -2.0282637431373676        0.0000000000000000     
   3.5503684432625873       -1.9973864068224794        0.0000000000000000     
   3.5553057113809805       -1.9871724002111033        0.0000000000000000     
 --- Blob --- --- 
          56         398         399         244
           0           1           0           0
   3.5553057113809805       -1.9871724002111033        0.0000000000000000     
   3.5606871799800301       -1.9779567228233805        0.0000000000000000     
   3.5772750375908826       -1.9569163087944421        0.0000000000000000     
   3.6022215896382082       -1.9356091727367231        0.0000000000000000     
   3.6252476111488918       -1.9205694789941026        0.0000000000000000     
   3.6345381377202171       -1.9150194904233038        0.0000000000000000     
 --- Blob --- --- 
         244         399         400         246
           0           1           0           0
   3.6345381377202171       -1.9150194904233038        0.0000000000000000     
   3.6437126786995067       -1.9096380170987937        0.0000000000000000     
   3.6682752339122233       -1.8949434968888563        0.0000000000000000     
   3.6986523736595531       -1.8740058020164723        0.0000000000000000     
   3.7221352900817553       -1.8533188382744450        0.0000000000000000     
   3.7306351983295927       -1.8442629243593078        0.0000000000000000     
 --- Blob --- --- 
         246         400         401         247
           0           1           0           0
   3.7306351983295927       -1.8442629243593078        0.0000000000000000     
   3.7384472116558540       -1.8349222938718615        0.0000000000000000     
   3.7571347400751880       -1.8069527068647280        0.0000000000000000     
   3.7758572324988897       -1.7644318973462270        0.0000000000000000     
   3.7867127405086789       -1.7228519453526041        0.0000000000000000     
   3.7897251632803730       -1.7051667898717309        0.0000000000000000     
 --- Blob --- --- 
         247         401         402         251
           0           1           0           0
   3.7897251632803730       -1.7051667898717309        0.0000000000000000     
   3.7919669498442867       -1.6874666028850740        0.0000000000000000     
   3.7948963549486185       -1.6366961341445219        0.0000000000000000     
   3.7923976763222371       -1.5650051579091560        0.0000000000000000     
   3.7853215350959171       -1.4998732944572351        0.0000000000000000     
   3.7814324397173307       -1.4733618408011115        0.0000000000000000     
 --- Blob --- --- 
         251         402         403         250
           0           1           0           0
   3.7814324397173307       -1.4733618408011115        0.0000000000000000     
   3.7771674744656112       -1.4475216237600885        0.0000000000000000     
   3.7633514631973521       -1.3763246165421485        0.0000000000000000     
   3.7412814009788784       -1.2817617325945116        0.0000000000000000     
   3.7197985235167121       -1.2005967201019190        0.0000000000000000     
   3.7108333659202968       -1.1686358542488609        0.0000000000000000     
 --- Blob --- --- 
         250         403         404          86
           0           1           0           0
   3.7108333659202968       -1.1686358542488609        0.0000000000000000     
   3.7019792799350233       -1.1378828238029775        0.0000000000000000     
   3.6773700079843108       -1.0556104919824207        0.0000000000000000     
   3.6446843778025673      -0.95118258032192349        0.0000000000000000     
   3.6170432438421538      -0.86531168107619949        0.0000000000000000     
   3.6063305879412955      -0.83234713488327017        0.0000000000000000     
 --- Blob --- --- 
          86         404         405         102
           0           1           0           0
   3.6063305879412955      -0.83234713488327017        0.0000000000000000     
   3.5960246122788466      -0.80071207065881023        0.0000000000000000     
   3.5690926960051019      -0.71801836426268439        0.0000000000000000     
   3.5365202370189035      -0.61681563546633211        0.0000000000000000     
   3.5113590577460343      -0.53649829221806244        0.0000000000000000     
   3.5021426249403969      -0.50632317733471977        0.0000000000000000     
 --- Blob --- --- 
         102         405         406         101
           0           1           0           0
   3.5021426249403969      -0.50632317733471977        0.0000000000000000     
   3.4934288164041898      -0.47729556151757674        0.0000000000000000     
   3.4719422932990653      -0.40296264173681795        0.0000000000000000     
   3.4485052528953375      -0.31495970792902206        0.0000000000000000     
   3.4324933008037108      -0.24739847084483996        0.0000000000000000     
   3.4271445022550875      -0.22253368506216012        0.0000000000000000     
 --- Blob --- --- 
         101         406         407         117
           0           1           0           0
   3.4271445022550875      -0.22253368506216012        0.0000000000000000     
   3.4223064724059848      -0.19854303528413508        0.0000000000000000     
   3.4117911147647293      -0.13836274281225838        0.0000000000000000     
   3.4033102489210094       -6.9485478472409157E-002   0.0000000000000000     
   3.4002535584934193       -1.8399128986014712E-002   0.0000000000000000     
   3.3999999999999999       -9.7971743931789460E-016   0.0000000000000000     
 --- Blob --- --- 
         117         407         408         269
           0           1           0           0
   3.3999999999999999        0.0000000000000000        0.0000000000000000     
   3.4004592324648102        2.3787078593033143E-002   0.0000000000000000     
   3.4059823403679799        8.0782958360641144E-002   0.0000000000000000     
   3.4211794231175396       0.14096413404170108        0.0000000000000000     
   3.4397589629673262       0.18187910353176967        0.0000000000000000     
   3.4482076767587833       0.19581934293707298        0.0000000000000000     
 --- Blob --- --- 
         269         408         409         270
           0           1           0           0
   3.4482076767587833       0.19581934293707298        0.0000000000000000     
   3.4572940070021110       0.20882760911252496        0.0000000000000000     
   3.4839819160347556       0.23919224351450508        0.0000000000000000     
   3.5217010423239605       0.27056338177450817        0.0000000000000000     
   3.5548662481840929       0.29231937602910774        0.0000000000000000     
   3.5679195725120896       0.30005480445995053        0.0000000000000000     
 --- Blob --- --- 
         270         409         410         133
           0           1           0           0
   3.5679195725120896       0.30005480445995053        0.0000000000000000     
   3.5808810422948034       0.30746193775569353        0.0000000000000000     
   3.6149474426469634       0.32640101350875794        0.0000000000000000     
   3.6560855798491398       0.35040459329946128        0.0000000000000000     
   3.6873905926381534       0.37177983346673066        0.0000000000000000     
   3.6986678421003094       0.38067736348461978        0.0000000000000000     
 --- Blob --- --- 
         133         410         411         273
           0           1           0           0
   3.6986678421003094       0.38067736348461978        0.0000000000000000     
   3.7091400850030469       0.38975199972984370        0.0000000000000000     
   3.7342808170138317       0.41610977783853187        0.0000000000000000     
   3.7600588279478906       0.45492581657081577        0.0000000000000000     
   3.7760240361748130       0.49226536622142553        0.0000000000000000     
   3.7808820995758077       0.50806857191948729        0.0000000000000000     
 --- Blob --- --- 
         273         411         412         148
           0           1           0           0
   3.7808820995758077       0.50806857191948729        0.0000000000000000     
   3.7848143281396087       0.52378581137515456        0.0000000000000000     
   3.7920760823102353       0.56881876900413353        0.0000000000000000     
   3.7949414453692167       0.63249180005932404        0.0000000000000000     
   3.7924056541949471       0.69056325337364699        0.0000000000000000     
   3.7903333611094014       0.71427708155827485        0.0000000000000000     
 --- Blob --- --- 
         148         412         413         275
           0           1           0           0
   3.7903333611094014       0.71427708155827485        0.0000000000000000     
   3.7879182692122528       0.73674032706176107        0.0000000000000000     
   3.7793667359754406       0.79877210808529509        0.0000000000000000     
   3.7647177262479792       0.88154653414061090        0.0000000000000000     
   3.7500131613286114       0.95299849552927784        0.0000000000000000     
   3.7438194462444239       0.98124580871641975        0.0000000000000000     
 --- Blob --- --- 
         275         413         414         162
           0           1           0           0
   3.7438194462444239       0.98124580871641975        0.0000000000000000     
   3.7380608263581325        1.0068368954564320        0.0000000000000000     
   3.7220668874557168        1.0754961266192400        0.0000000000000000     
   3.7008831733270631        1.1631700894876005        0.0000000000000000     
   3.6830335678728234        1.2358164880386289        0.0000000000000000     
   3.6761310757531662        1.2638583007044066        0.0000000000000000     
 --- Blob --- --- 
         162         414         415         281
           0           1           0           0
   3.6761310757531662        1.2638583007044066        0.0000000000000000     
   3.6701002547997854        1.2884017929288369        0.0000000000000000     
   3.6543502162698029        1.3529474018041490        0.0000000000000000     
   3.6352367662452534        1.4328934302653578        0.0000000000000000     
   3.6203257364659054        1.4972834668332511        0.0000000000000000     
   3.6148083381520393        1.5217303028341502        0.0000000000000000     
 --- Blob --- --- 
         281         415         416         284
           0           1           0           0
   3.6148083381520393        1.5217303028341502        0.0000000000000000     
   3.6101521121065541        1.5426798425882708        0.0000000000000000     
   3.5984133595930907        1.5970477850182305        0.0000000000000000     
   3.5849363449154472        1.6630365626461538        0.0000000000000000     
   3.5749850785000872        1.7151920870715138        0.0000000000000000     
   3.5714280973467325        1.7347775483491312        0.0000000000000000     
 --- Blob --- --- 
         284         416         417         175
           0           1           0           0
   3.5714280973467325        1.7347775483491312        0.0000000000000000     
   3.5684783060929894        1.7514802168582322        0.0000000000000000     
   3.5612678881622259        1.7944507197026665        0.0000000000000000     
   3.5534206522826342        1.8459148359185062        0.0000000000000000     
   3.5479650126919831        1.8860881716985729        0.0000000000000000     
   3.5460959352748751        1.9010653432435707        0.0000000000000000     
 --- Blob --- --- 
         175         417         418         310
           0           1           0           0
   3.5460959352748751        1.9010653432435707        0.0000000000000000     
   3.5445562937868331        1.9140173002304715        0.0000000000000000     
   3.5409617014841248        1.9471347645562342        0.0000000000000000     
   3.5373892607945607        1.9864234449158886        0.0000000000000000     
   3.5351955571704079        2.0168183902086616        0.0000000000000000     
   3.5345193443284533        2.0280902035376203        0.0000000000000000     
 --- Blob --- --- 
         310         418         419         311
           0           1           0           0
   3.5345193443284533        2.0280902035376203        0.0000000000000000     
   3.5339813904430466        2.0381648426109238        0.0000000000000000     
   3.5329110146305949        2.0637872695838926        0.0000000000000000     
   3.5322427607872808        2.0939250957817563        0.0000000000000000     
   3.5322066188380594        2.1170449890722427        0.0000000000000000     
   3.5323063233205039        2.1255748564867774        0.0000000000000000     
 --- Blob --- --- 
         311         419         420         312
           0           1           0           0
   3.5323063233205039        2.1255748564867774        0.0000000000000000     
   3.5324579639896778        2.1335638285145175        0.0000000000000000     
   3.5331056161667811        2.1537538599933193        0.0000000000000000     
   3.5343742008080725        2.1772551697497002        0.0000000000000000     
   3.5357429457042069        2.1950910715818637        0.0000000000000000     
   3.5363391384175937        2.2016267226950852        0.0000000000000000     
 --- Blob --- --- 
         312         420         421         313
           0           1           0           0
   3.5363391384175937        2.2016267226950852        0.0000000000000000     
   3.5369769688547867        2.2080485929364357        0.0000000000000000     
   3.5388123545284866        2.2241333458570156        0.0000000000000000     
   3.5413658484093622        2.2425740026385599        0.0000000000000000     
   3.5436135088830465        2.2563457153922402        0.0000000000000000     
   3.5445052602338736        2.2613396432555022        0.0000000000000000     
 --- Blob --- --- 
         313         421         422         316
           0           1           0           0
   3.5445052602338736        2.2613396432555022        0.0000000000000000     
   3.5454550231846489        2.2664149429680225        0.0000000000000000     
   3.5479966393359503        2.2789581539454056        0.0000000000000000     
   3.5511846730274970        2.2930120576996558        0.0000000000000000     
   3.5537357847182558        2.3032509601909861        0.0000000000000000     
   3.5546907605237945        2.3069038440683864        0.0000000000000000     
 --- Blob --- --- 
         316         422         423         309
           0           1           0           0
   3.5546907605237945        2.3069038440683864        0.0000000000000000     
   3.5556934904863566        2.3106521688124837        0.0000000000000000     
   3.5582058437797497        2.3197360983711683        0.0000000000000000     
   3.5610003428850709        2.3295755405710685        0.0000000000000000     
   3.5629235419049183        2.3364867626115133        0.0000000000000000     
   3.5635619327148005        2.3388940951755242        0.0000000000000000     
 --- Blob --- --- 
         309         423         424         321
           0           1           0           0
   3.5635619327148005        2.3388940951755242        0.0000000000000000     
   3.5641778635876595        2.3413287752692775        0.0000000000000000     
   3.5654348003732736        2.3470761316250637        0.0000000000000000     
   3.5661731043781888        2.3530353969744393        0.0000000000000000     
   3.5660079813434988        2.3570432541369377        0.0000000000000000     
   3.5657456530131864        2.3584044326086717        0.0000000000000000     
 --- Blob --- --- 
         321         424         425         319
           0           1           0           0
   3.5657456530131864        2.3584044326086717        0.0000000000000000     
   3.5653424342686804        2.3597463118723248        0.0000000000000000     
   3.5636326828559381        2.3628590490687027        0.0000000000000000     
   3.5601013392229830        2.3660508119221264        0.0000000000000000     
   3.5559921481845187        2.3682495968965247        0.0000000000000000     
   3.5541078741895253        2.3690273475278256        0.0000000000000000     
 --- Blob --- --- 
         319         425         426         318
           0           1           0           0
   3.5541078741895253        2.3690273475278256        0.0000000000000000     
   3.5519630533975981        2.3698088892968943        0.0000000000000000     
   3.5453935494311022        2.3717904538578254        0.0000000000000000     
   3.5352703945727355        2.3742769850111181        0.0000000000000000     
   3.5253743841867102        2.3764835418020551        0.0000000000000000     
   3.5211769394486718        2.3774034343839561        0.0000000000000000     
 --- Blob --- --- 
         318         426         427         308
           0           1           0           0
   3.5211769394486718        2.3774034343839561        0.0000000000000000     
   3.5166169388805777        2.3784052679568717        0.0000000000000000     
   3.5034765914662938        2.3813556628155110        0.0000000000000000     
   3.4847720343529307        2.3858239275116473        0.0000000000000000     
   3.4676013309060081        2.3902635444507307        0.0000000000000000     
   3.4605548923785592        2.3921832978259614        0.0000000000000000     
 --- Blob --- --- 
         308         427         428         307
           0           1           0           0
   3.4605548923785592        2.3921832978259614        0.0000000000000000     
   3.4529890301296593        2.3943079970559813        0.0000000000000000     
   3.4318034004468858        2.4006015420116720        0.0000000000000000     
   3.4028555456869527        2.4099889221517823        0.0000000000000000     
   3.3772115269487557        2.4190192681384581        0.0000000000000000     
   3.3668955867007986        2.4228309354738720        0.0000000000000000     
 --- Blob --- --- 
         307         428         429         306
           0           1           0           0
   3.3668955867007986        2.4228309354738720        0.0000000000000000     
   3.3557030419070273        2.4270780780250121        0.0000000000000000     
   3.3249138808980176        2.4393353821265089        0.0000000000000000     
   3.2839498331819885        2.4568674176493936        0.0000000000000000     
   3.2485407145405678        2.4730644491886014        0.0000000000000000     
   3.2344989178985837        2.4797395022755668        0.0000000000000000     
 --- Blob --- --- 
         306         429         430         305
           0           1           0           0
   3.2344989178985837        2.4797395022755668        0.0000000000000000     
   3.2189147188788185        2.4873086864608069        0.0000000000000000     
   3.1766121595878269        2.5086738632334793        0.0000000000000000     
   3.1214902745339694        2.5382053977830870        0.0000000000000000     
   3.0747928614330586        2.5646208395201051        0.0000000000000000     
   3.0564986755889505        2.5753007393383633        0.0000000000000000     
 --- Blob --- --- 
         305         430         431         304
           0           1           0           0
   3.0564986755889505        2.5753007393383633        0.0000000000000000     
   3.0357556086889761        2.5876281930052385        0.0000000000000000     
   2.9801488994712364        2.6217772700165094        0.0000000000000000     
   2.9091423587896532        2.6676000767373900        0.0000000000000000     
   2.8501985905059737        2.7074152753813614        0.0000000000000000     
   2.8273970526740277        2.7232295958332471        0.0000000000000000     
 --- Blob --- --- 
         304         431         432         186
           0           1           0           0
   2.8273970526740277        2.7232295958332471        0.0000000000000000     
   2.8013328249221825        2.7415796544502755        0.0000000000000000     
   2.7324545809037688        2.7914255385229336        0.0000000000000000     
   2.6465496232653640        2.8562009489694118        0.0000000000000000     
   2.5769351579712723        2.9106696136483685        0.0000000000000000     
   2.5504103763453454        2.9318597932102302        0.0000000000000000     
 --- Blob --- --- 
         186         432         433         185
           0           1           0           0
   2.5504103763453454        2.9318597932102302        0.0000000000000000     
   2.5204182959807166        2.9560953778176455        0.0000000000000000     
   2.4425377338963012        3.0203073863028447        0.0000000000000000     
   2.3481454240849975        3.1003166961999122        0.0000000000000000     
   2.2738201054178875        3.1646553769176728        0.0000000000000000     
   2.2459970203414974        3.1889637728818316        0.0000000000000000     
 --- Blob --- --- 
         185         433         434         195
           0           1           0           0
   2.2459970203414974        3.1889637728818316        0.0000000000000000     
   2.2154149406907679        3.2157811859061640        0.0000000000000000     
   2.1374863475573296        3.2843286779344014        0.0000000000000000     
   2.0457283219293605        3.3645464086303081        0.0000000000000000     
   1.9753328720395147        3.4246803850733492        0.0000000000000000     
   1.9493487321296226        3.4463306685325326        0.0000000000000000     
 --- Blob --- --- 
         195         434         435         194
           0           1           0           0
   1.9493487321296226        3.4463306685325326        0.0000000000000000     
   1.9218253053245280        3.4688283816444252        0.0000000000000000     
   1.8523746460651256        3.5229883214214190        0.0000000000000000     
   1.7712751534378557        3.5795925752682280        0.0000000000000000     
   1.7088676771185123        3.6163791312643854        0.0000000000000000     
   1.6856362895560915        3.6282263031652593        0.0000000000000000     
 --- Blob --- --- 
         194         435         436         193
           0           1           0           0
   1.6856362895560915        3.6282263031652593        0.0000000000000000     
   1.6617397229033648        3.6392496877486051        0.0000000000000000     
   1.6002045567033771        3.6617771051289516        0.0000000000000000     
   1.5250370214501454        3.6771876590055603        0.0000000000000000     
   1.4637446896757058        3.6801090397892895        0.0000000000000000     
   1.4399886265508615        3.6791215345177748        0.0000000000000000     
 --- Blob --- --- 
         193         436         437         192
           0           1           0           0
   1.4399886265508615        3.6791215345177748        0.0000000000000000     
   1.4159285421222676        3.6770390623817866        0.0000000000000000     
   1.3512533966344102        3.6668006279432790        0.0000000000000000     
   1.2668964787270351        3.6459195682836687        0.0000000000000000     
   1.1941755744216593        3.6238897518286910        0.0000000000000000     
   1.1652022433498188        3.6145781108316628        0.0000000000000000     
 --- Blob --- --- 
         192         437         438         191
           0           1           0           0
   1.1652022433498188        3.6145781108316628        0.0000000000000000     
   1.1365435216062387        3.6052269572589748        0.0000000000000000     
   1.0582868536414352        3.5796365713284359        0.0000000000000000     
  0.95490176581185005        3.5473966898661846        0.0000000000000000     
  0.86588732525663847        3.5224071318199046        0.0000000000000000     
  0.83066062691669984        3.5134114845787190        0.0000000000000000     
 --- Blob --- --- 
         191         438         439         190
           0           1           0           0
  0.83066062691669984        3.5134114845787190        0.0000000000000000     
  0.79694253274733562        3.5053224821754609        0.0000000000000000     
  0.70610094857640970        3.4862288466081193        0.0000000000000000     
  0.58926398875209207        3.4678229339817648        0.0000000000000000     
  0.49178109860056429        3.4580229703372387        0.0000000000000000     
  0.45400887320866318        3.4556209475449537        0.0000000000000000     
 --- Blob --- --- 
         190         439         440         367
           0           1           0           0
  0.45400887320866318        3.4556209475449537        0.0000000000000000     
  0.41876105626560323        3.4540924022767237        0.0000000000000000     
  0.32581128609020676        3.4534044342560017        0.0000000000000000     
  0.21042015390937663        3.4594240914940428        0.0000000000000000     
  0.11753837264718475        3.4699483066649743        0.0000000000000000     
   8.2342641008365247E-002   3.4752931253067736        0.0000000000000000     
 --- Blob --- --- 
         367         440         441         368
           0           1           0           0
   8.2342641008365247E-002   3.4752931253067736        0.0000000000000000     
   4.9794443631137941E-002   3.4809124826877627        0.0000000000000000     
  -3.4278407035729264E-002   3.4984997882156983        0.0000000000000000     
 -0.13522712644238372        3.5256769940511408        0.0000000000000000     
 -0.21383506402401786        3.5516499339782328        0.0000000000000000     
 -0.24302100164807366        3.5624147672531223        0.0000000000000000     
 --- Blob --- --- 
         368         441         442         197
           0           1           0           0
 -0.24302100164807366        3.5624147672531223        0.0000000000000000     
 -0.27018818921737825        3.5729987446320766        0.0000000000000000     
 -0.33902338339044513        3.6023310935965154        0.0000000000000000     
 -0.41913841519557837        3.6412458524674181        0.0000000000000000     
 -0.47960513418067452        3.6742423501410570        0.0000000000000000     
 -0.50162574364911294        3.6870740520538337        0.0000000000000000     
 --- Blob --- --- 
         197         442         443         373
           0           1           0           0
 -0.50162574364911294        3.6870740520538337        0.0000000000000000     
 -0.52240224434116911        3.6995926440331832        0.0000000000000000     
 -0.57404097730027848        3.7324851065223688        0.0000000000000000     
 -0.63228913741994486        3.7727137153359700        0.0000000000000000     
 -0.67489625224562211        3.8042438956512328        0.0000000000000000     
 -0.69011742201205784        3.8159209112979893        0.0000000000000000     
 --- Blob --- --- 
         373         443         444         374
           0           1           0           0
 -0.69011742201205784        3.8159209112979893        0.0000000000000000     
 -0.70461194477771394        3.8272284563725392        0.0000000000000000     
 -0.73995823999190424        3.8554702266614775        0.0000000000000000     
 -0.77866748209928427        3.8870622769185545        0.0000000000000000     
 -0.80623262235367554        3.9093792582145768        0.0000000000000000     
 -0.81593953430402855        3.9170397013450282        0.0000000000000000     
 --- Blob --- --- 
         374         444         445         369
           0           1           0           0
 -0.81593953430402855        3.9170397013450282        0.0000000000000000     
 -0.82518763995131073        3.9241651674290461        0.0000000000000000     
 -0.84752291837020544        3.9402687549292761        0.0000000000000000     
 -0.87181243228369398        3.9546885004344916        0.0000000000000000     
 -0.88924496707020695        3.9615960407632689        0.0000000000000000     
 -0.89547391959122069        3.9630626919694576        0.0000000000000000     
 --- Blob --- --- 
         369         445         446         372
           0           1           0           0
 -0.89547391959122069        3.9630626919694576        0.0000000000000000     
 -0.90143989151453197        3.9638627056063465        0.0000000000000000     
 -0.91629312725400558        3.9628417013071293        0.0000000000000000     
 -0.93362467278330963        3.9552702729314650        0.0000000000000000     
 -0.94731566410348056        3.9440334733288225        0.0000000000000000     
 -0.95256108616830248        3.9385471021439802        0.0000000000000000     
 --- Blob --- --- 
         372         446         447         370
           0           1           0           0
 -0.95256108616830248        3.9385471021439802        0.0000000000000000     
 -0.95770164847913897        3.9325886146974054        0.0000000000000000     
 -0.97149473937695263        3.9141275022180255        0.0000000000000000     
 -0.98961749777243679        3.8857968926411588        0.0000000000000000     
  -1.0055212002966856        3.8586877952738217        0.0000000000000000     
  -1.0119537901207254        3.8474061139680940        0.0000000000000000     
 --- Blob --- --- 
         370         447         448         196
           0           1           0           0
  -1.0119537901207254        3.8474061139680940        0.0000000000000000     
  -1.0182703902635359        3.8362335835816221        0.0000000000000000     
  -1.0358264312193783        3.8050199376152194        0.0000000000000000     
  -1.0597695124620790        3.7628854864579200        0.0000000000000000     
  -1.0811194170385070        3.7263304982104897        0.0000000000000000     
  -1.0897653607314908        3.7118680708021898        0.0000000000000000     
 --- Blob --- --- 
         196         448         449         362
           0           1           0           0
  -1.0897653607314908        3.7118680708021898        0.0000000000000000     
  -1.0980516689884181        3.6982045144125748        0.0000000000000000     
  -1.1208977239923699        3.6615605426044855        0.0000000000000000     
  -1.1514603450881313        3.6149051962856866        0.0000000000000000     
  -1.1780521588037389        3.5764502870451129        0.0000000000000000     
  -1.1886411687206342        3.5616696643313466        0.0000000000000000     
 --- Blob --- --- 
         362         449         450         361
           0           1           0           0
  -1.1886411687206342        3.5616696643313466        0.0000000000000000     
  -1.1985224863331341        3.5481417855283257        0.0000000000000000     
  -1.2252920848154423        3.5127362754197580        0.0000000000000000     
  -1.2600925055838128        3.4692913743538396        0.0000000000000000     
  -1.2895231044255193        3.4346921163759907        0.0000000000000000     
  -1.3010417713239752        3.4216597285123704        0.0000000000000000     
 --- Blob --- --- 
         361         450         451         363
           0           1           0           0
  -1.3010417713239752        3.4216597285123704        0.0000000000000000     
  -1.3115933877476373        3.4099652852565443        0.0000000000000000     
  -1.3397357140925223        3.3798839207225715        0.0000000000000000     
  -1.3754361523317504        3.3439599180058814        0.0000000000000000     
  -1.4049285208467186        3.3160928822905280        0.0000000000000000     
  -1.4163113552243305        3.3057627277723616        0.0000000000000000     
 --- Blob --- --- 
         363         451         452         360
           0           1           0           0
  -1.4163113552243305        3.3057627277723616        0.0000000000000000     
  -1.4266551275879522        3.2965775536239073        0.0000000000000000     
  -1.4539115631315582        3.2732826289050578        0.0000000000000000     
  -1.4878430719520350        3.2460929192444823        0.0000000000000000     
  -1.5153751615327384        3.2254839657398278        0.0000000000000000     
  -1.5258885428399240        3.2179548886698033        0.0000000000000000     
 --- Blob --- --- 
         360         452         453         187
           0           1           0           0
  -1.5258885428399240        3.2179548886698033        0.0000000000000000     
  -1.5354571142533657        3.2112656035796139        0.0000000000000000     
  -1.5604394829613619        3.1945332206729504        0.0000000000000000     
  -1.5910948207778726        3.1754521705260164        0.0000000000000000     
  -1.6156270260425394        3.1613432237699621        0.0000000000000000     
  -1.6249177776833750        3.1562722048570877        0.0000000000000000     
 --- Blob --- --- 
         187         453         454         343
           0           1           0           0
  -1.6249177776833750        3.1562722048570877        0.0000000000000000     
  -1.6334482027180404        3.1517491181155832        0.0000000000000000     
  -1.6555573718606089        3.1406249186433075        0.0000000000000000     
  -1.6823749104845100        3.1283132161877720        0.0000000000000000     
  -1.7035962194506880        3.1195143293717669        0.0000000000000000     
  -1.7115787865650238        3.1164260341279357        0.0000000000000000     
 --- Blob --- --- 
         343         454         455         345
           0           1           0           0
  -1.7115787865650238        3.1164260341279357        0.0000000000000000     
  -1.7190054058133293        3.1136636683149246        0.0000000000000000     
  -1.7381323532614088        3.1070513616300244        0.0000000000000000     
  -1.7610992369009750        3.1000987637813942        0.0000000000000000     
  -1.7790931852826706        3.0954383038517377        0.0000000000000000     
  -1.7858206094345344        3.0938805145357775        0.0000000000000000     
 --- Blob --- --- 
         345         455         456         327
           0           1           0           0
  -1.7858206094345344        3.0938805145357775        0.0000000000000000     
  -1.7921748710250467        3.0925040291438255        0.0000000000000000     
  -1.8084415526024322        3.0894125808852819        0.0000000000000000     
  -1.8277839115155530        3.0865826461102546        0.0000000000000000     
  -1.8427902359051522        3.0850585655287097        0.0000000000000000     
  -1.8483666389174851        3.0846494763481647        0.0000000000000000     
 --- Blob --- --- 
         327         456         457         340
           0           1           0           0
  -1.8483666389174851        3.0846494763481647        0.0000000000000000     
  -1.8537149812523150        3.0843400530905685        0.0000000000000000     
  -1.8673199926691240        3.0839323124097353        0.0000000000000000     
  -1.8833300348222470        3.0841892381390252        0.0000000000000000     
  -1.8956202496679098        3.0849663703048105        0.0000000000000000     
  -1.9001570994573220        3.0853882826722558        0.0000000000000000     
 --- Blob --- --- 
         340         457         458         335
           0           1           0           0
  -1.9001570994573220        3.0853882826722558        0.0000000000000000     
  -1.9045705143668614        3.0858714854177269        0.0000000000000000     
  -1.9157170479796237        3.0874246429325853        0.0000000000000000     
  -1.9286794766709918        3.0898679731294765        0.0000000000000000     
  -1.9385099033673361        3.0922136561000215        0.0000000000000000     
  -1.9421110202557332        3.0931859906674077        0.0000000000000000     
 --- Blob --- --- 
         335         458         459         354
           0           1           0           0
  -1.9421110202557332        3.0931859906674077        0.0000000000000000     
  -1.9456544615580349        3.0942043561584018        0.0000000000000000     
  -1.9545291632246440        3.0970335922071524        0.0000000000000000     
  -1.9647080500840204        3.1007959143745971        0.0000000000000000     
  -1.9723194756016105        3.1039920674920940        0.0000000000000000     
  -1.9750832669755152        3.1052368002624018        0.0000000000000000     
 --- Blob --- --- 
         354         459         460         357
           0           1           0           0
  -1.9750832669755152        3.1052368002624018        0.0000000000000000     
  -1.9778211120764839        3.1065148366274764        0.0000000000000000     
  -1.9846142719727562        3.1098805544107821        0.0000000000000000     
  -1.9922893242101352        3.1140118055294765        0.0000000000000000     
  -1.9979449504021713        3.1172617290777969        0.0000000000000000     
  -1.9999808225388065        3.1184681189186967        0.0000000000000000     
 --- Blob --- --- 
         357         460         461         359
           0           1           0           0
  -1.9999808225388065        3.1184681189186967        0.0000000000000000     
  -2.0019997862443644        3.1196800572752297        0.0000000000000000     
  -2.0069690331750594        3.1227072869709818        0.0000000000000000     
  -2.0125207423251976        3.1260841146745149        0.0000000000000000     
  -2.0165792170096060        3.1284477151059686        0.0000000000000000     
  -2.0180362387775714        3.1292498193068994        0.0000000000000000     
 --- Blob --- --- 
         359         461         462         358
           0           1           0           0
  -2.0180362387775714        3.1292498193068994        0.0000000000000000     
  -2.0194799947179831        3.1300089790044519        0.0000000000000000     
  -2.0230392858317114        3.1316688074594947        0.0000000000000000     
  -2.0270542516602039        3.1329910106593668        0.0000000000000000     
  -2.0300497197750698        3.1333983725655452        0.0000000000000000     
  -2.0311457195198992        3.1333842417678448        0.0000000000000000     
 --- Blob --- --- 
         358         462         463         353
           0           1           0           0
  -2.0311457195198992        3.1333842417678448        0.0000000000000000     
  -2.0322418147661350        3.1332679920081770        0.0000000000000000     
  -2.0350239457359538        3.1324527991947781        0.0000000000000000     
  -2.0383553820290214        3.1303556018811975        0.0000000000000000     
  -2.0410321041220918        3.1277128070298845        0.0000000000000000     
  -2.0420633789616871        3.1264683054792206        0.0000000000000000     
 --- Blob --- --- 
         353         463         464         355
           0           1           0           0
  -2.0420633789616871        3.1264683054792206        0.0000000000000000     
  -2.0431238438347412        3.1250629939443590        0.0000000000000000     
  -2.0459733928514199        3.1207055227865692        0.0000000000000000     
  -2.0497157690757022        3.1139078939510649        0.0000000000000000     
  -2.0529949233027103        3.1072161691122537        0.0000000000000000     
  -2.0543207330888649        3.1043699451738158        0.0000000000000000     
 --- Blob --- --- 
         355         464         465         337
           0           1           0           0
  -2.0543207330888649        3.1043699451738158        0.0000000000000000     
  -2.0557247611409299        3.1012881225270834        0.0000000000000000     
  -2.0596526569933831        3.0923956756206046        0.0000000000000000     
  -2.0650871326085816        3.0797196056450784        0.0000000000000000     
  -2.0700257116629484        3.0680712572947026        0.0000000000000000     
  -2.0720536277900199        3.0632883749455897        0.0000000000000000     
 --- Blob --- --- 
         337         465         466         336
           0           1           0           0
  -2.0720536277900199        3.0632883749455897        0.0000000000000000     
  -2.0742499771699059        3.0581192814968525        0.0000000000000000     
  -2.0804511817430731        3.0436295527191906        0.0000000000000000     
  -2.0890910640680294        3.0237941894463511        0.0000000000000000     
  -2.0969383456392334        3.0061853092476558        0.0000000000000000     
  -2.1001505437945989        2.9990911606204933        0.0000000000000000     
 --- Blob --- --- 
         336         466         467         324
           0           1           0           0
  -2.1001505437945989        2.9990911606204933        0.0000000000000000     
  -2.1037118576681770        2.9913021340063475        0.0000000000000000     
  -2.1137220847927529        2.9698230800146614        0.0000000000000000     
  -2.1275333041428004        2.9411238392409933        0.0000000000000000     
  -2.1399282579248391        2.9162000079656503        0.0000000000000000     
  -2.1449608510996785        2.9062853642086415        0.0000000000000000     
 --- Blob --- --- 
         324         467         468         323
           0           1           0           0
  -2.1449608510996785        2.9062853642086415        0.0000000000000000     
  -2.1506795177958651        2.8951534209145509        0.0000000000000000     
  -2.1666280145891497        2.8648095415268653        0.0000000000000000     
  -2.1883383128909943        2.8249863012937659        0.0000000000000000     
  -2.2075498092816410        2.7909902274261502        0.0000000000000000     
  -2.2152808003190074        2.7776053672549721        0.0000000000000000     
 --- Blob --- --- 
         323         468         469         322
           0           1           0           0
  -2.2152808003190074        2.7776053672549721        0.0000000000000000     
  -2.2242393001033998        2.7622924353142784        0.0000000000000000     
  -2.2490002443332648        2.7209867261122400        0.0000000000000000     
  -2.2822078014349070        2.6676853994417549        0.0000000000000000     
  -2.3111460468651219        2.6229484079789218        0.0000000000000000     
  -2.3226792213109961        2.6055197240309691        0.0000000000000000     
 --- Blob --- --- 
         322         469         470         176
           0           1           0           0
  -2.3226792213109961        2.6055197240309691        0.0000000000000000     
  -2.3361606610824714        2.5854175166136528        0.0000000000000000     
  -2.3730233331473607        2.5318397743802596        0.0000000000000000     
  -2.4215820169852211        2.4640673065899494        0.0000000000000000     
  -2.4631199922305176        2.4083494336729014        0.0000000000000000     
  -2.4794808189441024        2.3869279235326770        0.0000000000000000     
 --- Blob --- --- 
         176         470         471         164
           0           1           0           0
  -2.4794808189441024        2.3869279235326770        0.0000000000000000     
  -2.4985171036359164        2.3623565657494292        0.0000000000000000     
  -2.5498385995654829        2.2979044796164283        0.0000000000000000     
  -2.6158677138218094        2.2185478836186103        0.0000000000000000     
  -2.6709796316757295        2.1551458028636654        0.0000000000000000     
  -2.6923485972606302        2.1312184627614643        0.0000000000000000     
 --- Blob --- --- 
         164         471         472         163
           0           1           0           0
  -2.6923485972606302        2.1312184627614643        0.0000000000000000     
  -2.7167647591222868        2.1043131999714277        0.0000000000000000     
  -2.7813441833135335        2.0353161804226687        0.0000000000000000     
  -2.8618126488668558        1.9535869533938870        0.0000000000000000     
  -2.9267633832968500        1.8909513767964523        0.0000000000000000     
  -2.9514109252683176        1.8679516651719332        0.0000000000000000     
 --- Blob --- --- 
         163         472         473         150
           0           1           0           0
  -2.9514109252683176        1.8679516651719332        0.0000000000000000     
  -2.9787133801187293        1.8429673979339978        0.0000000000000000     
  -3.0491104270902922        1.7809462573924129        0.0000000000000000     
  -3.1331600788030323        1.7114951858789671        0.0000000000000000     
  -3.1980341854563732        1.6614270166713050        0.0000000000000000     
  -3.2219558261819388        1.6437721368664544        0.0000000000000000     
 --- Blob --- --- 
         150         473         474         149
           0           1           0           0
  -3.2219558261819388        1.6437721368664544        0.0000000000000000     
  -3.2473519275502625        1.6255195602262504        0.0000000000000000     
  -3.3107776843609753        1.5822172035507871        0.0000000000000000     
  -3.3826105921941099        1.5373232458913815        0.0000000000000000     
  -3.4351489552461514        1.5074433344848770        0.0000000000000000     
  -3.4538848206670112        1.4974097812632043        0.0000000000000000     
 --- Blob --- --- 
         149         474         475         135
           0           1           0           0
  -3.4538848206670112        1.4974097812632043        0.0000000000000000     
  -3.4728194397180374        1.4876016713593283        0.0000000000000000     
  -3.5186330118561857        1.4651977261452926        0.0000000000000000     
  -3.5681605394648099        1.4427293942436710        0.0000000000000000     
  -3.6030910606412938        1.4273152108462048        0.0000000000000000     
  -3.6153691945350355        1.4217799508681097        0.0000000000000000     
 --- Blob --- --- 
         135         475         476         134
           0           1           0           0
  -3.6153691945350355        1.4217799508681097        0.0000000000000000     
  -3.6273367468346538        1.4162226599367500        0.0000000000000000     
  -3.6564475479912750        1.4014726170838130        0.0000000000000000     
  -3.6891207149627081        1.3810953349735824        0.0000000000000000     
  -3.7140679024525007        1.3611776819172152        0.0000000000000000     
  -3.7234780156044187        1.3524522821772187        0.0000000000000000     
 --- Blob --- --- 
         134         476         477         119
           0           1           0           0
  -3.7234780156044187        1.3524522821772187        0.0000000000000000     
  -3.7327931801677190        1.3431213354504301        0.0000000000000000     
  -3.7576491481534227        1.3148941244981314        0.0000000000000000     
  -3.7903592805470674        1.2712283723138098        0.0000000000000000     
  -3.8193621203233854        1.2278367785569420        0.0000000000000000     
  -3.8311900477054914        1.2092190006119488        0.0000000000000000     
 --- Blob --- --- 
         119         477         478         118
           0           1           0           0
  -3.8311900477054914        1.2092190006119488        0.0000000000000000     
  -3.8430469120589605        1.1901357734569553        0.0000000000000000     
  -3.8762724723152466        1.1349254968317446        0.0000000000000000     
  -3.9220074218664434        1.0560889923940251        0.0000000000000000     
  -3.9628888691661013       0.98388439345895173        0.0000000000000000     
  -3.9794030032712726       0.95438872687365583        0.0000000000000000     
 --- Blob --- --- 
         118         478         479         267
           0           1           0           0
  -3.9794030032712726       0.95438872687365583        0.0000000000000000     
  -3.9956308049810665       0.92525159607253860        0.0000000000000000     
  -4.0400676383508705       0.84478067136091606        0.0000000000000000     
  -4.0984178547375656       0.73771578662882031        0.0000000000000000     
  -4.1477664920553012       0.64588600933883566        0.0000000000000000     
  -4.1669763696309587       0.60978388915976911        0.0000000000000000     
 --- Blob --- --- 
         267         479         480         103
           0           1           0           0
  -4.1669763696309587       0.60978388915976911        0.0000000000000000     
  -4.1855350815748906       0.57469442399823445        0.0000000000000000     
  -4.2344461995403240       0.48108475546511270        0.0000000000000000     
  -4.2946687167353135       0.36302771826826596        0.0000000000000000     
  -4.3422662879290046       0.26679535609049804        0.0000000000000000     
  -4.3599973404300982       0.23009582094725550        0.0000000000000000     
 --- Blob --- --- 
         103         480         481         262
           0           1           0           0
  -4.3599973404300982       0.23009582094725550        0.0000000000000000     
  -4.3769557248145361       0.19447591894676713        0.0000000000000000     
  -4.4196240847567658       0.10211208673210886        0.0000000000000000     
  -4.4680304375491495       -9.2243163684663232E-003   0.0000000000000000     
  -4.5028497962046137       -9.6013461335241246E-002   0.0000000000000000     
  -4.5149758865667735      -0.12821333090266079        0.0000000000000000     
 --- Blob --- --- 
         262         481         482         260
           0           1           0           0
  -4.5149758865667735      -0.12821333090266079        0.0000000000000000     
  -4.5263020599691188      -0.15954482058836073        0.0000000000000000     
  -4.5524851952948602      -0.23859818466707700        0.0000000000000000     
  -4.5773551674743675      -0.32971674971033194        0.0000000000000000     
  -4.5909625304219084      -0.39756997225262353        0.0000000000000000     
  -4.5945585392692649      -0.42202814975911873        0.0000000000000000     
 --- Blob --- --- 
         260         482         483         254
           0           1           0           0
  -4.5945585392692649      -0.42202814975911873        0.0000000000000000     
  -4.5972598926780117      -0.44573593058575861        0.0000000000000000     
  -4.5999850499570538      -0.50380531063294021        0.0000000000000000     
  -4.5946278841756456      -0.56753759392921810        0.0000000000000000     
  -4.5833335976129321      -0.61268852039071720        0.0000000000000000     
  -4.5774199135765397      -0.62846840120614511        0.0000000000000000     
 --- Blob --- --- 
         254         483         484         252
           0           1           0           0
  -4.5774199135765397      -0.62846840120614511        0.0000000000000000     
  -4.5705960226152822      -0.64356393660370892        0.0000000000000000     
  -4.5487430882729694      -0.67947779812479081        0.0000000000000000     
  -4.5142798065382053      -0.71724222530536874        0.0000000000000000     
  -4.4809962246552137      -0.74313901309154240        0.0000000000000000     
  -4.4671445329637427      -0.75208734740162120        0.0000000000000000     
 --- Blob --- --- 
         252         484         485         253
           0           1           0           0
  -4.4671445329637427      -0.75208734740162120        0.0000000000000000     
  -4.4526670907030139      -0.76060691524915924        0.0000000000000000     
  -4.4123087592435990      -0.78105183806362588        0.0000000000000000     
  -4.3583841755795589      -0.80362003224205159        0.0000000000000000     
  -4.3123918294853558      -0.82075261360996132        0.0000000000000000     
  -4.2944398096099157      -0.82723881815896694        0.0000000000000000     
 --- Blob --- --- 
         253         485         486         255
           0           1           0           0
  -4.2944398096099157      -0.82723881815896694        0.0000000000000000     
  -4.2763787935151889      -0.83375675331078691        0.0000000000000000     
  -4.2286928708015390      -0.85140088423685933        0.0000000000000000     
  -4.1697936892205414      -0.87542466902124583        0.0000000000000000     
  -4.1229683902659113      -0.89765840968530786        0.0000000000000000     
  -4.1054145103550779      -0.90699121931655269        0.0000000000000000     
 --- Blob --- --- 
         255         486         487         248
           0           1           0           0
  -4.1054145103550779      -0.90699121931655269        0.0000000000000000     
  -4.0881974181926681      -0.91678733871281659        0.0000000000000000     
  -4.0443841450403042      -0.94516098737962728        0.0000000000000000     
  -3.9932245582509975      -0.98638112371759146        0.0000000000000000     
  -3.9546199603767844       -1.0252773725319617        0.0000000000000000     
  -3.9405776500564813       -1.0415291144415406        0.0000000000000000     
 --- Blob --- --- 
         248         487         488          72
           0           1           0           0
  -3.9405776500564813       -1.0415291144415406        0.0000000000000000     
  -3.9270332016072254       -1.0584466185889230        0.0000000000000000     
  -3.8934484516092924       -1.1065170654380820        0.0000000000000000     
  -3.8556294285640109       -1.1735916719536581        0.0000000000000000     
  -3.8278486578073436       -1.2340020075594056        0.0000000000000000     
  -3.8178475615046210       -1.2584907945692223        0.0000000000000000     
 --- Blob --- --- 
          72         488         489          57
           0           1           0           0
  -3.8178475615046210       -1.2584907945692223        0.0000000000000000     
  -3.8082214960677772       -1.2835669098676599        0.0000000000000000     
  -3.7843255322322364       -1.3526298781641948        0.0000000000000000     
  -3.7568935495719891       -1.4443113842194479        0.0000000000000000     
  -3.7358262269785341       -1.5229635507302479        0.0000000000000000     
  -3.7279234594098756       -1.5539230059384597        0.0000000000000000     
 --- Blob --- --- 
          57         489         490          42
           0           1           0           0
  -3.7279234594098756       -1.5539230059384597        0.0000000000000000     
  -3.7201042677915286       -1.5851233388698045        0.0000000000000000     
  -3.6995522311341826       -1.6686143238349864        0.0000000000000000     
  -3.6732916999125620       -1.7745120100033072        0.0000000000000000     
  -3.6506593328194552       -1.8613972767172886        0.0000000000000000     
  -3.6415575228496126       -1.8946784865604032        0.0000000000000000     
 --- Blob --- --- 
          42         490         491          43
           0           1           0           0
  -3.6415575228496126       -1.8946784865604032        0.0000000000000000     
  -3.6322381003433377       -1.9276555953074648        0.0000000000000000     
  -3.6062437840700858       -2.0135569015527497        0.0000000000000000     
  -3.5703646234277708       -2.1178787086058599        0.0000000000000000     
  -3.5378163024245386       -2.1998109100468741        0.0000000000000000     
  -3.5244743122290947       -2.2303484087280663        0.0000000000000000     
 --- Blob --- --- 
          43         491         492          28
           0           1           0           0
  -3.5244743122290947       -2.2303484087280663        0.0000000000000000     
  -3.5107822531882080       -2.2600322379511226        0.0000000000000000     
  -3.4724174805569490       -2.3352588266085434        0.0000000000000000     
  -3.4197860310595525       -2.4225489206902786        0.0000000000000000     
  -3.3729201290347186       -2.4879296079832023        0.0000000000000000     
  -3.3540134681498803       -2.5115648098120706        0.0000000000000000     
 --- Blob --- --- 
          28         492         493         230
           0           1           0           0
  -3.3540134681498803       -2.5115648098120706        0.0000000000000000     
  -3.3348961284275123       -2.5340454064850184        0.0000000000000000     
  -3.2824062471890070       -2.5892596418950493        0.0000000000000000     
  -3.2129141322743195       -2.6499849493554088        0.0000000000000000     
  -3.1533237278696742       -2.6929004056760339        0.0000000000000000     
  -3.1298518704972151       -2.7078245291487701        0.0000000000000000     
 --- Blob --- --- 
         230         493         494         228
           0           1           0           0
  -3.1298518704972151       -2.7078245291487701        0.0000000000000000     
  -3.1065104184940675       -2.7216650539966767        0.0000000000000000     
  -3.0439614687304046       -2.7542959616686979        0.0000000000000000     
  -2.9643459298884456       -2.7876758727357664        0.0000000000000000     
  -2.8987019265537284       -2.8094095041792668        0.0000000000000000     
  -2.8734640591398453       -2.8165526050691425        0.0000000000000000     
 --- Blob --- --- 
         228         494         495         229
           0           1           0           0
  -2.8734640591398453       -2.8165526050691425        0.0000000000000000     
  -2.8487053478391795       -2.8229638341623828        0.0000000000000000     
  -2.7839184789716600       -2.8371942347371992        0.0000000000000000     
  -2.7045647264709665       -2.8502811326403625        0.0000000000000000     
  -2.6416117794445499       -2.8578902825414461        0.0000000000000000     
  -2.6179824661349804       -2.8602299261708675        0.0000000000000000     
 --- Blob --- --- 
         229         495         496         231
           0           1           0           0
  -2.6179824661349804       -2.8602299261708675        0.0000000000000000     
  -2.5950280693284338       -2.8622754673013517        0.0000000000000000     
  -2.5363774667098919       -2.8666861053620347        0.0000000000000000     
  -2.4672995205154327       -2.8709920027718505        0.0000000000000000     
  -2.4146587471263024       -2.8742988488922236        0.0000000000000000     
  -2.3953983252020556       -2.8756629575728963        0.0000000000000000     
 --- Blob --- --- 
         231         496         497         232
           0           1           0           0
  -2.3953983252020556       -2.8756629575728963        0.0000000000000000     
  -2.3768241934937868       -2.8771193380520019        0.0000000000000000     
  -2.3305926850784240       -2.8816687769324627        0.0000000000000000     
  -2.2784886862312637       -2.8894358970829095        0.0000000000000000     
  -2.2405888951485351       -2.8980842477904418        0.0000000000000000     
  -2.2271352395471622       -2.9020569417896653        0.0000000000000000     
 --- Blob --- --- 
         232         497         498          16
           0           1           0           0
  -2.2271352395471622       -2.9020569417896653        0.0000000000000000     
  -2.2142599204245510       -2.9064338163265804        0.0000000000000000     
  -2.1832270922614225       -2.9199853637400328        0.0000000000000000     
  -2.1501271438963636       -2.9413489114901288        0.0000000000000000     
  -2.1274352276356732       -2.9627165500006987        0.0000000000000000     
  -2.1196862525746631       -2.9718944176267672        0.0000000000000000     
 --- Blob --- --- 
          16         498         499         223
           0           1           0           0
  -2.1196862525746631       -2.9718944176267672        0.0000000000000000     
  -2.1123556004277053       -2.9817459237201067        0.0000000000000000     
  -2.0953911418790154       -3.0103667112699792        0.0000000000000000     
  -2.0784647464703720       -3.0514667087500951        0.0000000000000000     
  -2.0675738230075016       -3.0893189363161673        0.0000000000000000     
  -2.0639768774534186       -3.1048405047028211        0.0000000000000000     
 --- Blob --- --- 
         223         499         500         221
           0           1           0           0
  -2.0639768774534186       -3.1048405047028211        0.0000000000000000     
  -2.0605911874100271       -3.1212478646624526        0.0000000000000000     
  -2.0528604918630498       -3.1669310205170222        0.0000000000000000     
  -2.0449418701960633       -3.2284994709485031        0.0000000000000000     
  -2.0392158108213283       -3.2819944175046945        0.0000000000000000     
  -2.0370653287006202       -3.3031978635940371        0.0000000000000000     
 --- Blob --- --- 
         221         500         501         203
           0           1           0           0
  -2.0370653287006202       -3.3031978635940371        0.0000000000000000     
  -2.0348348179248843       -3.3253250980295461        0.0000000000000000     
  -2.0286392387319587       -3.3849364573633061        0.0000000000000000     
  -2.0196130298744426       -3.4612494749288305        0.0000000000000000     
  -2.0105873091281525       -3.5243298636191414        0.0000000000000000     
  -2.0066246557462062       -3.5485835267754582        0.0000000000000000     
 --- Blob --- --- 
         203         501         502         201
           0           1           0           0
  -2.0066246557462062       -3.5485835267754582        0.0000000000000000     
  -2.0022283458185144       -3.5734750973252378        0.0000000000000000     
  -1.9889487280642384       -3.6384664669573943        0.0000000000000000     
  -1.9685605818705596       -3.7175176326276280        0.0000000000000000     
  -1.9485069937090860       -3.7795127193405444        0.0000000000000000     
  -1.9399592788271258       -3.8025591134852599        0.0000000000000000     
 --- Blob --- --- 
         201         502         375         202
           0           1           0           0
  -1.9399592788271258       -3.8025591134852599        0.0000000000000000     
  -1.9307245374534183       -3.8256372999165578        0.0000000000000000     
  -1.9040391595549477       -3.8837336200952648        0.0000000000000000     
  -1.8660328139801072       -3.9500801976258795        0.0000000000000000     
  -1.8313266832354655       -3.9985986370636497        0.0000000000000000     
  -1.8171756760085596       -4.0157908527390491        0.0000000000000000     
 --- Blob --- --- 
