  
 ----------------
 Bad Element Info
 ----------------
  
 Element          401
        -0.90288184527968962      -0.99531241582389929        0.0000000000000000     
        -0.81038418296593939      -0.99226765527908001        0.0000000000000000     
        -0.85569665711368736      -0.92217015671750868        0.0000000000000000     
        -0.88765996021226823      -0.94951687347312297        0.0000000000000000     
 Problems:
       Maximum Angle      148.93535656414829     
  
 //////////////////////////////////////////////////
 Element          704
         -1.0068620092639782      -0.93968274194100843        0.0000000000000000     
         -1.0067348829601828      -0.96729266399475178        0.0000000000000000     
        -0.99643867075253556      -0.98643473109985769        0.0000000000000000     
        -0.98594157023551754      -0.94736373780528071        0.0000000000000000     
 Problems:
       Maximum Angle      151.98871091867491     
  
 //////////////////////////////////////////////////
  
 ------------------------
 2D Mesh Quality Measures
 ------------------------
  
Signed Area     Aspect Ratio    Condition       Edge Ratio      Jacobian        Minimum Angle   Maximum Angle   Area Sign       
      3.8026E-01      1.2963E+00      1.1438E+00      1.5327E+00      3.1140E-01      6.2425E+01      1.0822E+02      1.0000E+00
      1.7654E-01      1.2619E+00      1.0665E+00      1.5507E+00      1.1893E-01      7.0610E+01      1.0883E+02      1.0000E+00
      2.1467E-01      1.5281E+00      1.5225E+00      1.8910E+00      8.7184E-02      6.6830E+01      1.3888E+02      1.0000E+00
      1.3764E-01      1.1370E+00      1.0823E+00      1.2370E+00      1.1058E-01      7.6348E+01      1.1229E+02      1.0000E+00
      2.2726E-01      1.5951E+00      1.5576E+00      2.1999E+00      1.2096E-01      5.3949E+01      1.3428E+02      1.0000E+00
      1.3025E-01      1.1317E+00      1.0252E+00      1.2533E+00      1.0300E-01      7.8553E+01      1.0272E+02      1.0000E+00
      1.9606E-01      1.4793E+00      1.3265E+00      1.9037E+00      1.3117E-01      5.3795E+01      1.2300E+02      1.0000E+00
      2.2836E-01      1.5856E+00      1.7331E+00      2.2169E+00      1.1584E-01      5.1577E+01      1.3831E+02      1.0000E+00
      1.9703E-01      1.4864E+00      1.3599E+00      1.9265E+00      1.2808E-01      5.1441E+01      1.2264E+02      1.0000E+00
      1.2102E-01      1.0926E+00      1.0154E+00      1.1925E+00      1.0100E-01      8.0008E+01      9.9051E+01      1.0000E+00
      1.9027E-01      1.5058E+00      1.1785E+00      1.9309E+00      1.0890E-01      6.2096E+01      1.1566E+02      1.0000E+00
      1.1825E-01      1.1119E+00      1.0587E+00      1.1561E+00      1.0107E-01      7.7618E+01      1.0917E+02      1.0000E+00
      1.5766E-01      1.7284E+00      1.4288E+00      1.9486E+00      8.5204E-02      5.5065E+01      1.3517E+02      1.0000E+00
      2.6635E-01      1.2825E+00      1.1751E+00      1.5499E+00      2.1640E-01      6.1974E+01      1.1094E+02      1.0000E+00
      1.8974E-01      1.2621E+00      1.1248E+00      1.3277E+00      1.6946E-01      6.5142E+01      1.1460E+02      1.0000E+00
      1.0357E-01      1.4024E+00      1.3343E+00      1.5023E+00      6.3605E-02      6.3464E+01      1.3143E+02      1.0000E+00
      1.5591E-01      1.3780E+00      1.4823E+00      1.6263E+00      9.3302E-02      6.4353E+01      1.3534E+02      1.0000E+00
      2.5184E-01      1.2869E+00      1.1328E+00      1.3815E+00      2.2678E-01      6.5616E+01      1.1447E+02      1.0000E+00
      3.3133E-01      1.3673E+00      1.1052E+00      1.5077E+00      2.5446E-01      7.2681E+01      1.0436E+02      1.0000E+00
      2.0853E-01      1.1271E+00      1.0301E+00      1.2295E+00      1.7785E-01      7.6588E+01      9.6473E+01      1.0000E+00
      2.6215E-01      1.1603E+00      1.0642E+00      1.3106E+00      2.1492E-01      7.0147E+01      1.0347E+02      1.0000E+00
      1.9166E-01      1.0747E+00      1.0108E+00      1.1563E+00      1.7222E-01      8.5384E+01      9.7841E+01      1.0000E+00
      1.6321E-01      1.1209E+00      1.0262E+00      1.1692E+00      1.4505E-01      8.0432E+01      1.0282E+02      1.0000E+00
      1.6219E-01      1.1926E+00      1.1675E+00      1.3474E+00      1.1446E-01      7.5834E+01      1.2068E+02      1.0000E+00
      6.6665E-02      1.5835E+00      1.4484E+00      2.1417E+00      3.5685E-02      5.7270E+01      1.3197E+02      1.0000E+00
      6.1454E-02      1.4682E+00      1.3443E+00      2.0493E+00      3.7117E-02      6.0178E+01      1.2494E+02      1.0000E+00
      3.4924E-02      1.0916E+00      1.0284E+00      1.1943E+00      2.9869E-02      8.4755E+01      1.0309E+02      1.0000E+00
      1.6861E-01      1.1607E+00      1.0523E+00      1.2225E+00      1.5035E-01      7.3749E+01      1.0699E+02      1.0000E+00
      1.5659E-01      1.2002E+00      1.0452E+00      1.3639E+00      1.3010E-01      7.5721E+01      1.0247E+02      1.0000E+00
      6.8486E-02      1.6722E+00      1.5678E+00      2.3083E+00      3.4402E-02      5.3788E+01      1.3533E+02      1.0000E+00
      3.3632E-02      1.0795E+00      1.0281E+00      1.1823E+00      2.8725E-02      8.3784E+01      1.0301E+02      1.0000E+00
      5.2294E-02      1.5061E+00      1.3290E+00      1.9482E+00      3.3514E-02      5.2217E+01      1.2166E+02      1.0000E+00
      6.7969E-02      1.6519E+00      1.6250E+00      2.2731E+00      3.4018E-02      5.2815E+01      1.3684E+02      1.0000E+00
      5.3386E-02      1.4935E+00      1.3245E+00      1.8898E+00      3.4906E-02      5.1710E+01      1.2188E+02      1.0000E+00
      3.6087E-02      1.1234E+00      1.0200E+00      1.2362E+00      2.9748E-02      8.0982E+01      1.0128E+02      1.0000E+00
      1.4340E-01      1.2032E+00      1.0553E+00      1.3063E+00      1.2378E-01      7.4540E+01      1.0498E+02      1.0000E+00
      1.8261E-01      1.0760E+00      1.0207E+00      1.2206E+00      1.6891E-01      8.6562E+01      9.4578E+01      1.0000E+00
      1.5120E-01      1.1114E+00      1.0540E+00      1.2849E+00      1.2742E-01      7.7837E+01      1.0567E+02      1.0000E+00
      6.6933E-02      1.5152E+00      1.3037E+00      2.0500E+00      3.9497E-02      6.1348E+01      1.2502E+02      1.0000E+00
      4.0004E-02      1.0726E+00      1.0497E+00      1.1622E+00      3.4883E-02      7.8308E+01      1.0702E+02      1.0000E+00
      7.1154E-02      1.5635E+00      1.3182E+00      1.9879E+00      4.1463E-02      5.9712E+01      1.2797E+02      1.0000E+00
      1.8491E-01      1.0724E+00      1.0174E+00      1.1468E+00      1.8198E-01      8.2998E+01      9.7222E+01      1.0000E+00
      1.7800E-01      1.0933E+00      1.0204E+00      1.1442E+00      1.7073E-01      8.1464E+01      9.9502E+01      1.0000E+00
      1.6226E-01      1.0485E+00      1.0053E+00      1.1029E+00      1.5571E-01      8.7769E+01      9.4337E+01      1.0000E+00
      1.7404E-01      1.0420E+00      1.0026E+00      1.0726E+00      1.7087E-01      8.8906E+01      9.1474E+01      1.0000E+00
      1.7623E-01      1.1283E+00      1.0787E+00      1.4080E+00      1.4332E-01      7.5250E+01      1.0094E+02      1.0000E+00
      2.0138E-01      1.1220E+00      1.0305E+00      1.2206E+00      1.7815E-01      7.6831E+01      9.7825E+01      1.0000E+00
      1.5032E-01      1.3369E+00      1.2887E+00      1.4814E+00      9.0492E-02      6.8078E+01      1.2909E+02      1.0000E+00
      1.2147E-01      1.4996E+00      1.4093E+00      1.6535E+00      7.6654E-02      5.5045E+01      1.3379E+02      1.0000E+00
      1.4411E-01      1.1103E+00      1.0285E+00      1.2376E+00      1.3114E-01      8.4176E+01      1.0051E+02      1.0000E+00
      1.9933E-01      1.1050E+00      1.0280E+00      1.2505E+00      1.8931E-01      8.5133E+01      9.5989E+01      1.0000E+00
      2.2108E-01      1.1610E+00      1.0511E+00      1.2536E+00      2.0684E-01      7.5023E+01      1.0361E+02      1.0000E+00
      1.7062E-01      1.0888E+00      1.0131E+00      1.1430E+00      1.6376E-01      8.4838E+01      9.5792E+01      1.0000E+00
      2.0658E-01      1.1116E+00      1.0163E+00      1.1727E+00      1.9172E-01      8.5201E+01      9.6208E+01      1.0000E+00
      2.6154E-01      1.1372E+00      1.0487E+00      1.2483E+00      2.4484E-01      7.4614E+01      1.0228E+02      1.0000E+00
      1.9899E-01      1.1500E+00      1.0899E+00      1.2518E+00      1.6726E-01      7.5971E+01      1.1260E+02      1.0000E+00
      2.4399E-01      1.2531E+00      1.0834E+00      1.4958E+00      1.8080E-01      6.9381E+01      9.9688E+01      1.0000E+00
      1.1201E-01      1.8109E+00      1.3427E+00      2.3173E+00      6.2389E-02      5.7409E+01      1.2121E+02      1.0000E+00
      1.2150E-01      1.9235E+00      1.4149E+00      2.5324E+00      5.9408E-02      5.2179E+01      1.2503E+02      1.0000E+00
      6.0668E-02      1.1056E+00      1.0926E+00      1.1045E+00      5.3352E-02      7.2423E+01      1.1376E+02      1.0000E+00
      5.9847E-02      1.6774E+00      1.5266E+00      2.1111E+00      3.1722E-02      5.2885E+01      1.3617E+02      1.0000E+00
      6.3648E-02      1.3929E+00      1.1588E+00      1.9155E+00      4.1430E-02      7.0398E+01      1.1362E+02      1.0000E+00
      3.8070E-02      1.1723E+00      1.0658E+00      1.2680E+00      3.0297E-02      7.8544E+01      1.1022E+02      1.0000E+00
      5.7236E-02      1.0507E+00      1.0107E+00      1.0803E+00      5.5900E-02      8.2416E+01      9.6879E+01      1.0000E+00
      4.0282E-02      1.1620E+00      1.0288E+00      1.3201E+00      3.3787E-02      8.0534E+01      1.0200E+02      1.0000E+00
      4.2429E-02      1.1823E+00      1.0407E+00      1.2732E+00      3.5952E-02      7.9612E+01      1.0361E+02      1.0000E+00
      1.7298E-02      1.5833E+00      1.4293E+00      2.1529E+00      9.7485E-03      5.6229E+01      1.3019E+02      1.0000E+00
      1.7584E-02      1.5448E+00      1.3834E+00      2.1403E+00      1.0048E-02      5.8487E+01      1.2776E+02      1.0000E+00
      8.9940E-03      1.0546E+00      1.0225E+00      1.0950E+00      8.1246E-03      8.3406E+01      1.0204E+02      1.0000E+00
      6.4688E-02      1.0418E+00      1.0252E+00      1.0972E+00      6.1327E-02      7.9430E+01      1.0177E+02      1.0000E+00
      5.2708E-02      1.0743E+00      1.0218E+00      1.1627E+00      4.7777E-02      7.8227E+01      9.7733E+01      1.0000E+00
      6.1199E-02      1.1615E+00      1.1013E+00      1.3491E+00      5.1071E-02      6.7639E+01      1.0966E+02      1.0000E+00
      4.5324E-02      1.1857E+00      1.0397E+00      1.3192E+00      3.7982E-02      7.8676E+01      1.0382E+02      1.0000E+00
      4.4671E-02      1.2063E+00      1.0832E+00      1.2902E+00      3.7067E-02      7.1473E+01      1.1235E+02      1.0000E+00
      1.7682E-02      1.6622E+00      1.6176E+00      2.3253E+00      8.8274E-03      5.2954E+01      1.3616E+02      1.0000E+00
      8.4992E-03      1.0846E+00      1.0264E+00      1.1959E+00      7.1965E-03      8.4529E+01      1.0256E+02      1.0000E+00
      1.3317E-02      1.5099E+00      1.3497E+00      1.9649E+00      8.3730E-03      5.0821E+01      1.2128E+02      1.0000E+00
      1.3070E-02      1.5215E+00      1.3423E+00      1.9587E+00      8.3685E-03      5.1575E+01      1.2259E+02      1.0000E+00
      1.7460E-02      1.6722E+00      1.5491E+00      2.3299E+00      8.7335E-03      5.4500E+01      1.3464E+02      1.0000E+00
      8.4827E-03      1.0859E+00      1.0271E+00      1.1923E+00      7.2148E-03      8.3985E+01      1.0277E+02      1.0000E+00
      4.0904E-02      1.1966E+00      1.0523E+00      1.3639E+00      3.4366E-02      7.3971E+01      1.0529E+02      1.0000E+00
      4.3659E-02      1.1568E+00      1.0431E+00      1.2057E+00      3.9127E-02      7.6289E+01      1.0469E+02      1.0000E+00
      1.7330E-02      1.6809E+00      1.5652E+00      2.2908E+00      8.8585E-03      5.3084E+01      1.3535E+02      1.0000E+00
      8.6296E-03      1.0784E+00      1.0279E+00      1.1829E+00      7.3949E-03      8.4037E+01      1.0287E+02      1.0000E+00
      1.4658E-02      1.5090E+00      1.3313E+00      2.0586E+00      9.3052E-03      5.5308E+01      1.2178E+02      1.0000E+00
      1.7381E-02      1.6640E+00      1.7450E+00      2.2853E+00      7.8611E-03      5.2792E+01      1.4080E+02      1.0000E+00
      1.2247E-02      1.6920E+00      1.4529E+00      2.4494E+00      6.3157E-03      4.8556E+01      1.2150E+02      1.0000E+00
      8.0933E-03      1.2094E+00      1.0845E+00      1.5158E+00      6.2574E-03      7.2420E+01      1.0464E+02      1.0000E+00
      4.3403E-02      1.1699E+00      1.0543E+00      1.2116E+00      3.7987E-02      7.4583E+01      1.0801E+02      1.0000E+00
      4.8489E-02      1.0973E+00      1.0191E+00      1.1912E+00      4.4587E-02      8.5094E+01      9.9065E+01      1.0000E+00
      3.9750E-02      1.1395E+00      1.1753E+00      1.3867E+00      3.1600E-02      6.8782E+01      1.1629E+02      1.0000E+00
      1.8307E-02      1.5556E+00      1.2567E+00      2.0613E+00      1.0727E-02      6.2938E+01      1.2362E+02      1.0000E+00
      1.2495E-02      1.1989E+00      1.1153E+00      1.3353E+00      1.0382E-02      6.3808E+01      1.1203E+02      1.0000E+00
      2.1906E-02      1.5642E+00      1.2644E+00      1.7675E+00      1.3639E-02      6.3885E+01      1.2435E+02      1.0000E+00
      1.1221E-02      1.0710E+00      1.0093E+00      1.1461E+00      9.7745E-03      8.2545E+01      9.7354E+01      1.0000E+00
      1.0053E-02      1.1401E+00      1.0961E+00      1.2946E+00      7.5736E-03      7.9111E+01      1.1371E+02      1.0000E+00
      1.0126E-02      1.1323E+00      1.0326E+00      1.2089E+00      8.8607E-03      8.0601E+01      1.0424E+02      1.0000E+00
      3.6740E-03      1.5177E+00      1.4514E+00      2.1142E+00      2.1285E-03      5.6316E+01      1.2952E+02      1.0000E+00
      4.1298E-03      1.5333E+00      1.4214E+00      2.1389E+00      2.2497E-03      5.9064E+01      1.2984E+02      1.0000E+00
      2.0405E-03      1.0771E+00      1.0193E+00      1.1767E+00      1.7740E-03      8.4852E+01      1.0064E+02      1.0000E+00
      4.4613E-03      1.4581E+00      1.3884E+00      2.0912E+00      2.6552E-03      5.9498E+01      1.2570E+02      1.0000E+00
      4.6880E-03      1.4878E+00      1.5336E+00      1.6919E+00      2.7828E-03      5.3373E+01      1.3748E+02      1.0000E+00
      2.6081E-03      1.1037E+00      1.0340E+00      1.2593E+00      2.3561E-03      8.0091E+01      9.6815E+01      1.0000E+00
      4.0193E-03      1.6209E+00      1.4479E+00      2.2039E+00      1.8982E-03      6.0999E+01      1.3369E+02      1.0000E+00
      2.1718E-03      1.1461E+00      1.0533E+00      1.2096E+00      1.8261E-03      7.7749E+01      1.0830E+02      1.0000E+00
      3.4985E-03      1.4478E+00      1.1879E+00      1.8937E+00      2.3044E-03      6.5226E+01      1.1801E+02      1.0000E+00
      3.2027E-03      1.2455E+00      1.0642E+00      1.4709E+00      2.4067E-03      7.1586E+01      1.0140E+02      1.0000E+00
      1.9355E-03      1.0894E+00      1.0264E+00      1.2130E+00      1.6721E-03      7.7081E+01      9.7684E+01      1.0000E+00
      1.0131E-02      1.1339E+00      1.0324E+00      1.2070E+00      8.8925E-03      8.0324E+01      1.0417E+02      1.0000E+00
      1.1062E-02      1.0806E+00      1.0104E+00      1.1553E+00      9.6220E-03      8.2070E+01      9.7035E+01      1.0000E+00
      9.3060E-03      1.1608E+00      1.0342E+00      1.2613E+00      7.7196E-03      8.1145E+01      1.0445E+02      1.0000E+00
      4.1921E-03      1.5221E+00      1.3725E+00      2.1284E+00      2.3661E-03      6.0012E+01      1.2735E+02      1.0000E+00
      2.0887E-03      1.0661E+00      1.0265E+00      1.1356E+00      1.8380E-03      8.3003E+01      1.0292E+02      1.0000E+00
      3.8536E-03      1.5365E+00      1.4382E+00      2.1145E+00      2.2152E-03      5.6449E+01      1.2974E+02      1.0000E+00
      6.2202E-03      1.2168E+00      1.0891E+00      1.3787E+00      4.7814E-03      6.6952E+01      1.0329E+02      1.0000E+00
      2.0920E-03      1.1087E+00      1.0164E+00      1.1983E+00      1.7799E-03      8.0466E+01      9.7692E+01      1.0000E+00
      3.3340E-03      1.1972E+00      1.0562E+00      1.3533E+00      2.6493E-03      7.2149E+01      1.0099E+02      1.0000E+00
      6.4550E-03      1.7324E+00      1.2886E+00      2.2999E+00      3.6277E-03      5.9409E+01      1.1988E+02      1.0000E+00
      1.1280E-01      1.0751E+00      1.0123E+00      1.1682E+00      1.0537E-01      8.7867E+01      9.5296E+01      1.0000E+00
      5.1341E-02      1.1523E+00      1.0388E+00      1.2189E+00      4.7427E-02      7.7624E+01      1.0212E+02      1.0000E+00
      8.3683E-02      1.2681E+00      1.0930E+00      1.3912E+00      6.8034E-02      6.8930E+01      1.0822E+02      1.0000E+00
      4.5558E-02      1.1218E+00      1.0723E+00      1.2316E+00      3.9902E-02      7.6332E+01      1.0957E+02      1.0000E+00
      5.3770E-02      1.3763E+00      1.2939E+00      1.8698E+00      3.2460E-02      6.5128E+01      1.2435E+02      1.0000E+00
      3.9238E-02      1.3878E+00      1.4197E+00      1.9457E+00      2.6347E-02      5.6123E+01      1.2458E+02      1.0000E+00
      2.7674E-02      1.1596E+00      1.0944E+00      1.4195E+00      2.0683E-02      8.0315E+01      1.1107E+02      1.0000E+00
      1.4359E-01      1.1789E+00      1.0438E+00      1.2921E+00      1.1816E-01      7.8467E+01      1.0646E+02      1.0000E+00
      1.8314E-01      1.0380E+00      1.0096E+00      1.0865E+00      1.7382E-01      8.2110E+01      9.5989E+01      1.0000E+00
      1.5209E-01      1.1630E+00      1.1285E+00      1.2815E+00      1.0924E-01      7.7604E+01      1.1759E+02      1.0000E+00
      6.3105E-02      1.4954E+00      1.3205E+00      2.0458E+00      3.8957E-02      5.9521E+01      1.2426E+02      1.0000E+00
      3.8065E-02      1.2130E+00      1.0641E+00      1.3317E+00      3.2169E-02      7.2442E+01      1.0601E+02      1.0000E+00
      6.7232E-02      1.4026E+00      1.3628E+00      1.7647E+00      4.0701E-02      6.0637E+01      1.2974E+02      1.0000E+00
      1.7527E-01      1.0268E+00      1.0022E+00      1.0484E+00      1.7461E-01      8.7312E+01      9.2671E+01      1.0000E+00
      1.7293E-01      1.0549E+00      1.0218E+00      1.1431E+00      1.6376E-01      8.0563E+01      9.9091E+01      1.0000E+00
      1.8006E-01      1.0524E+00      1.0068E+00      1.0883E+00      1.7287E-01      8.4141E+01      9.4421E+01      1.0000E+00
      1.7187E-01      1.0438E+00      1.0089E+00      1.1314E+00      1.6103E-01      8.5777E+01      9.2846E+01      1.0000E+00
      9.3853E-02      1.4837E+00      1.2651E+00      1.8553E+00      5.4570E-02      6.4729E+01      1.2626E+02      1.0000E+00
      1.2303E-01      1.2559E+00      1.0975E+00      1.4281E+00      9.5495E-02      6.6787E+01      1.0697E+02      1.0000E+00
      1.5633E-01      1.0369E+00      1.0046E+00      1.0937E+00      1.5053E-01      8.7525E+01      9.3611E+01      1.0000E+00
      1.7024E-01      1.0452E+00      1.0096E+00      1.0877E+00      1.5769E-01      8.2113E+01      9.3723E+01      1.0000E+00
      1.7580E-01      1.0720E+00      1.0097E+00      1.1342E+00      1.6201E-01      8.2635E+01      9.3560E+01      1.0000E+00
      1.5590E-01      1.1538E+00      1.1148E+00      1.3265E+00      1.1499E-01      7.7963E+01      1.1555E+02      1.0000E+00
      1.4051E-01      1.1667E+00      1.1239E+00      1.2922E+00      9.8882E-02      7.9484E+01      1.1716E+02      1.0000E+00
      6.3923E-02      1.4135E+00      1.5768E+00      1.8104E+00      3.2483E-02      5.9836E+01      1.3801E+02      1.0000E+00
      5.4725E-02      1.4996E+00      1.3884E+00      2.0646E+00      3.3721E-02      5.6811E+01      1.2657E+02      1.0000E+00
      3.0815E-02      1.0678E+00      1.0171E+00      1.1563E+00      2.7371E-02      7.9471E+01      9.5419E+01      1.0000E+00
      7.4801E-02      1.5409E+00      1.2949E+00      2.2148E+00      4.0314E-02      6.5238E+01      1.2389E+02      1.0000E+00
      6.1597E-02      1.6214E+00      1.4735E+00      2.1020E+00      3.5116E-02      5.3374E+01      1.3283E+02      1.0000E+00
      3.6111E-02      1.0930E+00      1.0276E+00      1.1532E+00      3.1719E-02      8.1833E+01      1.0328E+02      1.0000E+00
      7.8207E-02      1.5546E+00      1.6948E+00      2.3253E+00      3.8651E-02      5.4420E+01      1.3588E+02      1.0000E+00
      3.5114E-02      1.1068E+00      1.0196E+00      1.1849E+00      2.9995E-02      8.4412E+01      1.0125E+02      1.0000E+00
      5.9371E-02      1.5790E+00      1.4086E+00      2.0420E+00      3.5812E-02      4.7321E+01      1.2287E+02      1.0000E+00
      6.0763E-02      1.1560E+00      1.0317E+00      1.2073E+00      5.4981E-02      8.0019E+01      1.0029E+02      1.0000E+00
      3.8591E-02      1.2092E+00      1.0443E+00      1.3342E+00      3.1576E-02      8.0809E+01      1.0285E+02      1.0000E+00
      1.6497E-02      1.5031E+00      1.4178E+00      1.9447E+00      9.4406E-03      5.7837E+01      1.3150E+02      1.0000E+00
      3.9337E-02      1.1831E+00      1.0450E+00      1.3167E+00      3.3231E-02      7.6348E+01      1.0549E+02      1.0000E+00
      4.7473E-02      1.0708E+00      1.0104E+00      1.1436E+00      4.7219E-02      8.6944E+01      9.3146E+01      1.0000E+00
      1.6846E-02      1.5771E+00      1.2414E+00      2.0098E+00      9.8513E-03      6.3476E+01      1.2401E+02      1.0000E+00
      6.8090E-02      1.5245E+00      1.2521E+00      2.1035E+00      4.1203E-02      6.3053E+01      1.2098E+02      1.0000E+00
      5.4769E-02      1.6358E+00      1.3960E+00      1.9738E+00      3.6819E-02      5.0325E+01      1.2964E+02      1.0000E+00
      4.1379E-02      1.2072E+00      1.0601E+00      1.3471E+00      3.0850E-02      7.9557E+01      1.0938E+02      1.0000E+00
      6.4961E-02      1.0510E+00      1.0288E+00      1.1070E+00      6.0621E-02      7.8689E+01      1.0292E+02      1.0000E+00
      4.9195E-02      1.1121E+00      1.0883E+00      1.2286E+00      4.0008E-02      7.6274E+01      1.1255E+02      1.0000E+00
      5.8335E-02      1.2543E+00      1.1083E+00      1.5545E+00      4.1266E-02      6.6039E+01      9.9574E+01      1.0000E+00
      4.8359E-02      1.0797E+00      1.0147E+00      1.1588E+00      4.7351E-02      8.4037E+01      9.4958E+01      1.0000E+00
      4.1715E-02      1.1689E+00      1.0638E+00      1.3246E+00      3.2384E-02      8.2169E+01      1.0949E+02      1.0000E+00
      3.8372E-02      1.1226E+00      1.0623E+00      1.2470E+00      3.1062E-02      8.1168E+01      1.0926E+02      1.0000E+00
      1.3453E-02      1.6346E+00      1.4044E+00      2.4606E+00      7.7306E-03      5.6093E+01      1.2345E+02      1.0000E+00
      1.5474E-02      1.6062E+00      1.4464E+00      2.1834E+00      8.3577E-03      5.6533E+01      1.3149E+02      1.0000E+00
      8.5650E-03      1.2410E+00      1.0776E+00      1.5602E+00      6.0438E-03      7.1157E+01      1.0506E+02      1.0000E+00
      1.8299E-02      1.5300E+00      1.3113E+00      2.2322E+00      9.7816E-03      6.5184E+01      1.2419E+02      1.0000E+00
      1.3923E-02      1.7632E+00      1.4936E+00      2.5401E+00      7.8581E-03      5.1156E+01      1.2877E+02      1.0000E+00
      9.1007E-03      1.2697E+00      1.0625E+00      1.5759E+00      6.4193E-03      7.2503E+01      1.0704E+02      1.0000E+00
      1.8567E-02      1.4795E+00      1.5661E+00      2.1997E+00      9.6618E-03      5.8046E+01      1.3246E+02      1.0000E+00
      9.0833E-03      1.2738E+00      1.0833E+00      1.5703E+00      6.4553E-03      6.8455E+01      1.0292E+02      1.0000E+00
      1.5185E-02      1.6742E+00      1.5240E+00      2.5249E+00      8.1816E-03      5.0106E+01      1.2531E+02      1.0000E+00
      5.3560E-03      1.5805E+00      1.4809E+00      2.2715E+00      3.1149E-03      5.4105E+01      1.2868E+02      1.0000E+00
      5.3072E-03      1.6496E+00      1.5508E+00      2.3300E+00      2.9787E-03      5.1602E+01      1.3190E+02      1.0000E+00
      2.6927E-03      1.0864E+00      1.0137E+00      1.1722E+00      2.2742E-03      8.1537E+01      9.9420E+01      1.0000E+00
      4.6596E-03      1.6116E+00      1.5214E+00      2.2609E+00      2.3038E-03      5.7106E+01      1.3412E+02      1.0000E+00
      2.1225E-03      1.2342E+00      1.0642E+00      1.5374E+00      1.6126E-03      7.7778E+01      1.0551E+02      1.0000E+00
      3.3950E-03      1.6733E+00      1.4135E+00      2.4927E+00      1.7629E-03      5.1900E+01      1.2037E+02      1.0000E+00
      4.5455E-03      1.6355E+00      1.5281E+00      2.2561E+00      2.2400E-03      5.6355E+01      1.3482E+02      1.0000E+00
      2.1159E-03      1.2307E+00      1.0650E+00      1.5365E+00      1.6101E-03      7.7770E+01      1.0542E+02      1.0000E+00
      3.3282E-03      1.6538E+00      1.3936E+00      2.4556E+00      1.7528E-03      5.2750E+01      1.1975E+02      1.0000E+00
      1.0903E-03      1.5197E+00      1.3543E+00      2.0802E+00      6.0569E-04      6.1275E+01      1.2787E+02      1.0000E+00
      1.0877E-03      1.5209E+00      1.3511E+00      2.0777E+00      6.0744E-04      6.1172E+01      1.2771E+02      1.0000E+00
      5.8830E-04      1.0719E+00      1.0325E+00      1.1230E+00      5.1386E-04      8.2564E+01      1.0442E+02      1.0000E+00
      1.1523E-03      1.6201E+00      1.5490E+00      2.3114E+00      5.9646E-04      5.4719E+01      1.3332E+02      1.0000E+00
      5.7227E-04      1.0850E+00      1.0258E+00      1.1587E+00      4.8949E-04      8.5065E+01      1.0286E+02      1.0000E+00
      9.1665E-04      1.5768E+00      1.3513E+00      1.9830E+00      5.7816E-04      4.9970E+01      1.2382E+02      1.0000E+00
      1.1420E-03      1.6230E+00      1.5594E+00      2.3131E+00      5.8826E-04      5.4506E+01      1.3370E+02      1.0000E+00
      5.5585E-04      1.0916E+00      1.0274E+00      1.1850E+00      4.6806E-04      8.4758E+01      1.0316E+02      1.0000E+00
      8.6187E-04      1.5744E+00      1.3635E+00      1.9907E+00      5.3483E-04      4.8942E+01      1.2313E+02      1.0000E+00
      7.9315E-04      1.1451E+00      1.0346E+00      1.2710E+00      6.3254E-04      7.5306E+01      9.8698E+01      1.0000E+00
      7.8165E-04      1.1514E+00      1.0288E+00      1.2448E+00      7.2352E-04      8.1761E+01      9.7264E+01      1.0000E+00
      5.9406E-04      1.2923E+00      1.1430E+00      1.4082E+00      4.2834E-04      7.0485E+01      1.1894E+02      1.0000E+00
      4.7256E-03      1.6314E+00      1.4900E+00      2.2945E+00      2.3072E-03      5.8111E+01      1.3334E+02      1.0000E+00
      3.3511E-03      1.6857E+00      1.4020E+00      2.4791E+00      1.7524E-03      5.1924E+01      1.2074E+02      1.0000E+00
      2.1421E-03      1.2454E+00      1.0660E+00      1.5490E+00      1.6252E-03      7.7040E+01      1.0591E+02      1.0000E+00
      5.5264E-03      1.5999E+00      1.5658E+00      2.3205E+00      3.1386E-03      5.2119E+01      1.3103E+02      1.0000E+00
      2.7432E-03      1.0903E+00      1.0148E+00      1.1874E+00      2.3269E-03      8.1401E+01      9.8851E+01      1.0000E+00
      5.5479E-03      1.6284E+00      1.5252E+00      2.3063E+00      3.2589E-03      5.1446E+01      1.3011E+02      1.0000E+00
      1.1392E-03      1.6132E+00      1.5656E+00      2.3268E+00      5.8367E-04      5.4815E+01      1.3355E+02      1.0000E+00
      8.7755E-04      1.6324E+00      1.4318E+00      2.0249E+00      5.5318E-04      4.7259E+01      1.2771E+02      1.0000E+00
      5.4800E-04      1.1022E+00      1.0144E+00      1.1724E+00      4.7811E-04      8.3958E+01      9.8738E+01      1.0000E+00
      1.0849E-03      1.5174E+00      1.3477E+00      2.1000E+00      6.0254E-04      6.1716E+01      1.2720E+02      1.0000E+00
      5.7489E-04      1.0815E+00      1.0355E+00      1.1323E+00      5.1541E-04      8.0500E+01      1.0494E+02      1.0000E+00
      1.1024E-03      1.5516E+00      1.3447E+00      2.0899E+00      6.1649E-04      6.0523E+01      1.2786E+02      1.0000E+00
      7.0451E-04      1.1499E+00      1.0472E+00      1.2467E+00      6.5775E-04      7.8019E+01      1.0460E+02      1.0000E+00
      6.8118E-04      1.1603E+00      1.0332E+00      1.2484E+00      5.9099E-04      8.2651E+01      1.0116E+02      1.0000E+00
      4.3236E-04      1.2834E+00      1.3378E+00      1.4506E+00      2.5498E-04      6.8119E+01      1.3141E+02      1.0000E+00
      5.2493E-04      1.0934E+00      1.0265E+00      1.2552E+00      4.4034E-04      8.1700E+01      9.9884E+01      1.0000E+00
      1.1933E-03      1.7032E+00      1.7178E+00      2.4159E+00      5.9282E-04      5.0071E+01      1.3764E+02      1.0000E+00
      8.2604E-04      1.6163E+00      1.4677E+00      2.1421E+00      4.7314E-04      4.5029E+01      1.2248E+02      1.0000E+00
      2.1761E-03      1.2166E+00      1.0701E+00      1.5394E+00      1.6567E-03      7.7964E+01      1.0515E+02      1.0000E+00
      4.9224E-03      1.6635E+00      1.5874E+00      2.3112E+00      2.4780E-03      5.3412E+01      1.3556E+02      1.0000E+00
      3.6653E-03      1.6317E+00      1.4601E+00      2.5386E+00      1.8657E-03      5.1772E+01      1.1929E+02      1.0000E+00
      3.6475E-02      1.4905E+00      1.2145E+00      1.7457E+00      2.2346E-02      6.6125E+01      1.2402E+02      1.0000E+00
      4.0166E-02      1.5501E+00      1.2426E+00      1.8891E+00      2.2087E-02      6.7718E+01      1.2520E+02      1.0000E+00
      2.9530E-02      1.1221E+00      1.0696E+00      1.2171E+00      2.3073E-02      8.1348E+01      1.1078E+02      1.0000E+00
      3.9897E-02      1.1157E+00      1.0170E+00      1.1613E+00      3.7164E-02      8.3193E+01      9.6664E+01      1.0000E+00
      4.3839E-02      1.1125E+00      1.0190E+00      1.2280E+00      3.7019E-02      7.9181E+01      9.7089E+01      1.0000E+00
      4.2838E-02      1.1273E+00      1.0288E+00      1.2059E+00      3.8919E-02      8.1534E+01      1.0156E+02      1.0000E+00
      1.7351E-02      1.5476E+00      1.4337E+00      2.1290E+00      9.6650E-03      5.7382E+01      1.3025E+02      1.0000E+00
      8.9676E-03      1.0559E+00      1.0203E+00      1.0979E+00      8.1212E-03      8.3782E+01      1.0144E+02      1.0000E+00
      1.7551E-02      1.5269E+00      1.3907E+00      2.1072E+00      1.0003E-02      5.8710E+01      1.2830E+02      1.0000E+00
      4.0663E-02      1.1009E+00      1.0244E+00      1.1972E+00      3.4634E-02      8.5301E+01      1.0234E+02      1.0000E+00
      4.3878E-02      1.1031E+00      1.0172E+00      1.2061E+00      3.7640E-02      7.9703E+01      9.6060E+01      1.0000E+00
      4.2803E-02      1.1193E+00      1.0270E+00      1.1880E+00      3.8352E-02      8.1198E+01      1.0265E+02      1.0000E+00
      1.4066E-02      1.6644E+00      1.4858E+00      2.5242E+00      7.9701E-03      5.3528E+01      1.2634E+02      1.0000E+00
      9.1858E-03      1.2008E+00      1.0875E+00      1.5525E+00      6.5155E-03      7.3520E+01      1.0620E+02      1.0000E+00
      1.7515E-02      1.5380E+00      1.3525E+00      2.0911E+00      9.9876E-03      5.9856E+01      1.2746E+02      1.0000E+00
      3.2838E-02      1.0982E+00      1.0204E+00      1.1971E+00      2.7020E-02      8.1070E+01      1.0147E+02      1.0000E+00
      5.6613E-02      1.7035E+00      1.5579E+00      2.2205E+00      3.3543E-02      4.4843E+01      1.3018E+02      1.0000E+00
      5.6734E-02      1.6480E+00      1.5220E+00      2.1779E+00      3.3970E-02      4.6158E+01      1.2834E+02      1.0000E+00
      4.5907E-02      1.2000E+00      1.0754E+00      1.2453E+00      4.0888E-02      7.0985E+01      1.0975E+02      1.0000E+00
      4.1744E-02      1.2570E+00      1.1117E+00      1.4365E+00      2.9597E-02      7.5082E+01      1.1569E+02      1.0000E+00
      8.4501E-03      1.0794E+00      1.0317E+00      1.1923E+00      7.1863E-03      8.3292E+01      1.0361E+02      1.0000E+00
      1.2900E-02      1.5030E+00      1.2730E+00      1.9571E+00      8.0626E-03      5.4108E+01      1.1821E+02      1.0000E+00
      1.7346E-02      1.7241E+00      1.6302E+00      2.3579E+00      8.0363E-03      5.3511E+01      1.3818E+02      1.0000E+00
      1.4659E-02      1.6431E+00      1.4027E+00      2.1520E+00      7.9510E-03      4.5919E+01      1.1356E+02      1.0000E+00
      2.0571E-02      1.3488E+00      1.2620E+00      2.0005E+00      1.1350E-02      6.0395E+01      1.1144E+02      1.0000E+00
      1.1074E-02      1.2570E+00      1.0909E+00      1.5073E+00      8.0887E-03      7.6452E+01      1.0834E+02      1.0000E+00
      6.2377E-03      1.2873E+00      1.3491E+00      1.7433E+00      3.4118E-03      7.3787E+01      1.2881E+02      1.0000E+00
      1.3994E-02      1.5733E+00      1.3721E+00      2.0900E+00      8.7502E-03      5.4985E+01      1.2694E+02      1.0000E+00
      8.4169E-03      1.2415E+00      1.0673E+00      1.4153E+00      6.4751E-03      7.7210E+01      1.0496E+02      1.0000E+00
      1.4434E-02      1.4710E+00      1.4268E+00      2.1174E+00      8.1572E-03      5.9557E+01      1.2810E+02      1.0000E+00
      8.6142E-03      1.2612E+00      1.3674E+00      1.5016E+00      4.7902E-03      7.1176E+01      1.3239E+02      1.0000E+00
      1.4448E-02      1.0734E+00      1.0237E+00      1.1530E+00      1.3688E-02      8.1720E+01      1.0039E+02      1.0000E+00
      1.0687E-02      1.2584E+00      1.0769E+00      1.4179E+00      8.7850E-03      7.1917E+01      1.0747E+02      1.0000E+00
      5.7172E-02      1.7055E+00      1.5801E+00      2.1631E+00      3.4640E-02      4.3804E+01      1.3139E+02      1.0000E+00
      3.6879E-02      1.1668E+00      1.0497E+00      1.3285E+00      2.8140E-02      7.2363E+01      9.9732E+01      1.0000E+00
      5.7408E-02      1.6295E+00      1.5421E+00      2.1423E+00      3.4939E-02      4.5782E+01      1.2888E+02      1.0000E+00
      4.1140E-02      1.2131E+00      1.1280E+00      1.4349E+00      2.8988E-02      7.5156E+01      1.1661E+02      1.0000E+00
      4.6369E-02      1.1365E+00      1.0461E+00      1.1973E+00      4.2123E-02      7.4030E+01      1.0573E+02      1.0000E+00
      1.5923E-02      1.6351E+00      1.5310E+00      2.1839E+00      9.1745E-03      5.1284E+01      1.3305E+02      1.0000E+00
      8.4083E-03      1.1013E+00      1.0279E+00      1.2206E+00      7.0704E-03      8.4642E+01      1.0285E+02      1.0000E+00
      1.4539E-02      1.5101E+00      1.3942E+00      2.0909E+00      9.2295E-03      5.3869E+01      1.2410E+02      1.0000E+00
      1.2791E-02      1.6259E+00      1.4221E+00      2.4211E+00      6.6961E-03      5.1214E+01      1.1921E+02      1.0000E+00
      1.9229E-02      1.6816E+00      1.5020E+00      2.1729E+00      9.9207E-03      5.4446E+01      1.3520E+02      1.0000E+00
      9.5428E-03      1.1735E+00      1.1161E+00      1.5895E+00      6.8613E-03      7.5445E+01      1.0559E+02      1.0000E+00
      6.1322E-03      1.3010E+00      1.3584E+00      1.6479E+00      3.4638E-03      6.7742E+01      1.3060E+02      1.0000E+00
      1.1436E-02      1.1127E+00      1.0186E+00      1.2076E+00      9.7472E-03      8.2300E+01      9.9393E+01      1.0000E+00
      8.1082E-03      1.3698E+00      1.3883E+00      1.6096E+00      4.0672E-03      7.0392E+01      1.3388E+02      1.0000E+00
      1.0047E-02      1.1397E+00      1.1122E+00      1.2557E+00      7.5489E-03      7.7216E+01      1.1583E+02      1.0000E+00
      5.0348E-03      1.5690E+00      1.4490E+00      2.3467E+00      2.3292E-03      6.3813E+01      1.3115E+02      1.0000E+00
      4.0172E-03      1.4777E+00      1.3248E+00      1.9935E+00      2.5448E-03      5.8748E+01      1.2450E+02      1.0000E+00
      2.2890E-03      1.0943E+00      1.0322E+00      1.1597E+00      1.9582E-03      8.2858E+01      1.0436E+02      1.0000E+00
      5.8618E-03      1.2038E+00      1.1694E+00      1.2866E+00      5.0917E-03      6.1467E+01      1.1901E+02      1.0000E+00
      4.5513E-03      1.5558E+00      1.4274E+00      2.2513E+00      1.9681E-03      6.3672E+01      1.3269E+02      1.0000E+00
      2.2170E-03      1.1119E+00      1.0331E+00      1.2029E+00      1.8555E-03      8.2909E+01      1.0450E+02      1.0000E+00
      3.3377E-03      1.3988E+00      1.2570E+00      1.8004E+00      2.2018E-03      6.2265E+01      1.2281E+02      1.0000E+00
      4.0632E-03      1.5578E+00      1.4476E+00      2.1186E+00      2.4013E-03      5.4673E+01      1.2980E+02      1.0000E+00
      4.5722E-03      1.5334E+00      1.3410E+00      2.0884E+00      2.6979E-03      5.9238E+01      1.2622E+02      1.0000E+00
      2.5243E-03      1.1240E+00      1.0329E+00      1.2706E+00      2.0294E-03      8.1461E+01      1.0398E+02      1.0000E+00
      3.6063E-03      1.0357E+00      1.0134E+00      1.0559E+00      3.4374E-03      8.0661E+01      9.6782E+01      1.0000E+00
      2.4992E-03      1.1819E+00      1.0374E+00      1.3169E+00      2.0648E-03      7.9916E+01      1.0393E+02      1.0000E+00
      2.5035E-03      1.1918E+00      1.1210E+00      1.3323E+00      1.7420E-03      7.9069E+01      1.1687E+02      1.0000E+00
      1.0491E-03      1.5544E+00      1.4168E+00      2.1510E+00      5.8473E-04      5.7840E+01      1.2945E+02      1.0000E+00
      9.6047E-04      1.5028E+00      1.3821E+00      2.0656E+00      5.8772E-04      5.7180E+01      1.2659E+02      1.0000E+00
      5.4299E-04      1.0802E+00      1.0310E+00      1.1680E+00      4.6201E-04      8.3950E+01      1.0395E+02      1.0000E+00
      4.8381E-03      1.7918E+00      1.9417E+00      2.4899E+00      2.2201E-03      4.6375E+01      1.4288E+02      1.0000E+00
      2.0637E-03      1.2138E+00      1.1120E+00      1.6085E+00      1.5043E-03      7.1869E+01      1.0286E+02      1.0000E+00
      2.9707E-03      1.6208E+00      1.5609E+00      2.3966E+00      1.6822E-03      4.5873E+01      1.1566E+02      1.0000E+00
      9.5995E-04      1.4871E+00      1.3343E+00      2.0206E+00      5.7699E-04      6.0022E+01      1.2581E+02      1.0000E+00
      1.1685E-03      1.5522E+00      1.2186E+00      1.9784E+00      7.1753E-04      6.4465E+01      1.2103E+02      1.0000E+00
      6.7206E-04      1.1837E+00      1.1022E+00      1.3870E+00      5.1468E-04      7.9901E+01      1.1317E+02      1.0000E+00
      8.9400E-04      1.0412E+00      1.0083E+00      1.0680E+00      8.5069E-04      8.2743E+01      9.5021E+01      1.0000E+00
      6.2980E-04      1.1738E+00      1.0367E+00      1.3222E+00      5.2922E-04      7.8166E+01      1.0401E+02      1.0000E+00
      6.6628E-04      1.2104E+00      1.2372E+00      1.3229E+00      4.5248E-04      6.9760E+01      1.2590E+02      1.0000E+00
      2.7070E-04      1.5837E+00      1.4180E+00      2.1514E+00      1.4491E-04      5.8380E+01      1.3087E+02      1.0000E+00
      2.3943E-04      1.5452E+00      1.2173E+00      2.1601E+00      1.4360E-04      6.1252E+01      1.1465E+02      1.0000E+00
      1.5329E-04      1.1834E+00      1.1022E+00      1.3657E+00      1.1040E-04      7.8333E+01      1.1448E+02      1.0000E+00
      1.3933E-03      1.3920E+00      1.1980E+00      1.4994E+00      1.1125E-03      5.9274E+01      1.2085E+02      1.0000E+00
      6.1225E-04      1.4482E+00      1.7031E+00      1.5125E+00      3.1319E-04      5.7708E+01      1.4385E+02      1.0000E+00
      2.4467E-03      1.1668E+00      1.0302E+00      1.2881E+00      2.0641E-03      8.1481E+01      1.0174E+02      1.0000E+00
      3.3236E-03      1.0191E+00      1.0109E+00      1.0188E+00      3.2805E-03      8.1943E+01      9.8426E+01      1.0000E+00
      2.4485E-03      1.1875E+00      1.0980E+00      1.3565E+00      1.7058E-03      7.9264E+01      1.1435E+02      1.0000E+00
      1.0470E-03      1.5412E+00      1.4248E+00      2.1339E+00      5.8736E-04      5.7661E+01      1.2959E+02      1.0000E+00
      5.4214E-04      1.0817E+00      1.0271E+00      1.1772E+00      4.6035E-04      8.4930E+01      1.0299E+02      1.0000E+00
      9.5285E-04      1.4930E+00      1.4059E+00      2.0550E+00      5.8200E-04      5.6636E+01      1.2742E+02      1.0000E+00
      3.8917E-03      1.4982E+00      1.4075E+00      2.0463E+00      2.5210E-03      5.3375E+01      1.2512E+02      1.0000E+00
      2.4568E-03      1.1363E+00      1.0346E+00      1.2982E+00      1.9750E-03      7.7591E+01      1.0013E+02      1.0000E+00
      4.5100E-03      1.6939E+00      1.5651E+00      2.2679E+00      2.4532E-03      5.0929E+01      1.3475E+02      1.0000E+00
      6.2591E-04      1.1810E+00      1.0335E+00      1.3272E+00      5.2157E-04      8.0534E+01      1.0225E+02      1.0000E+00
      8.8290E-04      1.0303E+00      1.0162E+00      1.0375E+00      8.5559E-04      7.9757E+01      9.8578E+01      1.0000E+00
      6.4172E-04      1.1641E+00      1.0263E+00      1.2983E+00      5.4484E-04      8.1995E+01      1.0031E+02      1.0000E+00
      2.7981E-04      1.5171E+00      1.3991E+00      2.0682E+00      1.6285E-04      5.7818E+01      1.2866E+02      1.0000E+00
      1.6966E-04      1.1297E+00      1.0266E+00      1.2539E+00      1.3335E-04      7.6944E+01      1.0166E+02      1.0000E+00
      2.7787E-04      1.5534E+00      1.4193E+00      2.0991E+00      1.6062E-04      5.6389E+01      1.2968E+02      1.0000E+00
      9.2911E-04      1.4703E+00      1.3705E+00      1.9822E+00      5.6959E-04      5.8221E+01      1.2709E+02      1.0000E+00
      5.6029E-04      1.1015E+00      1.0315E+00      1.2032E+00      4.6460E-04      8.4374E+01      1.0409E+02      1.0000E+00
      1.0504E-03      1.5091E+00      1.3870E+00      2.1013E+00      5.7290E-04      6.0997E+01      1.2881E+02      1.0000E+00
      7.0678E-04      1.2362E+00      1.0714E+00      1.4346E+00      5.7641E-04      7.1956E+01      1.0863E+02      1.0000E+00
      1.0236E-03      1.0296E+00      1.0067E+00      1.0627E+00      9.8819E-04      8.3417E+01      9.5157E+01      1.0000E+00
      1.3084E-04      1.3031E+00      1.1041E+00      1.7005E+00      8.9537E-05      6.9280E+01      1.0587E+02      1.0000E+00
      2.6174E-04      1.8314E+00      1.9575E+00      2.4868E+00      1.0459E-04      4.8825E+01      1.4558E+02      1.0000E+00
      1.2548E-04      1.6966E+00      1.5046E+00      2.0006E+00      7.3374E-05      4.1880E+01      1.2298E+02      1.0000E+00
      5.8167E-04      1.0818E+00      1.0355E+00      1.1604E+00      4.9275E-04      8.3395E+01      1.0500E+02      1.0000E+00
      1.1098E-03      1.5095E+00      1.3920E+00      2.1434E+00      6.3543E-04      5.9203E+01      1.2709E+02      1.0000E+00
      1.0770E-03      1.5454E+00      1.3953E+00      2.1075E+00      6.4119E-04      5.6513E+01      1.2790E+02      1.0000E+00
      1.9968E-03      1.2150E+00      1.0614E+00      1.5183E+00      1.5381E-03      7.8346E+01      1.0433E+02      1.0000E+00
      4.2426E-03      1.6895E+00      1.5911E+00      2.2774E+00      2.1755E-03      5.2082E+01      1.3621E+02      1.0000E+00
      3.1357E-03      1.6605E+00      1.4271E+00      2.4513E+00      1.6053E-03      5.0153E+01      1.1946E+02      1.0000E+00
      9.0169E-03      1.1478E+00      1.0735E+00      1.2436E+00      7.4931E-03      6.8700E+01      1.0272E+02      1.0000E+00
      6.3708E-03      1.3526E+00      1.3503E+00      1.6759E+00      3.7659E-03      6.3877E+01      1.3017E+02      1.0000E+00
      1.0212E-02      1.1542E+00      1.0368E+00      1.3441E+00      8.6227E-03      7.9038E+01      1.0194E+02      1.0000E+00
      1.1647E-02      1.1213E+00      1.0174E+00      1.1796E+00      1.0598E-02      8.2309E+01      9.6829E+01      1.0000E+00
      1.0001E-02      1.2544E+00      1.3605E+00      1.4499E+00      5.7416E-03      7.0529E+01      1.3229E+02      1.0000E+00
      3.9168E-02      1.4288E+00      1.4335E+00      1.7456E+00      1.9763E-02      6.4900E+01      1.3509E+02      1.0000E+00
      6.7556E-02      1.3991E+00      1.1295E+00      1.7033E+00      4.2773E-02      6.6953E+01      1.1205E+02      1.0000E+00
      4.9409E-02      1.7011E+00      1.4717E+00      2.2070E+00      1.7431E-02      5.4731E+01      1.3719E+02      1.0000E+00
      1.4609E-01      1.2425E+00      1.2111E+00      1.3792E+00      9.7459E-02      7.2558E+01      1.2424E+02      1.0000E+00
      1.5415E-01      1.2061E+00      1.1639E+00      1.2990E+00      1.1245E-01      7.2558E+01      1.2072E+02      1.0000E+00
      5.5780E-02      1.5955E+00      1.4387E+00      2.1237E+00      2.9375E-02      5.7836E+01      1.3244E+02      1.0000E+00
      3.5731E-02      1.3872E+00      1.3296E+00      1.5959E+00      2.6959E-02      5.0472E+01      1.2330E+02      1.0000E+00
      3.7063E-02      1.2227E+00      1.1156E+00      1.3810E+00      2.7735E-02      7.2754E+01      1.1580E+02      1.0000E+00
      8.3803E-02      1.3434E+00      1.1850E+00      1.6257E+00      5.3051E-02      7.0778E+01      1.2160E+02      1.0000E+00
      6.5601E-02      1.4983E+00      1.2570E+00      1.9456E+00      4.2601E-02      6.0258E+01      1.2247E+02      1.0000E+00
      4.7736E-02      1.2785E+00      1.1366E+00      1.4346E+00      3.8981E-02      6.3350E+01      1.1593E+02      1.0000E+00
      3.7673E-02      1.4496E+00      1.2040E+00      1.6827E+00      2.5247E-02      6.3445E+01      1.2291E+02      1.0000E+00
      5.3915E-02      1.0579E+00      1.0056E+00      1.1156E+00      4.9137E-02      8.5755E+01      9.5927E+01      1.0000E+00
      4.5250E-02      1.0565E+00      1.0044E+00      1.0838E+00      4.3966E-02      8.7194E+01      9.2835E+01      1.0000E+00
      4.3912E-02      1.0503E+00      1.0042E+00      1.0952E+00      4.2029E-02      8.7393E+01      9.2348E+01      1.0000E+00
      4.2769E-02      1.0077E+00      1.0002E+00      1.0196E+00      4.2329E-02      8.9486E+01      9.0662E+01      1.0000E+00
      4.0289E-02      1.0590E+00      1.0086E+00      1.1364E+00      3.8644E-02      8.6742E+01      9.1706E+01      1.0000E+00
      4.1411E-02      1.0271E+00      1.0015E+00      1.0562E+00      4.0970E-02      8.9509E+01      9.0723E+01      1.0000E+00
      1.4238E-01      1.1411E+00      1.0232E+00      1.2605E+00      1.2083E-01      8.2306E+01      1.0157E+02      1.0000E+00
      1.3504E-01      1.1030E+00      1.0428E+00      1.1821E+00      1.1859E-01      7.7693E+01      1.0606E+02      1.0000E+00
      5.5849E-02      1.4751E+00      1.3422E+00      2.0050E+00      3.4793E-02      5.8733E+01      1.2527E+02      1.0000E+00
      6.0572E-02      1.5562E+00      1.4193E+00      2.0799E+00      3.3888E-02      5.7365E+01      1.3074E+02      1.0000E+00
      3.3573E-02      1.0990E+00      1.0317E+00      1.2063E+00      2.8115E-02      8.5036E+01      1.0399E+02      1.0000E+00
      4.6878E-02      1.0818E+00      1.0195E+00      1.1595E+00      4.1329E-02      7.8824E+01      9.5634E+01      1.0000E+00
      3.0421E-02      1.1621E+00      1.0374E+00      1.2697E+00      2.6001E-02      7.8000E+01      1.0463E+02      1.0000E+00
      4.0729E-02      1.0190E+00      1.0021E+00      1.0281E+00      3.9985E-02      8.6793E+01      9.3687E+01      1.0000E+00
      3.9418E-02      1.1278E+00      1.0503E+00      1.2817E+00      3.4004E-02      7.6107E+01      1.0533E+02      1.0000E+00
      5.9564E-02      1.5662E+00      1.3650E+00      2.0718E+00      3.3075E-02      5.9466E+01      1.2934E+02      1.0000E+00
      3.3763E-02      1.0996E+00      1.0354E+00      1.2012E+00      2.8334E-02      8.4246E+01      1.0481E+02      1.0000E+00
      5.4818E-02      1.4801E+00      1.3229E+00      1.9828E+00      3.3114E-02      6.0425E+01      1.2585E+02      1.0000E+00
      4.2238E-02      1.0420E+00      1.0032E+00      1.0707E+00      4.0054E-02      8.7404E+01      9.4534E+01      1.0000E+00
      4.5780E-02      1.0392E+00      1.0065E+00      1.0740E+00      4.2928E-02      8.3484E+01      9.3304E+01      1.0000E+00
      5.0317E-02      1.0582E+00      1.0113E+00      1.1116E+00      4.5582E-02      8.1450E+01      9.3311E+01      1.0000E+00
      4.1832E-02      1.0427E+00      1.0040E+00      1.0893E+00      3.9606E-02      8.6521E+01      9.4651E+01      1.0000E+00
      1.3949E-02      1.3822E+00      1.1943E+00      1.5758E+00      8.8358E-03      7.0852E+01      1.2307E+02      1.0000E+00
      2.2438E-02      1.3943E+00      1.1340E+00      1.6600E+00      1.5789E-02      6.5793E+01      1.0521E+02      1.0000E+00
      1.6508E-02      1.5708E+00      1.5101E+00      1.9744E+00      6.3934E-03      6.2970E+01      1.3850E+02      1.0000E+00
      1.4389E-02      1.5979E+00      1.8549E+00      1.9950E+00      6.2510E-03      5.3087E+01      1.4535E+02      1.0000E+00
      2.1547E-02      1.4000E+00      1.1353E+00      1.6593E+00      1.4221E-02      7.0894E+01      1.1347E+02      1.0000E+00
      1.5131E-02      1.6725E+00      1.4173E+00      2.1809E+00      5.7750E-03      5.6549E+01      1.3506E+02      1.0000E+00
      3.5409E-02      1.1906E+00      1.1061E+00      1.3831E+00      2.7916E-02      7.1646E+01      1.1327E+02      1.0000E+00
      3.8203E-02      1.0093E+00      1.0022E+00      1.0125E+00      3.7890E-02      8.6385E+01      9.3828E+01      1.0000E+00
      3.4440E-02      1.1777E+00      1.1164E+00      1.4129E+00      2.6967E-02      7.1634E+01      1.1298E+02      1.0000E+00
      3.7728E-02      1.0163E+00      1.0026E+00      1.0261E+00      3.7375E-02      8.6360E+01      9.4026E+01      1.0000E+00
      3.2592E-02      1.0697E+00      1.0124E+00      1.1022E+00      3.0981E-02      8.1983E+01      9.7918E+01      1.0000E+00
      4.2451E-02      1.1125E+00      1.0667E+00      1.1748E+00      3.6213E-02      7.5943E+01      1.1025E+02      1.0000E+00
      3.8292E-02      1.1097E+00      1.0497E+00      1.2232E+00      3.0374E-02      8.3717E+01      1.0764E+02      1.0000E+00
      1.5047E-02      1.5412E+00      1.4193E+00      2.0920E+00      8.3673E-03      5.8029E+01      1.3035E+02      1.0000E+00
      8.4994E-03      1.2465E+00      1.0807E+00      1.5702E+00      5.9755E-03      7.0628E+01      1.0485E+02      1.0000E+00
      1.3048E-02      1.6415E+00      1.4242E+00      2.4447E+00      7.5693E-03      5.5137E+01      1.2480E+02      1.0000E+00
      3.3186E-03      1.6567E+00      1.3971E+00      2.4646E+00      1.7465E-03      5.2728E+01      1.1993E+02      1.0000E+00
      4.5246E-03      1.6346E+00      1.5138E+00      2.2446E+00      2.2576E-03      5.6383E+01      1.3439E+02      1.0000E+00
      2.1044E-03      1.2063E+00      1.0678E+00      1.5089E+00      1.6065E-03      7.8280E+01      1.0568E+02      1.0000E+00
      8.5146E-04      1.5880E+00      1.4063E+00      2.0455E+00      5.2473E-04      4.8460E+01      1.2470E+02      1.0000E+00
      1.1430E-03      1.6225E+00      1.5418E+00      2.2875E+00      5.9727E-04      5.4491E+01      1.3338E+02      1.0000E+00
      5.4921E-04      1.1008E+00      1.0242E+00      1.2208E+00      4.6305E-04      8.3955E+01      1.0192E+02      1.0000E+00
      5.9000E-04      1.1984E+00      1.0837E+00      1.3136E+00      4.6442E-04      7.4709E+01      1.1249E+02      1.0000E+00
      7.4974E-04      1.2299E+00      1.0728E+00      1.4552E+00      5.7031E-04      7.6145E+01      1.0435E+02      1.0000E+00
      6.0583E-04      1.4228E+00      1.2337E+00      1.6319E+00      4.8098E-04      6.5464E+01      1.2148E+02      1.0000E+00
      1.1045E-03      1.5291E+00      1.3655E+00      2.0697E+00      6.2297E-04      5.9906E+01      1.2837E+02      1.0000E+00
      5.7523E-04      1.1391E+00      1.0583E+00      1.2559E+00      4.7779E-04      8.0356E+01      1.0854E+02      1.0000E+00
      1.0758E-03      1.4114E+00      1.3195E+00      2.0737E+00      6.1331E-04      6.5984E+01      1.2309E+02      1.0000E+00
      5.4001E-04      1.1709E+00      1.0420E+00      1.3283E+00      4.6549E-04      8.2482E+01      9.8851E+01      1.0000E+00
      7.9790E-04      2.1011E+00      1.9249E+00      2.3006E+00      4.7760E-04      3.6383E+01      1.4511E+02      1.0000E+00
      1.0362E-03      1.2832E+00      1.3003E+00      1.9719E+00      6.6100E-04      6.8370E+01      1.1604E+02      1.0000E+00
      5.2083E-03      1.6215E+00      1.5178E+00      2.2748E+00      2.9881E-03      5.2365E+01      1.3093E+02      1.0000E+00
      2.6013E-03      1.1254E+00      1.0290E+00      1.2715E+00      2.1235E-03      7.9789E+01      1.0091E+02      1.0000E+00
      5.0489E-03      1.5495E+00      1.5107E+00      2.3120E+00      2.9041E-03      5.4654E+01      1.2816E+02      1.0000E+00
      1.9752E-03      1.3054E+00      1.0744E+00      1.5486E+00      1.4811E-03      7.5295E+01      1.0614E+02      1.0000E+00
      2.5227E-03      1.9397E+00      1.5426E+00      2.3715E+00      1.4308E-03      4.4320E+01      1.3255E+02      1.0000E+00
      3.7718E-03      1.3790E+00      1.2417E+00      1.9659E+00      2.1110E-03      7.0423E+01      1.2131E+02      1.0000E+00
      3.8347E-03      1.6070E+00      1.9563E+00      2.2001E+00      1.0475E-03      5.9006E+01      1.4894E+02      1.0000E+00
      5.9390E-03      1.5745E+00      1.2605E+00      1.9296E+00      3.8431E-03      5.6619E+01      1.1457E+02      1.0000E+00
      4.0814E-03      1.6355E+00      1.3964E+00      1.6992E+00      2.3905E-03      5.6447E+01      1.3426E+02      1.0000E+00
      1.2554E-02      1.7360E+00      1.4344E+00      2.4829E+00      7.1674E-03      5.2739E+01      1.2683E+02      1.0000E+00
      7.1629E-03      1.3370E+00      1.0960E+00      1.5271E+00      5.4416E-03      7.5686E+01      1.0746E+02      1.0000E+00
      1.4477E-02      1.5085E+00      1.3671E+00      2.2148E+00      7.9302E-03      6.2237E+01      1.2572E+02      1.0000E+00
      4.5596E-02      1.0605E+00      1.0052E+00      1.1038E+00      4.2734E-02      8.4979E+01      9.3466E+01      1.0000E+00
      4.5363E-02      1.0423E+00      1.0047E+00      1.0730E+00      4.3126E-02      8.4714E+01      9.3094E+01      1.0000E+00
      4.0898E-02      1.0416E+00      1.0034E+00      1.0888E+00      3.8666E-02      8.7140E+01      9.4224E+01      1.0000E+00
      4.5135E-02      1.0445E+00      1.0046E+00      1.0725E+00      4.3518E-02      8.5225E+01      9.3616E+01      1.0000E+00
      3.4963E-02      1.2006E+00      1.0738E+00      1.3119E+00      2.7329E-02      7.6594E+01      1.1132E+02      1.0000E+00
      4.8400E-02      1.0910E+00      1.0359E+00      1.2394E+00      4.2688E-02      7.7665E+01      1.0083E+02      1.0000E+00
      4.5973E-02      1.0787E+00      1.0286E+00      1.1321E+00      4.2647E-02      7.6631E+01      1.0196E+02      1.0000E+00
      3.9385E-02      1.2966E+00      1.3490E+00      1.5891E+00      2.2324E-02      7.3319E+01      1.3097E+02      1.0000E+00
      8.8006E-03      1.2583E+00      1.1963E+00      1.7843E+00      5.6660E-03      6.5670E+01      1.0484E+02      1.0000E+00
      1.9047E-02      1.7523E+00      1.8615E+00      2.4334E+00      9.0642E-03      4.7465E+01      1.4128E+02      1.0000E+00
      1.1206E-02      1.6474E+00      1.5731E+00      2.4724E+00      6.3156E-03      4.5962E+01      1.1388E+02      1.0000E+00
      5.6804E-02      1.6559E+00      1.6167E+00      2.2260E+00      3.4204E-02      4.5357E+01      1.3118E+02      1.0000E+00
      3.8581E-02      1.2879E+00      1.0998E+00      1.5317E+00      2.7630E-02      6.6498E+01      1.0090E+02      1.0000E+00
      5.6567E-02      1.7090E+00      1.5081E+00      2.1333E+00      3.3772E-02      4.3977E+01      1.2891E+02      1.0000E+00
      3.8167E-02      1.1262E+00      1.0956E+00      1.4389E+00      3.0109E-02      7.7256E+01      1.0650E+02      1.0000E+00
      3.9433E-02      1.1542E+00      1.0465E+00      1.3495E+00      3.4959E-02      8.1166E+01      9.3852E+01      1.0000E+00
      1.9016E-02      1.3398E+00      1.1556E+00      1.6910E+00      1.1920E-02      7.2876E+01      1.1722E+02      1.0000E+00
      2.9339E-02      1.1426E+00      1.0435E+00      1.3404E+00      2.5923E-02      8.5842E+01      9.8650E+01      1.0000E+00
      5.5542E-02      1.6560E+00      1.6195E+00      2.3046E+00      3.2469E-02      4.5920E+01      1.3011E+02      1.0000E+00
      5.6542E-02      1.7090E+00      1.4919E+00      2.0897E+00      3.4401E-02      4.4160E+01      1.2932E+02      1.0000E+00
      3.6284E-02      1.2607E+00      1.0906E+00      1.5242E+00      2.6978E-02      7.0445E+01      1.0057E+02      1.0000E+00
      4.2855E-02      1.0464E+00      1.0084E+00      1.0688E+00      4.2150E-02      8.3548E+01      9.6425E+01      1.0000E+00
      3.3137E-02      1.3470E+00      1.3129E+00      1.5592E+00      1.8892E-02      7.0345E+01      1.3022E+02      1.0000E+00
      2.4075E-02      1.4417E+00      1.1845E+00      1.6467E+00      1.7770E-02      6.2150E+01      1.1579E+02      1.0000E+00
      1.0006E-02      1.3775E+00      1.4817E+00      1.7383E+00      5.4243E-03      6.8557E+01      1.3513E+02      1.0000E+00
      4.6392E-02      1.2165E+00      1.0717E+00      1.3271E+00      4.2731E-02      7.6105E+01      1.0522E+02      1.0000E+00
      3.6773E-02      1.3923E+00      1.2645E+00      1.6690E+00      2.1791E-02      7.0897E+01      1.2707E+02      1.0000E+00
      2.7228E-02      1.2022E+00      1.1791E+00      1.7015E+00      1.7733E-02      7.6102E+01      1.1384E+02      1.0000E+00
      2.7160E-03      1.1521E+00      1.1430E+00      1.2200E+00      2.0815E-03      7.2896E+01      1.1892E+02      1.0000E+00
      3.2556E-03      1.0685E+00      1.0293E+00      1.1214E+00      2.9637E-03      7.9756E+01      1.0347E+02      1.0000E+00
      1.0342E-03      1.6308E+00      1.3407E+00      2.0816E+00      5.9748E-04      5.7519E+01      1.2868E+02      1.0000E+00
      3.7583E-03      1.4900E+00      1.3413E+00      1.9611E+00      2.5265E-03      5.5181E+01      1.2432E+02      1.0000E+00
      2.5332E-03      1.1163E+00      1.0292E+00      1.2643E+00      2.0740E-03      8.2087E+01      1.0283E+02      1.0000E+00
      4.9487E-03      1.6167E+00      1.4617E+00      2.2290E+00      2.4710E-03      5.8542E+01      1.3285E+02      1.0000E+00
      3.6536E-03      1.1062E+00      1.0450E+00      1.1715E+00      3.3040E-03      7.3300E+01      1.0436E+02      1.0000E+00
      5.3361E-03      1.0937E+00      1.0571E+00      1.1947E+00      4.7394E-03      7.4774E+01      1.0748E+02      1.0000E+00
      2.8587E-03      1.1108E+00      1.0503E+00      1.1931E+00      2.4246E-03      7.8625E+01      1.0764E+02      1.0000E+00
      5.8502E-03      1.5773E+00      1.5404E+00      2.2903E+00      3.4776E-03      5.1987E+01      1.2925E+02      1.0000E+00
      6.2464E-03      1.5346E+00      1.3919E+00      2.2330E+00      3.8236E-03      5.5873E+01      1.2312E+02      1.0000E+00
      6.0471E-03      1.2058E+00      1.1451E+00      1.2563E+00      5.0595E-03      6.5346E+01      1.1863E+02      1.0000E+00
      1.3781E-02      1.6790E+00      1.4415E+00      2.5584E+00      7.6023E-03      5.5658E+01      1.2543E+02      1.0000E+00
      1.4745E-02      1.5519E+00      1.2435E+00      2.2543E+00      8.8678E-03      6.2402E+01      1.1595E+02      1.0000E+00
      4.5782E-02      1.2037E+00      1.0551E+00      1.3837E+00      3.6081E-02      7.7858E+01      1.0286E+02      1.0000E+00
      8.5914E-03      1.2775E+00      1.1067E+00      1.5860E+00      5.9187E-03      6.5005E+01      1.0340E+02      1.0000E+00
      1.4165E-02      1.5599E+00      1.4930E+00      2.0815E+00      8.7509E-03      4.7544E+01      1.2625E+02      1.0000E+00
      1.5278E-02      1.7747E+00      1.7640E+00      2.7419E+00      8.1013E-03      4.6448E+01      1.3282E+02      1.0000E+00
      1.8785E-02      1.2782E+00      1.1031E+00      1.4468E+00      1.5352E-02      6.7775E+01      1.0725E+02      1.0000E+00
      7.2033E-03      1.6168E+00      1.4157E+00      2.2221E+00      2.9539E-03      6.0324E+01      1.3400E+02      1.0000E+00
      3.2402E-02      1.1879E+00      1.1115E+00      1.3427E+00      2.5583E-02      7.1286E+01      1.1468E+02      1.0000E+00
      3.6953E-02      1.0530E+00      1.0249E+00      1.0789E+00      3.4006E-02      8.1545E+01      1.0266E+02      1.0000E+00
      4.6484E-02      1.1931E+00      1.0448E+00      1.2939E+00      3.9597E-02      8.1511E+01      1.0228E+02      1.0000E+00
      2.8315E-02      1.3996E+00      1.4498E+00      1.7158E+00      1.3539E-02      7.0815E+01      1.3600E+02      1.0000E+00
      4.0994E-02      1.0391E+00      1.0053E+00      1.0645E+00      4.0422E-02      8.5071E+01      9.4661E+01      1.0000E+00
      4.4024E-02      1.0796E+00      1.0189E+00      1.1432E+00      4.0652E-02      7.9363E+01      9.6804E+01      1.0000E+00
      3.9429E-02      1.0788E+00      1.0101E+00      1.1556E+00      3.6467E-02      8.2865E+01      9.6782E+01      1.0000E+00
      3.4136E-02      1.0517E+00      1.0057E+00      1.1205E+00      3.2027E-02      8.5273E+01      9.4139E+01      1.0000E+00
      3.3610E-02      1.0526E+00      1.0033E+00      1.1005E+00      3.1189E-02      8.5839E+01      9.4116E+01      1.0000E+00
      3.2531E-02      1.0503E+00      1.0047E+00      1.0773E+00      3.1285E-02      8.6477E+01      9.4516E+01      1.0000E+00
      4.3471E-02      1.1131E+00      1.0193E+00      1.1631E+00      4.0548E-02      8.2880E+01      9.8011E+01      1.0000E+00
      4.5246E-02      1.1533E+00      1.0336E+00      1.2796E+00      3.8619E-02      8.3351E+01      1.0061E+02      1.0000E+00
      3.5832E-02      1.0775E+00      1.0230E+00      1.1548E+00      3.2649E-02      7.7947E+01      9.9815E+01      1.0000E+00
      5.4326E-02      1.1786E+00      1.0431E+00      1.3430E+00      4.5081E-02      7.4929E+01      1.0212E+02      1.0000E+00
      2.5425E-02      1.2735E+00      1.1901E+00      1.4229E+00      1.6595E-02      7.3322E+01      1.2282E+02      1.0000E+00
      5.5076E-02      1.4390E+00      1.5720E+00      1.8046E+00      3.3781E-02      5.2651E+01      1.3525E+02      1.0000E+00
      6.6342E-02      1.5216E+00      1.7135E+00      1.8356E+00      3.3594E-02      5.3174E+01      1.4202E+02      1.0000E+00
      4.2538E-02      1.0216E+00      1.0012E+00      1.0504E+00      4.1994E-02      8.9283E+01      9.1072E+01      1.0000E+00
      4.1659E-02      1.0074E+00      1.0002E+00      1.0183E+00      4.1294E-02      8.9342E+01      9.0350E+01      1.0000E+00
      4.4453E-02      1.0145E+00      1.0006E+00      1.0287E+00      4.3795E-02      8.8205E+01      9.1718E+01      1.0000E+00
      4.0977E-02      1.0274E+00      1.0020E+00      1.0588E+00      3.9976E-02      8.8299E+01      9.2906E+01      1.0000E+00
      4.1449E-02      1.0353E+00      1.0020E+00      1.0642E+00      4.0699E-02      8.9174E+01      9.1284E+01      1.0000E+00
      4.0711E-02      1.0591E+00      1.0057E+00      1.1102E+00      3.9163E-02      8.8355E+01      9.2790E+01      1.0000E+00
      5.2545E-02      1.4438E+00      1.3266E+00      1.9205E+00      3.4526E-02      5.4424E+01      1.2082E+02      1.0000E+00
      3.2583E-02      1.1528E+00      1.0468E+00      1.2857E+00      2.5134E-02      8.0727E+01      1.0717E+02      1.0000E+00
      6.0124E-02      1.5660E+00      1.5475E+00      2.2476E+00      3.2940E-02      5.4303E+01      1.3201E+02      1.0000E+00
      4.1872E-02      1.0815E+00      1.0100E+00      1.1490E+00      3.9654E-02      8.7334E+01      9.3576E+01      1.0000E+00
      4.9296E-02      1.1075E+00      1.0214E+00      1.2273E+00      4.6301E-02      8.5040E+01      9.1956E+01      1.0000E+00
      1.4491E-01      1.0933E+00      1.0196E+00      1.1981E+00      1.2388E-01      8.4246E+01      1.0089E+02      1.0000E+00
      1.0587E-01      1.3413E+00      1.2800E+00      1.5929E+00      6.6431E-02      6.5164E+01      1.2745E+02      1.0000E+00
      1.3603E-01      1.1563E+00      1.1324E+00      1.2627E+00      9.8538E-02      7.7112E+01      1.1798E+02      1.0000E+00
      1.8440E-01      1.0396E+00      1.0175E+00      1.0610E+00      1.7344E-01      8.2372E+01      1.0064E+02      1.0000E+00
      1.5682E-01      1.1163E+00      1.0193E+00      1.2205E+00      1.3390E-01      8.3972E+01      1.0088E+02      1.0000E+00
      5.7434E-02      1.4668E+00      1.3360E+00      2.0081E+00      3.6050E-02      5.9011E+01      1.2454E+02      1.0000E+00
      3.4329E-02      1.1008E+00      1.0282E+00      1.2126E+00      2.9389E-02      8.5209E+01      1.0281E+02      1.0000E+00
      6.3883E-02      1.5847E+00      1.4554E+00      2.0992E+00      3.4581E-02      5.6526E+01      1.3266E+02      1.0000E+00
      1.6443E-01      1.1461E+00      1.0573E+00      1.2740E+00      1.4138E-01      7.4420E+01      1.0750E+02      1.0000E+00
      1.6409E-01      1.1438E+00      1.0447E+00      1.2984E+00      1.4164E-01      7.6301E+01      1.0442E+02      1.0000E+00
      3.3082E-02      1.0886E+00      1.0319E+00      1.2150E+00      2.8065E-02      8.3756E+01      1.0330E+02      1.0000E+00
      5.0821E-02      1.4869E+00      1.3349E+00      1.9520E+00      3.2544E-02      5.2570E+01      1.2118E+02      1.0000E+00
      6.7147E-02      1.7069E+00      1.5648E+00      2.3104E+00      3.4225E-02      5.2637E+01      1.3552E+02      1.0000E+00
      5.0859E-02      1.4866E+00      1.3396E+00      1.9648E+00      3.2353E-02      5.2490E+01      1.2098E+02      1.0000E+00
      3.3011E-02      1.0902E+00      1.0309E+00      1.2236E+00      2.8395E-02      8.3713E+01      1.0252E+02      1.0000E+00
      6.7066E-02      1.7231E+00      1.5861E+00      2.2883E+00      3.4306E-02      5.1582E+01      1.3650E+02      1.0000E+00
      1.6032E-01      1.1025E+00      1.0357E+00      1.2394E+00      1.4168E-01      7.8384E+01      1.0262E+02      1.0000E+00
      1.3590E-01      1.2171E+00      1.1718E+00      1.5334E+00      1.0034E-01      6.8749E+01      1.1642E+02      1.0000E+00
      3.3636E-02      1.0974E+00      1.0258E+00      1.2240E+00      2.9043E-02      8.5337E+01      1.0156E+02      1.0000E+00
      5.3454E-02      1.4617E+00      1.3478E+00      1.9536E+00      3.4640E-02      5.3447E+01      1.2148E+02      1.0000E+00
      6.7337E-02      1.7073E+00      1.6095E+00      2.2654E+00      3.4723E-02      5.1048E+01      1.3695E+02      1.0000E+00
      5.5644E-02      1.4362E+00      1.4430E+00      1.8205E+00      3.4924E-02      5.5499E+01      1.3128E+02      1.0000E+00
      2.3314E-02      1.2084E+00      1.2259E+00      1.2968E+00      1.8854E-02      6.1336E+01      1.2355E+02      1.0000E+00
      5.7614E-02      1.7565E+00      1.3628E+00      2.4044E+00      3.2717E-02      5.2873E+01      1.2474E+02      1.0000E+00
      4.8388E-02      1.1373E+00      1.0586E+00      1.2271E+00      4.1299E-02      7.0973E+01      1.0289E+02      1.0000E+00
      3.2404E-02      1.2421E+00      1.3447E+00      1.4570E+00      2.1168E-02      6.3921E+01      1.2994E+02      1.0000E+00
      4.5605E-02      1.1618E+00      1.0276E+00      1.2469E+00      3.8966E-02      8.1654E+01      9.9084E+01      1.0000E+00
      4.3811E-02      1.0326E+00      1.0030E+00      1.0517E+00      4.3043E-02      8.6625E+01      9.3756E+01      1.0000E+00
      4.3134E-02      1.0541E+00      1.0044E+00      1.0950E+00      4.1123E-02      8.7769E+01      9.3186E+01      1.0000E+00
      4.3421E-02      1.0370E+00      1.0033E+00      1.0842E+00      4.1057E-02      8.7251E+01      9.3466E+01      1.0000E+00
      5.1543E-02      1.0790E+00      1.0114E+00      1.1519E+00      4.6358E-02      8.1705E+01      9.3273E+01      1.0000E+00
      4.1279E-02      1.3146E+00      1.3084E+00      1.7031E+00      3.0498E-02      5.8078E+01      1.2171E+02      1.0000E+00
      3.1009E-02      1.1324E+00      1.0450E+00      1.3211E+00      2.4473E-02      8.1428E+01      1.0543E+02      1.0000E+00
      5.6050E-02      1.5492E+00      1.4485E+00      2.0514E+00      2.9810E-02      5.8261E+01      1.3286E+02      1.0000E+00
      3.3863E-02      1.1287E+00      1.0372E+00      1.2362E+00      2.8245E-02      8.3174E+01      1.0515E+02      1.0000E+00
      5.8712E-02      1.4699E+00      1.3399E+00      2.0422E+00      3.5518E-02      6.0215E+01      1.2494E+02      1.0000E+00
      6.1737E-02      1.6007E+00      1.4055E+00      2.1425E+00      3.4852E-02      5.6542E+01      1.2992E+02      1.0000E+00
      1.5517E-01      1.1719E+00      1.1436E+00      1.3277E+00      1.1128E-01      7.5006E+01      1.1864E+02      1.0000E+00
      1.6247E-01      1.1351E+00      1.0549E+00      1.2514E+00      1.4001E-01      7.5170E+01      1.0742E+02      1.0000E+00
      3.2099E-02      1.1221E+00      1.0401E+00      1.2697E+00      2.5269E-02      8.1163E+01      1.0562E+02      1.0000E+00
      4.7663E-02      1.4686E+00      1.3321E+00      1.9233E+00      3.0531E-02      5.2170E+01      1.2018E+02      1.0000E+00
      5.9182E-02      1.6392E+00      1.5629E+00      2.2291E+00      3.2402E-02      5.1939E+01      1.3420E+02      1.0000E+00
      4.7213E-02      1.4702E+00      1.3234E+00      1.9752E+00      2.9422E-02      5.3063E+01      1.1859E+02      1.0000E+00
      3.0549E-02      1.0897E+00      1.0438E+00      1.2353E+00      2.5851E-02      8.1265E+01      1.0493E+02      1.0000E+00
      6.5080E-02      1.7134E+00      1.5892E+00      2.3221E+00      3.2313E-02      5.2651E+01      1.3648E+02      1.0000E+00
      1.5242E-01      1.1849E+00      1.1069E+00      1.3100E+00      1.1440E-01      7.5615E+01      1.1527E+02      1.0000E+00
      1.5713E-01      1.1426E+00      1.0233E+00      1.2463E+00      1.3299E-01      8.2801E+01      1.0081E+02      1.0000E+00
      1.8758E-01      1.0494E+00      1.0196E+00      1.0772E+00      1.8470E-01      7.9993E+01      1.0053E+02      1.0000E+00
      3.2783E-02      1.0887E+00      1.0161E+00      1.1901E+00      2.9012E-02      8.5983E+01      9.9136E+01      1.0000E+00
      5.8331E-02      1.5200E+00      1.4544E+00      2.1046E+00      3.3597E-02      5.6301E+01      1.2998E+02      1.0000E+00
      6.3810E-02      1.5663E+00      1.4300E+00      2.1035E+00      3.5687E-02      5.6783E+01      1.3088E+02      1.0000E+00
      1.3811E-01      1.2500E+00      1.0942E+00      1.3251E+00      1.1439E-01      6.9833E+01      1.1288E+02      1.0000E+00
      1.1153E-01      1.3940E+00      1.2901E+00      1.5791E+00      6.5667E-02      6.7968E+01      1.2911E+02      1.0000E+00
      5.2494E-02      1.5924E+00      1.3537E+00      1.8696E+00      3.2167E-02      5.5805E+01      1.3072E+02      1.0000E+00
      1.4872E-01      1.2468E+00      1.2708E+00      1.3714E+00      9.1256E-02      7.2145E+01      1.2810E+02      1.0000E+00
      1.9220E-01      1.0958E+00      1.0303E+00      1.1640E+00      1.6832E-01      7.6144E+01      9.7649E+01      1.0000E+00
      1.6290E-01      1.1938E+00      1.0457E+00      1.3891E+00      1.3340E-01      7.4784E+01      1.0296E+02      1.0000E+00
      1.6712E-01      1.0057E+00      1.0011E+00      1.0103E+00      1.6583E-01      8.7280E+01      9.2310E+01      1.0000E+00
      1.6522E-01      1.0066E+00      1.0004E+00      1.0113E+00      1.6412E-01      8.8326E+01      9.1374E+01      1.0000E+00
      1.6048E-01      1.0278E+00      1.0017E+00      1.0551E+00      1.5210E-01      8.6627E+01      9.2608E+01      1.0000E+00
      1.6957E-01      1.0054E+00      1.0012E+00      1.0116E+00      1.6819E-01      8.7526E+01      9.2737E+01      1.0000E+00
      1.6567E-01      1.0347E+00      1.0020E+00      1.0650E+00      1.6118E-01      8.7567E+01      9.1188E+01      1.0000E+00
      1.6819E-01      1.1923E+00      1.0457E+00      1.2762E+00      1.4497E-01      8.0032E+01      1.0284E+02      1.0000E+00
      1.7293E-01      1.0148E+00      1.0026E+00      1.0301E+00      1.7202E-01      8.6160E+01      9.3797E+01      1.0000E+00
      1.8871E-01      1.1286E+00      1.0425E+00      1.1864E+00      1.6989E-01      7.4392E+01      1.0269E+02      1.0000E+00
      1.2421E-01      1.2973E+00      1.2498E+00      1.6091E+00      6.4603E-02      7.0097E+01      1.2673E+02      1.0000E+00
      1.1933E-01      1.2949E+00      1.2749E+00      1.5865E+00      6.2163E-02      7.1985E+01      1.2822E+02      1.0000E+00
      1.5036E-01      1.2058E+00      1.0469E+00      1.3444E+00      1.1676E-01      7.6519E+01      1.0293E+02      1.0000E+00
      1.5144E-01      1.1259E+00      1.0341E+00      1.2637E+00      1.2564E-01      8.1868E+01      1.0396E+02      1.0000E+00
      1.8041E-01      1.0994E+00      1.0300E+00      1.1472E+00      1.6503E-01      7.6672E+01      1.0046E+02      1.0000E+00
      1.6869E-01      1.0162E+00      1.0029E+00      1.0316E+00      1.6505E-01      8.5638E+01      9.3250E+01      1.0000E+00
      1.7875E-01      1.0436E+00      1.0106E+00      1.0756E+00      1.6759E-01      8.1732E+01      9.5046E+01      1.0000E+00
      1.6812E-01      1.0051E+00      1.0019E+00      1.0080E+00      1.6711E-01      8.6505E+01      9.3204E+01      1.0000E+00
      1.7012E-01      1.0068E+00      1.0013E+00      1.0140E+00      1.6946E-01      8.7075E+01      9.2861E+01      1.0000E+00
      1.6064E-01      1.0361E+00      1.0036E+00      1.0702E+00      1.5111E-01      8.5174E+01      9.1976E+01      1.0000E+00
      1.9014E-01      1.0908E+00      1.0368E+00      1.1651E+00      1.6677E-01      7.4700E+01      9.8561E+01      1.0000E+00
      1.4163E-01      1.2891E+00      1.2389E+00      1.4664E+00      8.4753E-02      7.3814E+01      1.2617E+02      1.0000E+00
      1.5824E-01      1.1879E+00      1.0362E+00      1.3839E+00      1.3103E-01      7.7360E+01      1.0134E+02      1.0000E+00
      8.0963E-02      1.2376E+00      1.2062E+00      1.4385E+00      4.7369E-02      7.5738E+01      1.2400E+02      1.0000E+00
      1.6310E-01      1.1950E+00      1.0463E+00      1.3910E+00      1.3352E-01      7.4687E+01      1.0310E+02      1.0000E+00
      1.9420E-01      1.0913E+00      1.0275E+00      1.1556E+00      1.7206E-01      7.6827E+01      9.7576E+01      1.0000E+00
      1.4704E-01      1.2516E+00      1.2819E+00      1.3767E+00      8.9759E-02      7.1472E+01      1.2873E+02      1.0000E+00
      1.7185E-01      1.0178E+00      1.0029E+00      1.0270E+00      1.6857E-01      8.6256E+01      9.4370E+01      1.0000E+00
      1.6907E-01      1.0138E+00      1.0043E+00      1.0206E+00      1.6716E-01      8.4848E+01      9.5266E+01      1.0000E+00
      1.7067E-01      1.0713E+00      1.0109E+00      1.1359E+00      1.5959E-01      8.2332E+01      9.7503E+01      1.0000E+00
      1.5651E-01      1.0310E+00      1.0017E+00      1.0584E+00      1.4970E-01      8.6840E+01      9.1831E+01      1.0000E+00
      1.8387E-01      1.1306E+00      1.0442E+00      1.1980E+00      1.6455E-01      7.3976E+01      1.0237E+02      1.0000E+00
      1.6433E-01      1.1922E+00      1.0508E+00      1.3598E+00      1.4395E-01      8.3955E+01      9.9044E+01      1.0000E+00
      1.6175E-01      1.0344E+00      1.0020E+00      1.0615E+00      1.5714E-01      8.7031E+01      9.1776E+01      1.0000E+00
      1.6267E-01      1.0406E+00      1.0033E+00      1.0838E+00      1.6088E-01      8.9061E+01      9.1477E+01      1.0000E+00
      1.6277E-01      1.1876E+00      1.0517E+00      1.3534E+00      1.4258E-01      8.4098E+01      1.0078E+02      1.0000E+00
      1.7984E-01      1.1307E+00      1.0376E+00      1.1965E+00      1.6250E-01      7.5752E+01      1.0160E+02      1.0000E+00
      1.6223E-01      1.0420E+00      1.0035E+00      1.0875E+00      1.6012E-01      8.9346E+01      9.0813E+01      1.0000E+00
      1.6079E-01      1.0358E+00      1.0018E+00      1.0617E+00      1.5665E-01      8.7779E+01      9.1342E+01      1.0000E+00
      1.6649E-01      1.0075E+00      1.0028E+00      1.0138E+00      1.6533E-01      8.5956E+01      9.4267E+01      1.0000E+00
      1.7040E-01      1.0110E+00      1.0025E+00      1.0199E+00      1.6749E-01      8.6770E+01      9.4020E+01      1.0000E+00
      1.5572E-01      1.0267E+00      1.0012E+00      1.0533E+00      1.4935E-01      8.7305E+01      9.1993E+01      1.0000E+00
      1.7016E-01      1.0728E+00      1.0111E+00      1.1363E+00      1.5889E-01      8.2313E+01      9.7391E+01      1.0000E+00
      1.9355E-01      1.0954E+00      1.0285E+00      1.1629E+00      1.7135E-01      7.6629E+01      9.7798E+01      1.0000E+00
      1.6199E-01      1.2013E+00      1.0465E+00      1.3948E+00      1.3239E-01      7.4961E+01      1.0285E+02      1.0000E+00
      1.4644E-01      1.2490E+00      1.2797E+00      1.3750E+00      8.9376E-02      7.1738E+01      1.2861E+02      1.0000E+00
      7.9016E-02      1.2509E+00      1.1928E+00      1.4723E+00      4.5995E-02      7.4217E+01      1.2303E+02      1.0000E+00
      1.0291E-01      1.3444E+00      1.3005E+00      1.5951E+00      6.4147E-02      6.4285E+01      1.2848E+02      1.0000E+00
      1.3320E-01      1.0594E+00      1.0198E+00      1.1264E+00      1.2132E-01      8.3527E+01      1.0089E+02      1.0000E+00
      1.4940E-01      1.0290E+00      1.0050E+00      1.0550E+00      1.4317E-01      8.5970E+01      9.5649E+01      1.0000E+00
      1.5615E-01      1.0231E+00      1.0011E+00      1.0436E+00      1.5381E-01      8.8874E+01      9.1829E+01      1.0000E+00
      1.5606E-01      1.0234E+00      1.0012E+00      1.0437E+00      1.5375E-01      8.8647E+01      9.2024E+01      1.0000E+00
      1.4920E-01      1.0296E+00      1.0052E+00      1.0549E+00      1.4307E-01      8.5775E+01      9.5773E+01      1.0000E+00
      1.3301E-01      1.0583E+00      1.0200E+00      1.1245E+00      1.2122E-01      8.3407E+01      1.0094E+02      1.0000E+00
      1.0273E-01      1.3431E+00      1.3000E+00      1.5936E+00      6.4048E-02      6.4350E+01      1.2846E+02      1.0000E+00
      4.5764E-01      1.2827E+00      1.1338E+00      1.3197E+00      3.8659E-01      6.4708E+01      1.1727E+02      1.0000E+00
      3.8648E-01      1.0951E+00      1.0562E+00      1.2944E+00      3.3806E-01      7.6951E+01      1.0189E+02      1.0000E+00
      5.4120E-01      1.2921E+00      1.0939E+00      1.3996E+00      4.5048E-01      7.1440E+01      1.0784E+02      1.0000E+00
      5.5162E-01      1.2738E+00      1.0706E+00      1.4248E+00      4.5973E-01      7.7798E+01      9.9642E+01      1.0000E+00
      4.3453E-01      1.2160E+00      1.1099E+00      1.2313E+00      4.0805E-01      6.6791E+01      1.1460E+02      1.0000E+00
      3.6856E-01      1.3204E+00      1.1577E+00      1.3725E+00      3.0936E-01      6.3879E+01      1.1906E+02      1.0000E+00
      2.2039E-01      1.3902E+00      1.2640E+00      1.3963E+00      1.8317E-01      5.2952E+01      1.2458E+02      1.0000E+00
      1.1445E-01      1.5222E+00      1.3455E+00      1.9624E+00      7.0057E-02      4.8179E+01      1.1075E+02      1.0000E+00
      9.3553E-02      1.4883E+00      1.5241E+00      1.7617E+00      4.8188E-02      6.2914E+01      1.3807E+02      1.0000E+00
      1.6246E-01      1.1856E+00      1.1016E+00      1.4395E+00      1.2634E-01      6.7232E+01      1.0438E+02      1.0000E+00
      1.2496E-01      1.3224E+00      1.0908E+00      1.6225E+00      9.1341E-02      7.2609E+01      1.1067E+02      1.0000E+00
      1.0178E-01      1.2269E+00      1.1758E+00      1.3342E+00      8.2561E-02      6.3477E+01      1.2024E+02      1.0000E+00
      8.3409E-02      1.3357E+00      1.1401E+00      1.7687E+00      5.6223E-02      7.1767E+01      1.1360E+02      1.0000E+00
      6.0784E-02      1.1720E+00      1.1619E+00      1.3248E+00      4.3433E-02      7.4881E+01      1.2014E+02      1.0000E+00
      8.2133E-02      1.0919E+00      1.0328E+00      1.1728E+00      7.3202E-02      7.5589E+01      9.8565E+01      1.0000E+00
      8.3111E-02      1.1156E+00      1.1206E+00      1.2612E+00      7.1543E-02      6.9396E+01      1.1358E+02      1.0000E+00
      4.6147E-02      1.5207E+00      1.1818E+00      1.9682E+00      2.6682E-02      6.2959E+01      1.1627E+02      1.0000E+00
      3.1279E-02      1.2966E+00      1.1646E+00      1.4024E+00      2.2056E-02      7.0297E+01      1.2082E+02      1.0000E+00
      4.0097E-02      1.0797E+00      1.0150E+00      1.1886E+00      3.7468E-02      8.6731E+01      9.4010E+01      1.0000E+00
      4.2214E-02      1.0312E+00      1.0022E+00      1.0680E+00      4.1435E-02      8.8980E+01      9.1070E+01      1.0000E+00
      4.3729E-02      1.0644E+00      1.0053E+00      1.1064E+00      4.2337E-02      8.7910E+01      9.1745E+01      1.0000E+00
      4.3442E-02      1.0802E+00      1.0100E+00      1.1493E+00      4.1721E-02      8.8024E+01      9.2725E+01      1.0000E+00
      4.3255E-02      1.1101E+00      1.0204E+00      1.2230E+00      4.1531E-02      8.8033E+01      9.2672E+01      1.0000E+00
      4.1950E-02      1.1716E+00      1.0576E+00      1.4017E+00      3.9238E-02      8.7410E+01      9.3844E+01      1.0000E+00
      3.1812E-02      1.4430E+00      1.2458E+00      1.7248E+00      2.1868E-02      6.7666E+01      1.2383E+02      1.0000E+00
      5.0054E-02      1.3226E+00      1.2426E+00      2.0117E+00      3.1855E-02      6.7053E+01      1.0872E+02      1.0000E+00
      6.3873E-02      1.2494E+00      1.2413E+00      1.3673E+00      5.4847E-02      5.7907E+01      1.2229E+02      1.0000E+00
      8.0669E-02      1.3790E+00      1.1034E+00      1.7567E+00      5.8399E-02      7.1221E+01      1.0860E+02      1.0000E+00
      9.3701E-02      1.3016E+00      1.1624E+00      1.3736E+00      7.8642E-02      6.0605E+01      1.1890E+02      1.0000E+00
      1.0633E-01      1.4155E+00      1.1619E+00      1.6082E+00      8.1317E-02      6.5252E+01      1.1492E+02      1.0000E+00
      1.3268E-01      1.2489E+00      1.0800E+00      1.4842E+00      9.6010E-02      6.8874E+01      1.0115E+02      1.0000E+00
      6.9257E-02      1.2571E+00      1.1573E+00      1.5505E+00      4.2408E-02      7.4481E+01      1.1962E+02      1.0000E+00
      7.0808E-02      1.2552E+00      1.1336E+00      1.5671E+00      4.3665E-02      7.2617E+01      1.1735E+02      1.0000E+00
      1.3902E-01      1.2142E+00      1.0575E+00      1.4013E+00      1.0202E-01      7.1789E+01      1.0285E+02      1.0000E+00
      1.1401E-01      1.3647E+00      1.1659E+00      1.6187E+00      8.2298E-02      6.4882E+01      1.1884E+02      1.0000E+00
      1.0540E-01      1.1662E+00      1.1039E+00      1.3461E+00      8.5948E-02      7.1006E+01      1.1256E+02      1.0000E+00
      9.0896E-02      1.2771E+00      1.3439E+00      1.7326E+00      5.3943E-02      6.7380E+01      1.2699E+02      1.0000E+00
      7.8786E-02      1.2981E+00      1.1333E+00      1.6640E+00      5.4095E-02      6.8097E+01      1.0455E+02      1.0000E+00
      1.2149E-01      1.0776E+00      1.0583E+00      1.1887E+00      1.0999E-01      7.4133E+01      1.0671E+02      1.0000E+00
      1.4498E-01      1.0584E+00      1.0173E+00      1.0815E+00      1.3724E-01      8.0877E+01      1.0053E+02      1.0000E+00
      1.5577E-01      1.0418E+00      1.0040E+00      1.0783E+00      1.5249E-01      8.7251E+01      9.3697E+01      1.0000E+00
      1.5579E-01      1.0417E+00      1.0040E+00      1.0783E+00      1.5251E-01      8.7290E+01      9.3662E+01      1.0000E+00
      1.4502E-01      1.0582E+00      1.0172E+00      1.0815E+00      1.3727E-01      8.0911E+01      1.0051E+02      1.0000E+00
      1.2156E-01      1.0773E+00      1.0583E+00      1.1886E+00      1.1004E-01      7.4156E+01      1.0669E+02      1.0000E+00
      7.8855E-02      1.2985E+00      1.1336E+00      1.6650E+00      5.4141E-02      6.8106E+01      1.0456E+02      1.0000E+00
      9.1066E-02      1.2763E+00      1.3437E+00      1.7331E+00      5.4035E-02      6.7437E+01      1.2695E+02      1.0000E+00
      1.0574E-01      1.1648E+00      1.1048E+00      1.3460E+00      8.6160E-02      7.1010E+01      1.1262E+02      1.0000E+00
      1.1477E-01      1.3601E+00      1.1645E+00      1.6187E+00      8.2775E-02      6.5152E+01      1.1865E+02      1.0000E+00
      1.4062E-01      1.2075E+00      1.0548E+00      1.3835E+00      1.0350E-01      7.1863E+01      1.0263E+02      1.0000E+00
      7.2345E-02      1.2426E+00      1.1423E+00      1.5640E+00      4.4226E-02      7.2750E+01      1.1799E+02      1.0000E+00
      7.2358E-02      1.2430E+00      1.1426E+00      1.5647E+00      4.4213E-02      7.2740E+01      1.1802E+02      1.0000E+00
      1.4080E-01      1.2100E+00      1.0555E+00      1.3869E+00      1.0355E-01      7.1787E+01      1.0264E+02      1.0000E+00
      1.1525E-01      1.3608E+00      1.1632E+00      1.6146E+00      8.3293E-02      6.5139E+01      1.1863E+02      1.0000E+00
      1.0713E-01      1.1775E+00      1.1105E+00      1.3609E+00      8.6804E-02      7.0232E+01      1.1327E+02      1.0000E+00
      9.2554E-02      1.2873E+00      1.3452E+00      1.7420E+00      5.4759E-02      6.6983E+01      1.2720E+02      1.0000E+00
      8.0658E-02      1.2860E+00      1.1290E+00      1.6514E+00      5.5400E-02      6.9051E+01      1.0535E+02      1.0000E+00
      1.2367E-01      1.0692E+00      1.0519E+00      1.1761E+00      1.1268E-01      7.5064E+01      1.0573E+02      1.0000E+00
      1.4433E-01      1.0509E+00      1.0151E+00      1.0687E+00      1.3951E-01      8.0420E+01      9.9555E+01      1.0000E+00
      1.5619E-01      1.0429E+00      1.0048E+00      1.0704E+00      1.5272E-01      8.5416E+01      9.4065E+01      1.0000E+00
      1.6198E-01      1.0230E+00      1.0010E+00      1.0405E+00      1.5993E-01      8.8962E+01      9.1448E+01      1.0000E+00
      1.5511E-01      1.0293E+00      1.0125E+00      1.0913E+00      1.4754E-01      8.2838E+01      9.7720E+01      1.0000E+00
      1.3465E-01      1.1298E+00      1.0644E+00      1.3250E+00      1.2156E-01      7.6462E+01      1.0232E+02      1.0000E+00
      9.1966E-02      1.4401E+00      1.2377E+00      1.9133E+00      5.9504E-02      7.1706E+01      1.1508E+02      1.0000E+00
      1.1976E-01      1.3180E+00      1.2563E+00      2.0086E+00      7.3830E-02      6.9923E+01      1.1113E+02      1.0000E+00
      1.3926E-01      1.3743E+00      1.4674E+00      1.4811E+00      9.5354E-02      5.9934E+01      1.3501E+02      1.0000E+00
      1.5733E-01      1.4565E+00      1.3038E+00      1.7190E+00      1.0105E-01      5.0187E+01      1.1299E+02      1.0000E+00
      2.9185E-01      1.3805E+00      1.2185E+00      1.4495E+00      2.5316E-01      5.7523E+01      1.2215E+02      1.0000E+00
      4.6797E-01      1.2567E+00      1.1105E+00      1.4008E+00      3.8518E-01      7.2619E+01      1.1419E+02      1.0000E+00
      6.2840E-03      1.4335E+00      1.4163E+00      1.4570E+00      5.1002E-03      4.6814E+01      1.3083E+02      1.0000E+00
      4.7449E-03      1.5351E+00      1.4048E+00      1.9034E+00      2.4126E-03      6.2254E+01      1.3368E+02      1.0000E+00
      1.4875E-03      1.5022E+00      1.6325E+00      1.7719E+00      9.6481E-04      4.8055E+01      1.3711E+02      1.0000E+00
      5.1938E-04      1.6706E+00      1.6463E+00      2.5592E+00      2.9756E-04      4.5771E+01      1.1637E+02      1.0000E+00
      3.6558E-04      1.3683E+00      1.4816E+00      1.8028E+00      2.5939E-04      6.2811E+01      1.2771E+02      1.0000E+00
      3.2938E-04      1.3856E+00      1.2040E+00      1.7319E+00      1.9609E-04      7.4355E+01      1.2275E+02      1.0000E+00
      1.4549E-04      1.2500E+00      1.3194E+00      1.3760E+00      8.6508E-05      7.1305E+01      1.3070E+02      1.0000E+00
      1.0391E-04      1.4300E+00      1.5115E+00      1.8018E+00      6.3255E-05      5.4671E+01      1.3390E+02      1.0000E+00
      9.8916E-05      1.3017E+00      1.2579E+00      1.6176E+00      5.6316E-05      7.3170E+01      1.2653E+02      1.0000E+00
      8.0961E-05      1.1931E+00      1.0415E+00      1.3297E+00      6.7973E-05      7.7976E+01      9.7328E+01      1.0000E+00
      2.0521E-04      1.8517E+00      1.8979E+00      3.0145E+00      8.0705E-05      5.1201E+01      1.3969E+02      1.0000E+00
      6.0136E-04      1.3904E+00      1.2016E+00      1.5572E+00      4.2867E-04      6.2720E+01      1.2287E+02      1.0000E+00
      5.7892E-04      1.2310E+00      1.1192E+00      1.2575E+00      4.8650E-04      6.8320E+01      1.1660E+02      1.0000E+00
      1.2035E-03      1.6007E+00      1.2510E+00      2.3021E+00      6.6988E-04      5.9178E+01      1.1472E+02      1.0000E+00
      2.7672E-03      1.2013E+00      1.1949E+00      1.2052E+00      2.2200E-03      6.4888E+01      1.2309E+02      1.0000E+00
      3.5834E-03      1.1127E+00      1.0881E+00      1.1580E+00      3.3632E-03      6.8843E+01      1.1174E+02      1.0000E+00
      4.9540E-03      1.2082E+00      1.1242E+00      1.3118E+00      4.5043E-03      6.4678E+01      1.1270E+02      1.0000E+00
      7.4974E-03      1.2205E+00      1.1801E+00      1.3877E+00      6.4153E-03      6.1696E+01      1.1671E+02      1.0000E+00
      1.2849E-02      1.1948E+00      1.1845E+00      1.3617E+00      1.0249E-02      6.4659E+01      1.1962E+02      1.0000E+00
      2.1049E-02      1.1386E+00      1.1247E+00      1.2333E+00      1.6947E-02      7.1436E+01      1.1667E+02      1.0000E+00
      2.9916E-02      1.0915E+00      1.0646E+00      1.1553E+00      2.5334E-02      7.8202E+01      1.0997E+02      1.0000E+00
      4.1117E-02      1.1790E+00      1.0394E+00      1.2835E+00      3.3758E-02      8.2133E+01      1.0339E+02      1.0000E+00
      2.8905E-02      1.2857E+00      1.6109E+00      1.6731E+00      1.5693E-02      6.1318E+01      1.3735E+02      1.0000E+00
      2.7813E-02      1.3564E+00      1.2462E+00      1.7497E+00      1.8042E-02      5.4112E+01      1.1135E+02      1.0000E+00
      6.2849E-02      1.4982E+00      1.2897E+00      1.6694E+00      3.6288E-02      6.4823E+01      1.2916E+02      1.0000E+00
      1.1094E-01      1.2610E+00      1.3317E+00      1.9634E+00      6.4745E-02      7.2059E+01      1.1992E+02      1.0000E+00
      6.7528E-02      1.6333E+00      1.3331E+00      2.1277E+00      4.4707E-02      5.1967E+01      1.1787E+02      1.0000E+00
      6.0165E-02      1.6974E+00      1.4447E+00      2.4696E+00      3.7247E-02      5.1821E+01      1.1391E+02      1.0000E+00
      8.4374E-02      1.3958E+00      1.7318E+00      2.9671E+00      4.3660E-02      6.7087E+01      1.0745E+02      1.0000E+00
      8.6585E-02      1.4425E+00      1.7795E+00      3.0587E+00      4.4577E-02      6.4634E+01      1.0796E+02      1.0000E+00
      6.5247E-02      1.6998E+00      1.4528E+00      2.4926E+00      4.1526E-02      5.3124E+01      1.1361E+02      1.0000E+00
      7.3653E-02      1.6722E+00      1.3550E+00      2.1811E+00      5.0047E-02      5.2038E+01      1.1966E+02      1.0000E+00
      1.1208E-01      1.2916E+00      1.2369E+00      1.9613E+00      7.0532E-02      7.3089E+01      1.1226E+02      1.0000E+00
      7.7695E-02      1.3121E+00      1.2263E+00      1.5808E+00      5.4056E-02      7.1967E+01      1.2279E+02      1.0000E+00
      4.8438E-02      1.3667E+00      1.2520E+00      1.4423E+00      3.5340E-02      6.0026E+01      1.2657E+02      1.0000E+00
      2.4524E-02      1.3971E+00      1.2474E+00      1.8918E+00      1.4745E-02      5.5417E+01      1.0403E+02      1.0000E+00
      2.5610E-02      1.3217E+00      1.5587E+00      1.8223E+00      1.2864E-02      6.4848E+01      1.3585E+02      1.0000E+00
      3.7270E-02      1.2136E+00      1.0508E+00      1.3477E+00      2.9558E-02      7.3956E+01      9.9265E+01      1.0000E+00
      2.4746E-02      1.1096E+00      1.0403E+00      1.2502E+00      2.0275E-02      8.2347E+01      1.0524E+02      1.0000E+00
      1.5249E-02      1.1343E+00      1.0653E+00      1.3571E+00      1.2884E-02      7.5489E+01      1.0491E+02      1.0000E+00
      9.9578E-03      1.1309E+00      1.0927E+00      1.3488E+00      8.5625E-03      7.5702E+01      1.0792E+02      1.0000E+00
      5.5132E-03      1.2094E+00      1.2850E+00      1.8467E+00      3.8517E-03      7.2605E+01      1.1169E+02      1.0000E+00
      1.9186E-03      1.5633E+00      1.6308E+00      2.9066E+00      9.7651E-04      6.8767E+01      1.2034E+02      1.0000E+00
      5.8993E-04      1.9217E+00      2.1905E+00      1.8613E+00      2.8184E-04      4.3313E+01      1.5199E+02      1.0000E+00
      4.2419E-04      1.7065E+00      1.6097E+00      2.3251E+00      2.0784E-04      6.2377E+01      1.3701E+02      1.0000E+00
      6.6669E-04      1.3052E+00      1.2795E+00      1.4562E+00      4.0266E-04      6.9605E+01      1.2857E+02      1.0000E+00
      4.0212E-04      1.5278E+00      1.8311E+00      3.0749E+00      1.8857E-04      5.3992E+01      1.1181E+02      1.0000E+00
      3.4160E-04      1.3519E+00      1.3455E+00      2.3137E+00      2.0379E-04      6.9599E+01      1.1144E+02      1.0000E+00
      2.5425E-04      1.3659E+00      1.2618E+00      1.7720E+00      1.7437E-04      5.6595E+01      1.1719E+02      1.0000E+00
      3.1603E-04      1.2934E+00      1.1903E+00      1.9082E+00      1.9398E-04      6.8953E+01      1.1140E+02      1.0000E+00
      1.1510E-03      1.5256E+00      1.2561E+00      2.1940E+00      5.6488E-04      5.5910E+01      1.1728E+02      1.0000E+00
      1.6469E-03      1.2562E+00      1.1562E+00      1.4788E+00      1.2375E-03      5.9893E+01      1.1081E+02      1.0000E+00
      1.7538E-03      1.1559E+00      1.0719E+00      1.4411E+00      1.3787E-03      7.6750E+01      1.0025E+02      1.0000E+00
      2.7999E-03      1.2797E+00      1.1056E+00      1.4822E+00      2.6928E-03      7.5261E+01      1.0466E+02      1.0000E+00
      2.5034E-03      1.7206E+00      1.6167E+00      1.7669E+00      1.6154E-03      5.0243E+01      1.4006E+02      1.0000E+00
      4.4978E-03      1.7045E+00      1.7282E+00      2.3376E+00      2.5290E-03      4.1169E+01      1.2986E+02      1.0000E+00
      1.7404E-02      1.6394E+00      1.5165E+00      1.9856E+00      7.9619E-03      5.9578E+01      1.3828E+02      1.0000E+00
      2.2642E-02      1.5004E+00      1.3970E+00      1.4679E+00      1.7714E-02      4.5853E+01      1.2794E+02      1.0000E+00
      2.7248E-02      1.3875E+00      1.1242E+00      1.6095E+00      2.0405E-02      7.1247E+01      1.1042E+02      1.0000E+00
      3.3377E-02      1.2763E+00      1.1733E+00      1.4334E+00      2.5999E-02      5.8566E+01      1.1422E+02      1.0000E+00
      1.7625E-02      1.3577E+00      1.6578E+00      1.4300E+00      8.9377E-03      6.1806E+01      1.4281E+02      1.0000E+00
      1.8885E-02      1.4068E+00      1.1796E+00      1.7469E+00      1.2398E-02      5.9239E+01      1.0627E+02      1.0000E+00
      2.8093E-02      1.2325E+00      1.0734E+00      1.4012E+00      2.6719E-02      7.9703E+01      1.0075E+02      1.0000E+00
      2.3266E-02      1.3637E+00      1.1742E+00      1.7787E+00      1.7236E-02      7.4245E+01      1.0565E+02      1.0000E+00
      2.6950E-02      1.5116E+00      1.5774E+00      1.4471E+00      1.6876E-02      5.1105E+01      1.4051E+02      1.0000E+00
      2.9700E-02      1.3416E+00      1.1090E+00      1.5588E+00      2.2107E-02      6.8281E+01      1.0743E+02      1.0000E+00
      2.6283E-02      1.3121E+00      1.3864E+00      1.3648E+00      1.8871E-02      5.6355E+01      1.3268E+02      1.0000E+00
      2.4411E-02      1.2897E+00      1.0789E+00      1.6279E+00      1.8011E-02      7.2314E+01      1.0486E+02      1.0000E+00
      2.0373E-02      1.3197E+00      1.3000E+00      1.4551E+00      1.5925E-02      5.5788E+01      1.2667E+02      1.0000E+00
      2.0123E-02      1.2803E+00      1.2005E+00      1.4561E+00      1.2508E-02      7.4436E+01      1.2359E+02      1.0000E+00
      7.7680E-03      1.4453E+00      1.2253E+00      1.7412E+00      5.2640E-03      5.6023E+01      1.1656E+02      1.0000E+00
      3.1802E-02      1.0712E+00      1.0107E+00      1.1523E+00      3.0852E-02      8.6605E+01      9.2033E+01      1.0000E+00
      3.9772E-02      1.1915E+00      1.0766E+00      1.3589E+00      3.2433E-02      6.8694E+01      1.0150E+02      1.0000E+00
      2.9706E-02      1.2865E+00      1.2350E+00      1.7990E+00      1.9076E-02      6.9589E+01      1.1860E+02      1.0000E+00
      2.4313E-02      1.2402E+00      1.1090E+00      1.5879E+00      1.7871E-02      7.6248E+01      1.0630E+02      1.0000E+00
      3.2918E-02      1.1623E+00      1.0527E+00      1.2537E+00      3.0695E-02      7.6977E+01      1.0523E+02      1.0000E+00
      2.4822E-02      1.2797E+00      1.3215E+00      1.2900E+00      1.7852E-02      6.2491E+01      1.3063E+02      1.0000E+00
      3.1452E-02      1.4413E+00      1.2003E+00      1.6661E+00      2.3395E-02      6.0355E+01      1.2016E+02      1.0000E+00
      6.6780E-02      1.3396E+00      1.2913E+00      1.9976E+00      3.4290E-02      6.8075E+01      1.2373E+02      1.0000E+00
      3.4220E-02      1.9744E+00      1.6873E+00      2.2604E+00      2.0162E-02      3.8502E+01      1.3729E+02      1.0000E+00
      2.1652E-02      1.3935E+00      1.1862E+00      1.8228E+00      1.5149E-02      6.7875E+01      1.0440E+02      1.0000E+00
      2.4804E-02      1.3213E+00      1.5080E+00      2.3229E+00      1.4522E-02      6.2029E+01      1.1408E+02      1.0000E+00
      2.3539E-02      1.3091E+00      1.4611E+00      2.4045E+00      1.3012E-02      6.7224E+01      1.0974E+02      1.0000E+00
      1.6180E-02      1.6464E+00      1.3711E+00      2.0559E+00      1.1360E-02      4.9912E+01      1.2252E+02      1.0000E+00
      1.9975E-02      1.6291E+00      1.2609E+00      1.8694E+00      1.3314E-02      6.1039E+01      1.1467E+02      1.0000E+00
      3.4148E-02      1.2490E+00      1.2202E+00      1.5970E+00      2.5649E-02      6.1067E+01      1.1541E+02      1.0000E+00
      2.9208E-02      1.0974E+00      1.0398E+00      1.1900E+00      2.5506E-02      7.4102E+01      1.0042E+02      1.0000E+00
      2.6918E-02      1.0928E+00      1.0182E+00      1.1561E+00      2.5073E-02      8.0444E+01      9.7119E+01      1.0000E+00
      2.5275E-02      1.1050E+00      1.0156E+00      1.1486E+00      2.3684E-02      8.2944E+01      9.6769E+01      1.0000E+00
      2.3729E-02      1.1286E+00      1.0165E+00      1.2548E+00      2.0962E-02      8.2016E+01      9.7566E+01      1.0000E+00
      2.4352E-02      1.3219E+00      1.2272E+00      1.7276E+00      1.7848E-02      6.2231E+01      1.1780E+02      1.0000E+00
      1.4217E-02      1.5249E+00      1.2522E+00      1.8889E+00      7.6963E-03      6.4726E+01      1.2255E+02      1.0000E+00
      1.1558E-02      1.8883E+00      1.6492E+00      2.3838E+00      7.0866E-03      3.7964E+01      1.2622E+02      1.0000E+00
      2.3881E-02      1.5804E+00      2.8805E+00      3.4039E+00      8.8802E-03      4.9057E+01      1.4107E+02      1.0000E+00
      1.4957E-02      1.9759E+00      2.0727E+00      3.1900E+00      4.6768E-03      5.6456E+01      1.4548E+02      1.0000E+00
      5.5954E-03      1.7588E+00      1.4106E+00      2.0876E+00      3.8160E-03      5.1386E+01      1.2617E+02      1.0000E+00
      5.2770E-03      1.3090E+00      1.2520E+00      1.3740E+00      3.7453E-03      6.5010E+01      1.2685E+02      1.0000E+00
      8.5253E-03      1.1824E+00      1.0701E+00      1.4450E+00      7.3799E-03      8.0846E+01      9.5352E+01      1.0000E+00
      9.9648E-03      1.1597E+00      1.0447E+00      1.3090E+00      8.6700E-03      7.4563E+01      9.8903E+01      1.0000E+00
      7.5260E-03      1.3592E+00      1.1831E+00      1.7821E+00      5.4003E-03      6.4513E+01      1.1530E+02      1.0000E+00
      5.9928E-03      1.1359E+00      1.1177E+00      1.3408E+00      4.9508E-03      7.0386E+01      1.1241E+02      1.0000E+00
      5.0473E-03      1.2549E+00      1.3296E+00      1.7813E+00      3.2655E-03      6.5707E+01      1.2212E+02      1.0000E+00
      4.1866E-03      1.2156E+00      1.1151E+00      1.5997E+00      2.8565E-03      7.1860E+01      1.0770E+02      1.0000E+00
      8.0815E-03      1.2115E+00      1.0656E+00      1.4316E+00      5.4150E-03      6.9799E+01      1.0832E+02      1.0000E+00
      5.9334E-03      1.4631E+00      1.3828E+00      1.8280E+00      3.8367E-03      5.5730E+01      1.2927E+02      1.0000E+00
      5.1695E-03      1.2770E+00      1.0904E+00      1.5480E+00      3.7232E-03      7.5049E+01      1.1172E+02      1.0000E+00
      7.8907E-03      1.1280E+00      1.0405E+00      1.3407E+00      6.5815E-03      8.0792E+01      1.0159E+02      1.0000E+00
      5.3274E-03      1.3077E+00      1.1781E+00      1.5804E+00      3.7748E-03      6.6675E+01      1.1948E+02      1.0000E+00
      5.2635E-03      1.1677E+00      1.0801E+00      1.4242E+00      4.3157E-03      7.3914E+01      1.0664E+02      1.0000E+00
      4.6218E-03      1.2931E+00      1.3937E+00      1.6569E+00      3.0185E-03      6.0215E+01      1.2874E+02      1.0000E+00
      4.2029E-03      1.2428E+00      1.1035E+00      1.5648E+00      2.9628E-03      6.7008E+01      1.0254E+02      1.0000E+00
      7.8790E-03      1.1778E+00      1.0913E+00      1.3745E+00      5.4533E-03      7.7788E+01      1.1342E+02      1.0000E+00
      5.8892E-03      1.4046E+00      1.3496E+00      1.7028E+00      4.0979E-03      5.5823E+01      1.2774E+02      1.0000E+00
      5.3740E-03      1.1622E+00      1.0407E+00      1.4105E+00      4.4367E-03      8.0562E+01      9.9869E+01      1.0000E+00
      4.5610E-03      1.3520E+00      1.5680E+00      1.5661E+00      2.8511E-03      5.4517E+01      1.3715E+02      1.0000E+00
      4.3111E-03      1.3832E+00      1.1800E+00      1.6221E+00      3.0401E-03      5.9247E+01      1.1286E+02      1.0000E+00
      7.4595E-03      1.3252E+00      1.2041E+00      1.5491E+00      5.3151E-03      7.0566E+01      1.2205E+02      1.0000E+00
      8.8320E-03      1.2562E+00      1.2105E+00      1.7116E+00      6.9373E-03      7.5326E+01      1.1122E+02      1.0000E+00
      7.2583E-03      1.3964E+00      1.2312E+00      1.9001E+00      5.5746E-03      6.5908E+01      1.0268E+02      1.0000E+00
      4.4710E-03      1.4268E+00      1.1748E+00      1.7884E+00      3.2149E-03      6.2478E+01      1.0784E+02      1.0000E+00
      2.4019E-03      1.3066E+00      1.0960E+00      1.5368E+00      1.7335E-03      6.7916E+01      1.0150E+02      1.0000E+00
      1.3398E-03      1.1956E+00      1.0717E+00      1.4564E+00      9.3717E-04      7.2840E+01      1.0759E+02      1.0000E+00
      9.8546E-04      1.2840E+00      1.2410E+00      1.8964E+00      6.7809E-04      6.7510E+01      1.1210E+02      1.0000E+00
      1.4688E-03      1.5883E+00      1.6523E+00      2.8460E+00      6.6411E-04      5.0560E+01      1.1089E+02      1.0000E+00
      2.0507E-03      1.2899E+00      1.2895E+00      1.9810E+00      1.3860E-03      6.7369E+01      1.0546E+02      1.0000E+00
      2.2620E-03      1.1081E+00      1.0262E+00      1.2556E+00      2.0365E-03      8.4298E+01      9.5420E+01      1.0000E+00
      3.2462E-03      1.0522E+00      1.0103E+00      1.1396E+00      2.9989E-03      8.4834E+01      9.6417E+01      1.0000E+00
      3.8864E-03      1.2484E+00      1.1278E+00      1.3318E+00      3.3237E-03      6.3856E+01      1.1634E+02      1.0000E+00
      7.8987E-03      1.9113E+00      1.4259E+00      2.3637E+00      4.0247E-03      5.2603E+01      1.2377E+02      1.0000E+00
      2.0018E-02      1.3815E+00      1.3472E+00      1.5693E+00      1.4038E-02      6.3619E+01      1.2960E+02      1.0000E+00
      2.7355E-02      1.2786E+00      1.1788E+00      1.4623E+00      2.2685E-02      7.0111E+01      1.1808E+02      1.0000E+00
      3.4216E-02      1.1253E+00      1.1076E+00      1.2875E+00      3.0011E-02      7.1463E+01      1.1128E+02      1.0000E+00
      3.6227E-02      1.1024E+00      1.0423E+00      1.2041E+00      3.1967E-02      7.3679E+01      1.0280E+02      1.0000E+00
      3.3271E-02      1.0980E+00      1.0208E+00      1.2060E+00      3.0063E-02      8.0129E+01      9.4540E+01      1.0000E+00
      1.5893E-02      1.5858E+00      1.4012E+00      2.3364E+00      7.5452E-03      4.8467E+01      1.1001E+02      1.0000E+00
      2.8993E-02      1.4285E+00      1.2779E+00      2.0095E+00      1.7139E-02      6.5490E+01      1.2236E+02      1.0000E+00
      1.5067E-02      1.5560E+00      1.4209E+00      2.0352E+00      9.0537E-03      5.4826E+01      1.3014E+02      1.0000E+00
      1.0030E-02      1.2071E+00      1.0473E+00      1.3548E+00      8.2557E-03      7.7033E+01      9.8364E+01      1.0000E+00
      1.0088E-02      1.2737E+00      1.2041E+00      1.2565E+00      8.1714E-03      6.1699E+01      1.2377E+02      1.0000E+00
      1.7052E-02      1.6701E+00      1.2733E+00      2.0349E+00      1.0988E-02      6.3030E+01      1.1830E+02      1.0000E+00
      3.0388E-02      1.3116E+00      1.6020E+00      2.0887E+00      1.6644E-02      6.6400E+01      1.2925E+02      1.0000E+00
      8.6337E-03      1.4103E+00      1.4028E+00      1.9535E+00      6.4032E-03      5.7410E+01      1.1851E+02      1.0000E+00
      7.3784E-03      1.2433E+00      1.1488E+00      1.6583E+00      5.5954E-03      7.0572E+01      1.0021E+02      1.0000E+00
      1.0457E-02      1.2067E+00      1.0803E+00      1.3046E+00      9.5299E-03      7.3460E+01      1.0943E+02      1.0000E+00
      8.1936E-03      1.3478E+00      1.3775E+00      1.3458E+00      5.7258E-03      5.9469E+01      1.3322E+02      1.0000E+00
      1.0867E-02      1.5021E+00      1.2659E+00      1.7493E+00      7.4833E-03      5.4086E+01      1.2053E+02      1.0000E+00
      2.2565E-02      1.3948E+00      1.2601E+00      1.6658E+00      1.4563E-02      6.9026E+01      1.2591E+02      1.0000E+00
      4.1746E-02      1.0962E+00      1.0100E+00      1.1634E+00      3.8570E-02      8.4419E+01      9.5517E+01      1.0000E+00
      4.2181E-02      1.0902E+00      1.0081E+00      1.1461E+00      3.9100E-02      8.5188E+01      9.4254E+01      1.0000E+00
      2.4375E-02      1.3443E+00      1.2159E+00      1.4871E+00      1.6440E-02      6.8236E+01      1.2449E+02      1.0000E+00
      1.1988E-02      1.3941E+00      1.2461E+00      1.8352E+00      7.6393E-03      5.5512E+01      1.1309E+02      1.0000E+00
      9.5750E-03      1.4301E+00      1.2582E+00      1.6867E+00      6.4812E-03      6.6911E+01      1.2536E+02      1.0000E+00
      1.2356E-02      1.2125E+00      1.0678E+00      1.4338E+00      1.2191E-02      8.5836E+01      9.4496E+01      1.0000E+00
      9.4211E-03      1.4281E+00      1.2974E+00      1.6493E+00      6.6894E-03      6.4298E+01      1.2692E+02      1.0000E+00
      3.0226E-01      1.0716E+00      1.0187E+00      1.1460E+00      2.8985E-01      8.2868E+01      9.8890E+01      1.0000E+00
      7.2215E-02      1.0522E+00      1.0200E+00      1.0878E+00      6.6280E-02      8.2725E+01      1.0137E+02      1.0000E+00
      6.1226E-02      1.2061E+00      1.0681E+00      1.4215E+00      4.6239E-02      7.8220E+01      1.0930E+02      1.0000E+00
