 ISM-V2
         337         622         284           6
  0.21023618914079809       0.23965802618587551        0.0000000000000000     
  0.48386283945435982       0.26706933450826920        0.0000000000000000     
  0.71773091971381697       0.24723564233052100        0.0000000000000000     
  0.91965503384213587       0.25844737923047628        0.0000000000000000     
  0.15572695657462823       0.62376859425931763        0.0000000000000000     
  0.53306370818372051       0.42978878610389276        0.0000000000000000     
  0.70808197174389464       0.50162160559026270        0.0000000000000000     
  0.91688800344322618       0.43704911210198355        0.0000000000000000     
  0.17638766917078377       0.81101969993859413        0.0000000000000000     
  0.38069179690064592       0.78627176578984015        0.0000000000000000     
  0.65596290138427349       0.74674821782986689        0.0000000000000000     
  0.19716245768814827        1.0069933376399036        0.0000000000000000     
  0.47875118280659745       0.99817558916909754        0.0000000000000000     
  0.70128960933324624       0.98285645324479465        0.0000000000000000     
  0.91535124129521206        1.0705473488357586        0.0000000000000000     
  0.21537036885535968        1.2352960523166641        0.0000000000000000     
  0.42511711609617486        1.2111963624604645        0.0000000000000000     
  0.68768404374373726        1.2507693192294389        0.0000000000000000     
  0.90081270042077910        1.2757953406721065        0.0000000000000000     
  0.14548331680412643        1.4158182725396331        0.0000000000000000     
  0.44178566262872110        1.4898745982485966        0.0000000000000000     
  0.66935921882723071        1.4903534700860686        0.0000000000000000     
  0.18677450653502903        1.7747560045321955        0.0000000000000000     
  0.45419841464234229        1.7595480346948806        0.0000000000000000     
  0.69353323703334713        1.7435921607845728        0.0000000000000000     
  0.16324608100696175        9.0566422405794503E-002   0.0000000000000000     
  0.24353203449769842       0.11354630399983182        0.0000000000000000     
   8.5431527634695970E-002  0.16253976620042282        0.0000000000000000     
  0.35859973769113812       0.12816308497269166        0.0000000000000000     
  0.48118335193117739       0.13087153170551261        0.0000000000000000     
  0.34608100661356400       0.26852715116746806        0.0000000000000000     
  0.60425448054736097       0.12829855110897576        0.0000000000000000     
  0.72949497038265476       0.12706003927889004        0.0000000000000000     
  0.60416579174030050       0.25331569276135774        0.0000000000000000     
  0.87229166815756598       0.13410663445979856        0.0000000000000000     
  0.93398618485636109       0.19144381261787741        0.0000000000000000     
  0.82697708505699363       0.25212948572922234        0.0000000000000000     
   5.1316490192121741E-002  0.29911354058215867        0.0000000000000000     
  0.13980192946500700       0.41169242870584538        0.0000000000000000     
  0.34174243993384934       0.43105181876433957        0.0000000000000000     
  0.61704357177138280       0.34726221556061476        0.0000000000000000     
  0.70711602040875721       0.36067779093435159        0.0000000000000000     
  0.81711888183799120       0.35871774260154193        0.0000000000000000     
  0.91360046124604299       0.34895125411390798        0.0000000000000000     
  0.82774761686333609       0.46061567110879620        0.0000000000000000     
  0.52258561813913629       0.61025788294745897        0.0000000000000000     
  0.66094927751619026       0.63395029861556607        0.0000000000000000     
  0.53785227527564328       0.75779081147566107        0.0000000000000000     
  0.57130193780901362       0.85904003169378751        0.0000000000000000     
  0.66444868565391035       0.85300202389219881        0.0000000000000000     
  0.82437848383705736        1.0397681982417286        0.0000000000000000     
  0.59091689906177336        1.1293395641619550        0.0000000000000000     
  0.68969453792722613        1.1284522320775392        0.0000000000000000     
  0.57032524239488980        1.2319593154342563        0.0000000000000000     
  0.80651450234295274        1.1469202826192721        0.0000000000000000     
  0.90762402307155488        1.1687456981122910        0.0000000000000000     
  0.79707243989281207        1.2626968461910730        0.0000000000000000     
  0.32802856504367156        1.3639339101302881        0.0000000000000000     
  0.43351489803381676        1.3598373986033034        0.0000000000000000     
  0.30707755544498549        1.4675892253879688        0.0000000000000000     
  0.56249556590306760        1.3648906519010728        0.0000000000000000     
  0.67718876380874837        1.3722858663987481        0.0000000000000000     
  0.56382599623586538        1.4929049640047447        0.0000000000000000     
  0.78312411658053316        1.3798907345970695        0.0000000000000000     
  0.89052476352644860        1.3870317588292944        0.0000000000000000     
   4.3874241730306192E-002   1.7070062630292411        0.0000000000000000     
  0.12457439581399120        1.6085263502184308        0.0000000000000000     
   6.9451112639533671E-002   1.8421219289478115        0.0000000000000000     
  0.30300356005165091        1.6122531188198792        0.0000000000000000     
  0.44393895033568603        1.6203776437914088        0.0000000000000000     
  0.31282472876352074        1.7544381941805987        0.0000000000000000     
  0.57783035962758378        1.6280596887161396        0.0000000000000000     
  0.67390570309790576        1.5923546127785191        0.0000000000000000     
  0.55939239960261067        1.7345175993800888        0.0000000000000000     
  0.63770376947988494        1.6853002053609056        0.0000000000000000     
  0.68614786681034778        1.6738565609276190        0.0000000000000000     
  0.63270958218589413        1.7394996969813492        0.0000000000000000     
  0.13223853409537067        1.9131331382131775        0.0000000000000000     
  0.20386552536020594        1.8944290919417788        0.0000000000000000     
  0.32041649682129109        1.8919152312967873        0.0000000000000000     
  0.42783063113572645        1.8636667294534139        0.0000000000000000     
  0.37085873121320356        1.9462628210555535        0.0000000000000000     
  0.42813370547660223        1.9373216302114340        0.0000000000000000     
  0.57148990103499531        1.8729040100955523        0.0000000000000000     
  0.70168453744844483        1.8734336795407882        0.0000000000000000     
  0.51431114154524871        1.8167313570659755        0.0000000000000000     
  0.56679970627365783        1.8092968554843496        0.0000000000000000     
  0.50539237563572237        1.8684719727000065        0.0000000000000000     
  0.63367602938805445        1.8078320157360961        0.0000000000000000     
  0.69731118098534794        1.8093775413772808        0.0000000000000000     
  0.63656667686498236        1.8731259461547620        0.0000000000000000     
  0.50088629971817411        1.9351088975358974        0.0000000000000000     
  0.57077489150415672        1.9361100493507835        0.0000000000000000     
  0.63870055491913391        1.9367114409168902        0.0000000000000000     
  0.70623422503283317        1.9368399290047433        0.0000000000000000     
  0.83209095832092173        1.8720811896817802        0.0000000000000000     
  0.94931157535517019        1.8576884900171842        0.0000000000000000     
  0.75913468073305335        1.8108696957557062        0.0000000000000000     
  0.82120686831951395        1.8107444446896115        0.0000000000000000     
  0.76654662677255081        1.8735604025854504        0.0000000000000000     
  0.88264156400427263        1.8085645909082351        0.0000000000000000     
  0.94206389254138712        1.8053796801836475        0.0000000000000000     
  0.89454237703140638        1.8661854041627617        0.0000000000000000     
  0.77423934968181141        1.9366391683970348        0.0000000000000000     
  0.84434060486584872        1.9350975352274464        0.0000000000000000     
  0.92518427717216445        1.9282820400463541        0.0000000000000000     
  0.95930747723004539        1.8950011208420985        0.0000000000000000     
   1.0000000000000000       0.18461231270169026        0.0000000000000000     
   1.0000000000000000       0.26063218216387157        0.0000000000000000     
   1.0000000000000000       0.34443857162687341        0.0000000000000000     
   1.0000000000000000       0.42818667075056860        0.0000000000000000     
   1.0000000000000000       0.50000000000000000        0.0000000000000000     
  0.92330051573579031       0.51205633205818601        0.0000000000000000     
  0.85383649403040196       0.54717931682721488        0.0000000000000000     
  0.79832053622291821       0.60226579986141071        0.0000000000000000     
  0.76242332231344245       0.67217119929346481        0.0000000000000000     
  0.75000000003628808       0.75000425958015271        0.0000000000000000     
  0.76242653081928302       0.82783859416407091        0.0000000000000000     
  0.79832951429878629       0.89774645578502565        0.0000000000000000     
  0.85385396902569255       0.95283327545167917        0.0000000000000000     
  0.92332546743057142       0.98795170950270483        0.0000000000000000     
   1.0000000000000000        1.0000000000000000        0.0000000000000000     
   1.0000000000000000        1.0820794377958138        0.0000000000000000     
   1.0000000000000000        1.1783300320594421        0.0000000000000000     
   1.0000000000000000        1.2822857401515324        0.0000000000000000     
   1.0000000000000000        1.3902887078909383        0.0000000000000000     
   1.0000000000000000        1.5000000000000000        0.0000000000000000     
  0.87500003576278185        1.5000000000000000        0.0000000000000000     
  0.75000000000000000        1.5000000000000000        0.0000000000000000     
  0.75000000000000000        1.5833679356362962        0.0000000000000000     
  0.75000000000000000        1.6667033604936008        0.0000000000000000     
  0.75000000000000000        1.7500000000000000        0.0000000000000000     
  0.81268288991061288        1.7500000000000000        0.0000000000000000     
  0.87526789885733813        1.7500000000000000        0.0000000000000000     
  0.93769162477300250        1.7500000000000000        0.0000000000000000     
   1.0000000000000000        1.7500000000000000        0.0000000000000000     
   1.0000000000000000        1.8037400288946037        0.0000000000000000     
   1.0000000000000000        1.8537044735238273        0.0000000000000000     
   1.0000000000000000        1.8975990581585460        0.0000000000000000     
   1.0000000000000000        1.9435183521166135        0.0000000000000000     
   1.0000000000000000        2.0000000000000000        0.0000000000000000     
  0.92666133728082811        2.0000000000000000        0.0000000000000000     
  0.85379933332862712        2.0000000000000000        0.0000000000000000     
  0.78183708502390492        2.0000000000000000        0.0000000000000000     
  0.71080444379857011        2.0000000000000000        0.0000000000000000     
  0.64036099626294218        2.0000000000000000        0.0000000000000000     
  0.56986806562115766        2.0000000000000000        0.0000000000000000     
  0.49854478410456837        2.0000000000000000        0.0000000000000000     
  0.42566422179601382        2.0000000000000000        0.0000000000000000     
  0.35073467317618079        2.0000000000000000        0.0000000000000000     
  0.27361002025781633        2.0000000000000000        0.0000000000000000     
  0.19449127829000612        2.0000000000000000        0.0000000000000000     
  0.11382457067639862        2.0000000000000000        0.0000000000000000     
   3.2152476627942073E-002   2.0000000000000000        0.0000000000000000     
  -5.0000000000000044E-002   2.0000000000000000        0.0000000000000000     
  -5.0000000000000003E-002   1.8401045632680477        0.0000000000000000     
  -5.0000000000000003E-002   1.6786515178549053        0.0000000000000000     
  -5.0000000000000003E-002   1.5140453360372685        0.0000000000000000     
  -5.0000000000000003E-002   1.3456528418722740        0.0000000000000000     
  -5.0000000000000003E-002   1.1738604944169810        0.0000000000000000     
  -5.0000000000000003E-002   1.0000541657734376        0.0000000000000000     
  -5.0000000000000003E-002  0.82624446678667396        0.0000000000000000     
  -5.0000000000000003E-002  0.65443759498465148        0.0000000000000000     
  -5.0000000000000003E-002  0.48600895422443990        0.0000000000000000     
  -5.0000000000000003E-002  0.32133652894826681        0.0000000000000000     
  -5.0000000000000003E-002  0.15979183337392722        0.0000000000000000     
  -5.0000000000000003E-002   0.0000000000000000        0.0000000000000000     
   5.1373748389624052E-002   0.0000000000000000        0.0000000000000000     
  0.15449175416525085        0.0000000000000000        0.0000000000000000     
  0.26127001774395331        0.0000000000000000        0.0000000000000000     
  0.37287508285480536        0.0000000000000000        0.0000000000000000     
  0.48982188639208984        0.0000000000000000        0.0000000000000000     
  0.61196515591048872        0.0000000000000000        0.0000000000000000     
  0.73857020650633498        0.0000000000000000        0.0000000000000000     
  0.86842869816773061        0.0000000000000000        0.0000000000000000     
   1.0000000000000000        0.0000000000000000        0.0000000000000000     
   1.0000000000000000       0.10306042624599639        0.0000000000000000     
  0.35062635769219924       0.60815903715335018        0.0000000000000000     
   1.7897638108592018       0.23965802618587551        0.0000000000000000     
   1.5161371605456402       0.26706933450826920        0.0000000000000000     
   1.2822690802861829       0.24723564233052100        0.0000000000000000     
   1.0803449661578639       0.25844737923047628        0.0000000000000000     
   1.8442730434253718       0.62376859425931763        0.0000000000000000     
   1.4669362918162794       0.42978878610389276        0.0000000000000000     
   1.2919180282561054       0.50162160559026270        0.0000000000000000     
   1.0831119965567739       0.43704911210198355        0.0000000000000000     
   1.8236123308292163       0.81101969993859413        0.0000000000000000     
   1.6193082030993542       0.78627176578984015        0.0000000000000000     
   1.3440370986157264       0.74674821782986689        0.0000000000000000     
   1.8028375423118521        1.0069933376399036        0.0000000000000000     
   1.5212488171934027       0.99817558916909754        0.0000000000000000     
   1.2987103906667536       0.98285645324479465        0.0000000000000000     
   1.0846487587047879        1.0705473488357586        0.0000000000000000     
   1.7846296311446403        1.2352960523166641        0.0000000000000000     
   1.5748828839038251        1.2111963624604645        0.0000000000000000     
   1.3123159562562625        1.2507693192294389        0.0000000000000000     
   1.0991872995792209        1.2757953406721065        0.0000000000000000     
   1.8545166831958739        1.4158182725396331        0.0000000000000000     
   1.5582143373712789        1.4898745982485966        0.0000000000000000     
   1.3306407811727692        1.4903534700860686        0.0000000000000000     
   1.8132254934649708        1.7747560045321955        0.0000000000000000     
   1.5458015853576577        1.7595480346948806        0.0000000000000000     
   1.3064667629666531        1.7435921607845728        0.0000000000000000     
   1.8367539189930382        9.0566422405794503E-002   0.0000000000000000     
   1.7564679655023017       0.11354630399983182        0.0000000000000000     
   1.9145684723653040       0.16253976620042282        0.0000000000000000     
   1.6414002623088617       0.12816308497269166        0.0000000000000000     
   1.5188166480688228       0.13087153170551261        0.0000000000000000     
   1.6539189933864360       0.26852715116746806        0.0000000000000000     
   1.3957455194526391       0.12829855110897576        0.0000000000000000     
   1.2705050296173450       0.12706003927889004        0.0000000000000000     
   1.3958342082596995       0.25331569276135774        0.0000000000000000     
   1.1277083318424339       0.13410663445979856        0.0000000000000000     
   1.0660138151436394       0.19144381261787741        0.0000000000000000     
   1.1730229149430065       0.25212948572922234        0.0000000000000000     
   1.9486835098078783       0.29911354058215867        0.0000000000000000     
   1.8601980705349932       0.41169242870584538        0.0000000000000000     
   1.6582575600661507       0.43105181876433957        0.0000000000000000     
   1.3829564282286173       0.34726221556061476        0.0000000000000000     
   1.2928839795912430       0.36067779093435159        0.0000000000000000     
   1.1828811181620089       0.35871774260154193        0.0000000000000000     
   1.0863995387539571       0.34895125411390798        0.0000000000000000     
   1.1722523831366640       0.46061567110879620        0.0000000000000000     
   1.4774143818608636       0.61025788294745897        0.0000000000000000     
   1.3390507224838095       0.63395029861556607        0.0000000000000000     
   1.4621477247243571       0.75779081147566107        0.0000000000000000     
   1.4286980621909864       0.85904003169378751        0.0000000000000000     
   1.3355513143460895       0.85300202389219881        0.0000000000000000     
   1.1756215161629426        1.0397681982417286        0.0000000000000000     
   1.4090831009382265        1.1293395641619550        0.0000000000000000     
   1.3103054620727739        1.1284522320775392        0.0000000000000000     
   1.4296747576051101        1.2319593154342563        0.0000000000000000     
   1.1934854976570468        1.1469202826192721        0.0000000000000000     
   1.0923759769284449        1.1687456981122910        0.0000000000000000     
   1.2029275601071878        1.2626968461910730        0.0000000000000000     
   1.6719714349563284        1.3639339101302881        0.0000000000000000     
   1.5664851019661834        1.3598373986033034        0.0000000000000000     
   1.6929224445550146        1.4675892253879688        0.0000000000000000     
   1.4375044340969323        1.3648906519010728        0.0000000000000000     
   1.3228112361912514        1.3722858663987481        0.0000000000000000     
   1.4361740037641344        1.4929049640047447        0.0000000000000000     
   1.2168758834194668        1.3798907345970695        0.0000000000000000     
   1.1094752364735514        1.3870317588292944        0.0000000000000000     
   1.9561257582696938        1.7070062630292411        0.0000000000000000     
   1.8754256041860091        1.6085263502184308        0.0000000000000000     
   1.9305488873604666        1.8421219289478115        0.0000000000000000     
   1.6969964399483493        1.6122531188198792        0.0000000000000000     
   1.5560610496643141        1.6203776437914088        0.0000000000000000     
   1.6871752712364794        1.7544381941805987        0.0000000000000000     
   1.4221696403724160        1.6280596887161396        0.0000000000000000     
   1.3260942969020941        1.5923546127785191        0.0000000000000000     
   1.4406076003973896        1.7345175993800888        0.0000000000000000     
   1.3622962305201149        1.6853002053609056        0.0000000000000000     
   1.3138521331896522        1.6738565609276190        0.0000000000000000     
   1.3672904178141061        1.7394996969813492        0.0000000000000000     
   1.8677614659046298        1.9131331382131775        0.0000000000000000     
   1.7961344746397940        1.8944290919417788        0.0000000000000000     
   1.6795835031787087        1.8919152312967873        0.0000000000000000     
   1.5721693688642733        1.8636667294534139        0.0000000000000000     
   1.6291412687867968        1.9462628210555535        0.0000000000000000     
   1.5718662945233979        1.9373216302114340        0.0000000000000000     
   1.4285100989650046        1.8729040100955523        0.0000000000000000     
   1.2983154625515552        1.8734336795407882        0.0000000000000000     
   1.4856888584547510        1.8167313570659755        0.0000000000000000     
   1.4332002937263422        1.8092968554843496        0.0000000000000000     
   1.4946076243642774        1.8684719727000065        0.0000000000000000     
   1.3663239706119452        1.8078320157360961        0.0000000000000000     
   1.3026888190146524        1.8093775413772808        0.0000000000000000     
   1.3634333231350175        1.8731259461547620        0.0000000000000000     
   1.4991137002818260        1.9351088975358974        0.0000000000000000     
   1.4292251084958434        1.9361100493507835        0.0000000000000000     
   1.3612994450808664        1.9367114409168902        0.0000000000000000     
   1.2937657749671669        1.9368399290047433        0.0000000000000000     
   1.1679090416790787        1.8720811896817802        0.0000000000000000     
   1.0506884246448296        1.8576884900171842        0.0000000000000000     
   1.2408653192669470        1.8108696957557062        0.0000000000000000     
   1.1787931316804863        1.8107444446896115        0.0000000000000000     
   1.2334533732274493        1.8735604025854504        0.0000000000000000     
   1.1173584359957274        1.8085645909082351        0.0000000000000000     
   1.0579361074586129        1.8053796801836475        0.0000000000000000     
   1.1054576229685935        1.8661854041627617        0.0000000000000000     
   1.2257606503181890        1.9366391683970348        0.0000000000000000     
   1.1556593951341514        1.9350975352274464        0.0000000000000000     
   1.0748157228278354        1.9282820400463541        0.0000000000000000     
   1.0406925227699544        1.8950011208420985        0.0000000000000000     
   1.0766994842642097       0.51205633205818601        0.0000000000000000     
   1.1461635059695980       0.54717931682721488        0.0000000000000000     
   1.2016794637770818       0.60226579986141071        0.0000000000000000     
   1.2375766776865575       0.67217119929346481        0.0000000000000000     
   1.2499999999637119       0.75000425958015271        0.0000000000000000     
   1.2375734691807170       0.82783859416407091        0.0000000000000000     
   1.2016704857012137       0.89774645578502565        0.0000000000000000     
   1.1461460309743075       0.95283327545167917        0.0000000000000000     
   1.0766745325694287       0.98795170950270483        0.0000000000000000     
   1.1249999642372182        1.5000000000000000        0.0000000000000000     
   1.2500000000000000        1.5000000000000000        0.0000000000000000     
   1.2500000000000000        1.5833679356362962        0.0000000000000000     
   1.2500000000000000        1.6667033604936008        0.0000000000000000     
   1.2500000000000000        1.7500000000000000        0.0000000000000000     
   1.1873171100893871        1.7500000000000000        0.0000000000000000     
   1.1247321011426619        1.7500000000000000        0.0000000000000000     
   1.0623083752269975        1.7500000000000000        0.0000000000000000     
   1.0733386627191719        2.0000000000000000        0.0000000000000000     
   1.1462006666713729        2.0000000000000000        0.0000000000000000     
   1.2181629149760951        2.0000000000000000        0.0000000000000000     
   1.2891955562014299        2.0000000000000000        0.0000000000000000     
   1.3596390037370578        2.0000000000000000        0.0000000000000000     
   1.4301319343788423        2.0000000000000000        0.0000000000000000     
   1.5014552158954317        2.0000000000000000        0.0000000000000000     
   1.5743357782039862        2.0000000000000000        0.0000000000000000     
   1.6492653268238193        2.0000000000000000        0.0000000000000000     
   1.7263899797421836        2.0000000000000000        0.0000000000000000     
   1.8055087217099939        2.0000000000000000        0.0000000000000000     
   1.8861754293236013        2.0000000000000000        0.0000000000000000     
   1.9678475233720580        2.0000000000000000        0.0000000000000000     
   2.0499999999999998        2.0000000000000000        0.0000000000000000     
   2.0500000000000003        1.8401045632680477        0.0000000000000000     
   2.0500000000000003        1.6786515178549053        0.0000000000000000     
   2.0500000000000003        1.5140453360372685        0.0000000000000000     
   2.0500000000000003        1.3456528418722740        0.0000000000000000     
   2.0500000000000003        1.1738604944169810        0.0000000000000000     
   2.0500000000000003        1.0000541657734376        0.0000000000000000     
   2.0500000000000003       0.82624446678667396        0.0000000000000000     
   2.0500000000000003       0.65443759498465148        0.0000000000000000     
   2.0500000000000003       0.48600895422443990        0.0000000000000000     
   2.0500000000000003       0.32133652894826681        0.0000000000000000     
   2.0500000000000003       0.15979183337392722        0.0000000000000000     
   2.0500000000000003        0.0000000000000000        0.0000000000000000     
   1.9486262516103761        0.0000000000000000        0.0000000000000000     
   1.8455082458347492        0.0000000000000000        0.0000000000000000     
   1.7387299822560467        0.0000000000000000        0.0000000000000000     
   1.6271249171451947        0.0000000000000000        0.0000000000000000     
   1.5101781136079102        0.0000000000000000        0.0000000000000000     
   1.3880348440895114        0.0000000000000000        0.0000000000000000     
   1.2614297934936651        0.0000000000000000        0.0000000000000000     
   1.1315713018322695        0.0000000000000000        0.0000000000000000     
   1.6493736423078009       0.60815903715335018        0.0000000000000000     
   183     187       1     128       1      -1
   187     188       1       2       2       4
   337     188       1      23       3       1
   183     337       1      14       4       2
   187     190       2     127       1      -1
   190     191       2       3       2       4
   188     191       2      25       3       1
   190     194       3     126       1      -1
   194     195       3      35       2       4
   191     195       3      29       3       1
   204     206       4     133       1      -1
   206     179       4      11       2       4
   205     179       4       5       3       1
   204     205       4     134       4       1
   179     209       5      12       2       4
   207     209       5       6       3       1
   205     207       5     135       4       1
   209     180       6      13       2       4
   208     180       6       7       3       1
   207     208       6     136       4       1
   180     212       7      15       2       4
   210     212       7       8       3       1
   208     210       7     137       4       1
   212     181       8      16       2       4
   211     181       8       9       3       1
   210     211       8     138       4       1
   181     215       9      18       2       4
   213     215       9      10       3       1
   211     213       9     139       4       1
   215     182      10      19       2       4
   214     182      10      78       3       1
   213     214      10     141       4       1
   206     216      11     131       1      -1
   216     217      11     130       2      -1
   179     217      11      12       3       1
   217     218      12      14       2       4
   209     218      12      13       3       1
   218     184      13     142       2      -1
   180     184      13      15       3       1
   217     183      14     129       1      -1
   218     337      14     142       3       2
   184     219      15      17       2      -1
   212     219      15      16       3       1
   219     220      16      17       2       4
   181     220      16      18       3       1
   184     185      17      22       2       4
   220     185      17      20       3       1
   220     221      18      20       2       4
   215     221      18      19       3       1
   221     222      19      21       2       4
   182     222      19      79       3       1
   185     223      20      83       2      -1
   221     223      20      21       3       1
   223     186      21      82       2      -1
   222     186      21      80       3       1
   184     224      22     142       1       4
   224     225      22      24       2       4
   185     225      22      84       3       1
   188     226      23      25       2       4
   224     226      23      24       3       1
   337     224      23     142       4      -3
   226     189      24      26       2       4
   225     189      24      85       3       1
   191     227      25      27       2      -1
   226     227      25      26       3       1
   227     228      26      27       2       4
   189     228      26      86       3       1
   191     192      27      28       2       4
   228     192      27      87       3       1
   191     230      28      29       1       4
   230     231      28      30       2       4
   192     231      28      31       3       1
   195     232      29      38       2       4
   230     232      29      30       3       1
   232     196      30      39       2       4
   231     196      30      33       3       1
   231     233      31      33       2       4
   229     233      31      32       3       1
   192     229      31      88       4       1
   233     234      32      34       2       4
   193     234      32      91       3       1
   229     193      32      89       4       1
   196     235      33      42       2       4
   233     235      33      34       3       1
   235     197      34      43       2       4
   234     197      34      92       3       1
   194     236      35      36       1       4
   236     237      35      37       2       4
   195     237      35      38       3       1
   194     198      36     125       1      -1
   198     238      36      45       2       4
   236     238      36      37       3       1
   238     199      37      46       2       4
   237     199      37      40       3       1
   237     239      38      40       2       4
   232     239      38      39       3       1
   239     240      39      41       2       4
   196     240      39      42       3       1
   199     241      40      49       2       4
   239     241      40      41       3       1
   241     200      41      50       2       4
   240     200      41      96       3       2
   240     242      42      96       2      -1
   235     242      42      43       3       1
   242     243      43      95       2      -1
   197     243      43      93       3       1
   244     246      44     122       1      -1
   246     201      44      55       2       4
   245     201      44      47       3       1
   244     245      44     123       4       1
   198     245      45     124       1      -1
   245     247      45      47       2       4
   238     247      45      46       3       1
   247     248      46      48       2       4
   199     248      46      49       3       1
   201     249      47      56       2       4
   247     249      47      48       3       1
   249     202      48      57       2       4
   248     202      48      51       3       1
   248     250      49      51       2       4
   241     250      49      50       3       1
   250     251      50      52       2       4
   200     251      50      97       3       1
   202     252      51      59       2       4
   250     252      51      53       3       1
   250     253      52      53       1       4
   253     254      52      54       2       4
   251     254      52      98       3       1
   252     255      53      62       2       4
   253     255      53      54       3       1
   255     203      54      63       2       4
   254     203      54      99       3       1
   246     256      55     120       1      -1
   256     257      55     119       2      -1
   201     257      55      56       3       1
   257     258      56     118       2      -1
   249     258      56      57       3       1
   258     259      57      58       2       4
   202     259      57      60       3       1
   258     260      58     117       1      -1
   260     261      58     116       2      -1
   259     261      58      66       3       1
   202     264      59      60       1       4
   264     265      59      61       2       4
   252     265      59      62       3       1
   259     266      60      66       2       4
   264     266      60      61       3       1
   266     262      61      67       2       4
   265     262      61      64       3       1
   265     267      62      64       2       4
   255     267      62      63       3       1
   267     268      63      65       2       4
   203     268      63     100       3       1
   262     269      64      68       2       4
   267     269      64      65       3       1
   269     263      65      69       2       4
   268     263      65      70       3       1
   261     270      66     115       2      -1
   266     270      66      67       3       1
   270     271      67     114       2      -1
   262     271      67      68       3       1
   271     272      68     113       2      -1
   269     272      68      69       3       1
   272     273      69     112       2      -1
   263     273      69      74       3       1
   263     278      70      74       2       4
   276     278      70      71       3       1
   268     276      70     100       4       2
   278     274      71      75       2       4
   277     274      71      72       3       1
   276     277      71     101       4       1
   274     281      72      76       2       4
   279     281      72      73       3       1
   277     279      72     102       4       1
   281     275      73      77       2       4
   280     275      73     105       3       1
   279     280      73     103       4       1
   273     282      74     111       2      -1
   278     282      74      75       3       1
   282     283      75     110       2      -1
   274     283      75      76       3       1
   283     284      76     109       2      -1
   281     284      76      77       3       1
   284     285      77     107       2      -1
   275     285      77     106       3       1
   182     109      78      79       2       4
   108     109      78     220       3       2
   214     108      78     141       4       2
   222     110      79      80       2       4
   109     110      79     221       3       2
   186     111      80      81       2       4
   110     111      80     222       3       2
   186     286      81      82       1       4
   286     112      81       0       2       0
   111     112      81     223       3       2
   223     287      82      83       2       4
   286     287      82       0       3       0
   185     288      83      84       2       4
   287     288      83       0       3       0
   225     289      84      85       2       4
   288     289      84       0       3       0
   189     290      85      86       2       4
   289     290      85       0       3       0
   228     291      86      87       2       4
   290     291      86       0       3       0
   192     292      87      88       2       4
   291     292      87       0       3       0
   229     293      88      89       2       4
   292     293      88       0       3       0
   193     294      89      90       2       4
   293     294      89       0       3       0
   193     123      90      91       1       4
   123     122      90     232       2       3
   294     122      90       0       3       0
   234     124      91      92       2       4
   123     124      91     233       3       2
   197     125      92      93       2       4
   124     125      92     234       3       2
   243     126      93      94       2       4
   125     126      93     235       3       2
   243     295      94      95       1       4
   295     127      94       0       2       0
   126     127      94     236       3       2
   242     296      95      96       2       4
   295     296      95       0       3       0
   296     200      96      97       3      -4
   251     297      97      98       2       4
   296     297      97       0       3       0
   254     298      98      99       2       4
   297     298      98       0       3       0
   203     299      99     100       2       4
   298     299      99       0       3       0
   299     276     100     101       3      -4
   277     300     101     102       2       4
   299     300     101       0       3       0
   279     301     102     103       2       4
   300     301     102       0       3       0
   280     302     103     104       2       4
   301     302     103       0       3       0
   280     137     104     105       1       4
   137     136     104     246       2       3
   302     136     104       0       3       0
   275     138     105     106       2       4
   137     138     105     247       3       2
   285     139     106     107       2       4
   138     139     106     248       3       2
   284     140     107     108       2       4
   139     140     107     249       3       2
   284     303     108     109       1       4
   303     141     108       0       2       0
   140     141     108     250       3       2
   283     304     109     110       2       4
   303     304     109       0       3       0
   282     305     110     111       2       4
   304     305     110       0       3       0
   273     306     111     112       2       4
   305     306     111       0       3       0
   272     307     112     113       2       4
   306     307     112       0       3       0
   271     308     113     114       2       4
   307     308     113       0       3       0
   270     309     114     115       2       4
   308     309     114       0       3       0
   261     310     115     116       2       4
   309     310     115       0       3       0
   260     311     116     117       2       4
   310     311     116       0       3       0
   258     312     117     118       2       4
   311     312     117       0       3       0
   257     313     118     119       2       4
   312     313     118       0       3       0
   256     314     119     120       2       4
   313     314     119       0       3       0
   246     315     120     121       2       4
   314     315     120       0       3       0
   246     317     121     122       1       4
   317     316     121       0       2       0
   315     316     121       0       3       0
   244     318     122     123       2       4
   317     318     122       0       3       0
   245     319     123     124       2       4
   318     319     123       0       3       0
   198     320     124     125       2       4
   319     320     124       0       3       0
   194     321     125     126       2       4
   320     321     125       0       3       0
   190     322     126     127       2       4
   321     322     126       0       3       0
   187     323     127     128       2       4
   322     323     127       0       3       0
   183     324     128     129       2       4
   323     324     128       0       3       0
   217     325     129     130       2       4
   324     325     129       0       3       0
   216     326     130     131       2       4
   325     326     130       0       3       0
   206     327     131     132       2       4
   326     327     131       0       3       0
   206     329     132     133       1       4
   329     328     132       0       2       0
   327     328     132       0       3       0
   204     330     133     134       2       4
   329     330     133       0       3       0
   205     331     134     135       2       4
   330     331     134       0       3       0
   207     332     135     136       2       4
   331     332     135       0       3       0
   208     333     136     137       2       4
   332     333     136       0       3       0
   210     334     137     138       2       4
   333     334     137       0       3       0
   211     335     138     139       2       4
   334     335     138       0       3       0
   213     336     139     140       2       4
   335     336     139       0       3       0
   213     177     140     141       1       4
   177     176     140     282       2       3
   336     176     140       0       3       0
   177     108     141     283       3       2
     5     178     143     156       1       3
   178      10     143     165       2       4
     9      10     143     144       3       1
     5       9     143     270       4      -4
    10      13     144     167       2       4
    12      13     144     145       3       1
     9      12     144     269       4      -4
    13      17     145     171       2       4
    16      17     145     177       3       1
    12      16     145     268       4      -4
    26      27     146     276       1       4
    27       1     146     147       2       4
    28       1     146     153       3       1
    26      28     146     275       4      -4
    27      29     147     277       1       4
    29      31     147     148       2       4
     1      31     147     154       3       1
    29      30     148     278       1       4
    30       2     148     149       2       4
    31       2     148     155       3       1
    30      32     149     279       1       4
    32      34     149     150       2       4
     2      34     149     157       3       1
    32      33     150     280       1       4
    33       3     150     151       2       4
    34       3     150     158       3       1
    33      35     151     281       1       4
    35      37     151     152       2       4
     3      37     151     160       3       1
    35      36     152     283       1       4
    36       4     152     220       2       4
    37       4     152     161       3       1
     1      39     153     154       2       4
    38      39     153     272       3      -4
    28      38     153     273       4      -4
    31      40     154     155       2       4
    39      40     154     156       3       1
     2       6     155     157       2       4
    40       6     155     284       3      -4
    40     178     156     284       2       3
    39       5     156     271       4      -4
    34      41     157     158       2       4
     6      41     157     159       3      -4
     3      42     158     160       2       4
    41      42     158     159       3       1
    42       7     159     162       2       4
     6       7     159     164       3       1
    37      43     160     161       2       4
    42      43     160     162       3       1
     4      44     161     221       2       4
    43      44     161     163       3       1
    43      45     162     163       2       4
     7      45     162     225       3      -4
    44       8     163     222       2       4
    45       8     163     224       3      -4
     7      47     164     226       2       4
    46      47     164     166       3       1
     6      46     164     284       4       1
   178      46     165     284       1      -2
    46      48     165     166       2       4
    10      48     165     167       3       1
    47      11     166     227       2       4
    48      11     166     168       3       1
    48      49     167     168       2       4
    13      49     167     169       3      -4
    11      50     168     228       2       4
    49      50     168     169       3       1
    50      14     169     229       2       4
    13      14     169     170       3       1
    14      53     170     173       2       4
    52      53     170     172       3       1
    13      52     170     171       4       1
    52      54     171     172       2       4
    17      54     171     180       3       1
    53      18     172     175       2       4
    54      18     172     181       3       1
    14      51     173     230       1       4
    51      55     173     174       2       4
    53      55     173     175       3       1
    51      15     174     231       1       4
    15      56     174     233       2       4
    55      56     174     176       3       1
    55      57     175     176       2       4
    18      57     175     184       3       1
    56      19     176     234       2       4
    57      19     176     185       3       1
    17      59     177     180       2       4
    58      59     177     179       3       1
    16      58     177     178       4       1
    58      60     178     179       2       4
    20      60     178     187       3       1
    16      20     178     267       4      -4
    59      21     179     182       2       4
    60      21     179     188       3       1
    54      61     180     181       2       4
    59      61     180     182       3       1
    18      62     181     184       2       4
    61      62     181     183       3       1
    61      63     182     183       2       4
    21      63     182     191       3       1
    62      22     183     238       2       3
    63      22     183     192       3       1
    57      64     184     185       2       4
    62      64     184     238       3      -4
    19      65     185     235       2       4
    64      65     185     237       3      -4
    66      67     186     265       1       4
    67      23     186     189       2       4
    68      23     186     197       3       1
    66      68     186     264       4      -4
    60      69     187     188       2       4
    67      69     187     189       3       1
    20      67     187     266       4      -4
    21      70     188     191       2       4
    69      70     188     190       3       1
    69      71     189     190       2       4
    23      71     189     198       3       1
    70      24     190     193       2       4
    71      24     190     199       3       1
    63      72     191     192       2       4
    70      72     191     193       3       1
    22      73     192     239       2       4
    72      73     192     194       3       1
    72      74     193     195       2       4
    24      74     193     201       3       1
    73      76     194     240       2       4
    75      76     194     196       3       1
    72      75     194     195       4       1
    75      77     195     196       2       4
    74      77     195     204       3       1
    76      25     196     241       2       4
    77      25     196     205       3       1
    23      79     197     198       2       4
    78      79     197     261       3      -4
    68      78     197     262       4      -4
    71      80     198     199       2       4
    79      80     198     260       3      -4
    24      81     199     202       2       4
    80      81     199     200       3       1
    81      83     200     208       2       4
    82      83     200     258       3      -4
    80      82     200     259       4      -4
    74      87     201     204       2       4
    86      87     201     203       3       1
    24      86     201     202       4       1
    86      88     202     203       2       4
    81      88     202     208       3       1
    87      84     203     206       2       4
    88      84     203     209       3       1
    77      89     204     205       2       4
    87      89     204     206       3       1
    25      90     205     242       2       4
    89      90     205     207       3       1
    89      91     206     207       2       4
    84      91     206     210       3       1
    90      85     207     212       2       4
    91      85     207     211       3       1
    88      92     208     209       2       4
    83      92     208     257       3      -4
    84      93     209     210       2       4
    92      93     209     256       3      -4
    91      94     210     211       2       4
    93      94     210     255       3      -4
    85      95     211     216       2       4
    94      95     211     254       3      -4
    90      98     212     242       1       3
    98     100     212     213       2       4
    85     100     212     216       3       1
    98      99     213     243       1       4
    99      96     213     214       2       4
   100      96     213     217       3       1
    99     101     214     244       1       4
   101     103     214     215       2       4
    96     103     214     218       3       1
   101     102     215     245       1       4
   102      97     215     247       2       4
   103      97     215     219       3       1
   100     104     216     217       2       4
    95     104     216     253       3      -4
    96     105     217     218       2       4
   104     105     217     252       3      -4
   103     106     218     219       2       4
   105     106     218     251       3      -4
    97     107     219     248       2       4
   106     107     219     249       3      -4
    36     108     220     283       1       3
     4     109     220     221       3       1
    44     110     221     222       3       1
     8     111     222     223       3       1
   113     112     223       0       3       0
     8     113     223     224       4       1
   113     114     224       0       2       0
    45     114     224     225       3       1
   114     115     225       0       2       0
     7     115     225     226       3       1
   115     116     226       0       2       0
    47     116     226     227       3       1
   116     117     227       0       2       0
    11     117     227     228       3       1
   117     118     228       0       2       0
    50     118     228     229       3       1
   118     119     229       0       2       0
    14     119     229     230       3       1
   119     120     230       0       2       0
    51     120     230     231       3       1
   120     121     231       0       2       0
    15     121     231     232       3       1
   121     122     232       0       2       0
    15     123     232     233       4       1
    56     124     233     234       3       1
    19     125     234     235       3       1
    65     126     235     236       3       1
   128     127     236       0       3       0
    65     128     236     237       4       1
   128     129     237       0       2       0
    64     129     237     238       3       1
   129      22     238     239       2      -1
   129     130     239       0       2       0
    73     130     239     240       3       1
   130     131     240       0       2       0
    76     131     240     241       3       1
   131     132     241       0       2       0
    25     132     241     242       3       1
   132      98     242     243       2      -1
   132     133     243       0       2       0
    99     133     243     244       3       1
   133     134     244       0       2       0
   101     134     244     245       3       1
   134     135     245       0       2       0
   102     135     245     246       3       1
   135     136     246       0       2       0
   102     137     246     247       4       1
    97     138     247     248       3       1
   107     139     248     249       3       1
   106     140     249     250       3       1
   142     141     250       0       3       0
   106     142     250     251       4       1
   142     143     251       0       2       0
   105     143     251     252       3       1
   143     144     252       0       2       0
   104     144     252     253       3       1
   144     145     253       0       2       0
    95     145     253     254       3       1
   145     146     254       0       2       0
    94     146     254     255       3       1
   146     147     255       0       2       0
    93     147     255     256       3       1
   147     148     256       0       2       0
    92     148     256     257       3       1
   148     149     257       0       2       0
    83     149     257     258       3       1
   149     150     258       0       2       0
    82     150     258     259       3       1
   150     151     259       0       2       0
    80     151     259     260       3       1
   151     152     260       0       2       0
    79     152     260     261       3       1
   152     153     261       0       2       0
    78     153     261     262       3       1
   153     154     262       0       2       0
    68     154     262     263       3       1
   154     155     263       0       2       0
   156     155     263       0       3       0
    68     156     263     264       4       1
   156     157     264       0       2       0
    66     157     264     265       3       1
   157     158     265       0       2       0
    67     158     265     266       3       1
   158     159     266       0       2       0
    20     159     266     267       3       1
   159     160     267       0       2       0
    16     160     267     268       3       1
   160     161     268       0       2       0
    12     161     268     269       3       1
   161     162     269       0       2       0
     9     162     269     270       3       1
   162     163     270       0       2       0
     5     163     270     271       3       1
   163     164     271       0       2       0
    39     164     271     272       3       1
   164     165     272       0       2       0
    38     165     272     273       3       1
   165     166     273       0       2       0
    28     166     273     274       3       1
   166     167     274       0       2       0
   168     167     274       0       3       0
    28     168     274     275       4       1
   168     169     275       0       2       0
    26     169     275     276       3       1
   169     170     276       0       2       0
    27     170     276     277       3       1
   170     171     277       0       2       0
    29     171     277     278       3       1
   171     172     278       0       2       0
    30     172     278     279       3       1
   172     173     279       0       2       0
    32     173     279     280       3       1
   173     174     280       0       2       0
    33     174     280     281       3       1
   174     175     281       0       2       0
    35     175     281     282       3       1
   175     176     282       0       2       0
    35     177     282     283       4       1
         183         187         188         337
           0           0           0           0
 --- --- --- --- 
         187         190         191         188
           0           0           0           0
 --- --- --- --- 
         190         194         195         191
           0           0           0           0
 --- --- --- --- 
         204         206         179         205
           0           0           0           0
 --- --- --- --- 
         205         179         209         207
           0           0           0           0
 --- --- --- --- 
         207         209         180         208
           0           0           0           0
 --- --- --- --- 
         208         180         212         210
           0           0           0           0
 --- --- --- --- 
         210         212         181         211
           0           0           0           0
 --- --- --- --- 
         211         181         215         213
           0           0           0           0
 --- --- --- --- 
         213         215         182         214
           0           0           0           0
 --- --- --- --- 
         206         216         217         179
           0           0           0           0
 --- --- --- --- 
         179         217         218         209
           0           0           0           0
 --- --- --- --- 
         209         218         184         180
           0           0           0           0
 --- --- --- --- 
         217         183         337         218
           0           0           0           0
 --- --- --- --- 
         180         184         219         212
           0           0           0           0
 --- --- --- --- 
         212         219         220         181
           0           0           0           0
 --- --- --- --- 
         219         184         185         220
           0           0           0           0
 --- --- --- --- 
         181         220         221         215
           0           0           0           0
 --- --- --- --- 
         215         221         222         182
           0           0           0           0
 --- --- --- --- 
         220         185         223         221
           0           0           0           0
 --- --- --- --- 
         221         223         186         222
           0           0           0           0
 --- --- --- --- 
         184         224         225         185
           0           0           0           0
 --- --- --- --- 
         337         188         226         224
           0           0           0           0
 --- --- --- --- 
         224         226         189         225
           0           0           0           0
 --- --- --- --- 
         188         191         227         226
           0           0           0           0
 --- --- --- --- 
         226         227         228         189
           0           0           0           0
 --- --- --- --- 
         227         191         192         228
           0           0           0           0
 --- --- --- --- 
         191         230         231         192
           0           0           0           0
 --- --- --- --- 
         191         195         232         230
           0           0           0           0
 --- --- --- --- 
         230         232         196         231
           0           0           0           0
 --- --- --- --- 
         192         231         233         229
           0           0           0           0
 --- --- --- --- 
         229         233         234         193
           0           0           0           0
 --- --- --- --- 
         231         196         235         233
           0           0           0           0
 --- --- --- --- 
         233         235         197         234
           0           0           0           0
 --- --- --- --- 
         194         236         237         195
           0           0           0           0
 --- --- --- --- 
         194         198         238         236
           0           0           0           0
 --- --- --- --- 
         236         238         199         237
           0           0           0           0
 --- --- --- --- 
         195         237         239         232
           0           0           0           0
 --- --- --- --- 
         232         239         240         196
           0           0           0           0
 --- --- --- --- 
         237         199         241         239
           0           0           0           0
 --- --- --- --- 
         239         241         200         240
           0           0           0           0
 --- --- --- --- 
         196         240         242         235
           0           0           0           0
 --- --- --- --- 
         235         242         243         197
           0           0           0           0
 --- --- --- --- 
         244         246         201         245
           0           0           0           0
 --- --- --- --- 
         198         245         247         238
           0           0           0           0
 --- --- --- --- 
         238         247         248         199
           0           0           0           0
 --- --- --- --- 
         245         201         249         247
           0           0           0           0
 --- --- --- --- 
         247         249         202         248
           0           0           0           0
 --- --- --- --- 
         199         248         250         241
           0           0           0           0
 --- --- --- --- 
         241         250         251         200
           0           0           0           0
 --- --- --- --- 
         248         202         252         250
           0           0           0           0
 --- --- --- --- 
         250         253         254         251
           0           0           0           0
 --- --- --- --- 
         250         252         255         253
           0           0           0           0
 --- --- --- --- 
         253         255         203         254
           0           0           0           0
 --- --- --- --- 
         246         256         257         201
           0           0           0           0
 --- --- --- --- 
         201         257         258         249
           0           0           0           0
 --- --- --- --- 
         249         258         259         202
           0           0           0           0
 --- --- --- --- 
         258         260         261         259
           0           0           0           0
 --- --- --- --- 
         202         264         265         252
           0           0           0           0
 --- --- --- --- 
         202         259         266         264
           0           0           0           0
 --- --- --- --- 
         264         266         262         265
           0           0           0           0
 --- --- --- --- 
         252         265         267         255
           0           0           0           0
 --- --- --- --- 
         255         267         268         203
           0           0           0           0
 --- --- --- --- 
         265         262         269         267
           0           0           0           0
 --- --- --- --- 
         267         269         263         268
           0           0           0           0
 --- --- --- --- 
         259         261         270         266
           0           0           0           0
 --- --- --- --- 
         266         270         271         262
           0           0           0           0
 --- --- --- --- 
         262         271         272         269
           0           0           0           0
 --- --- --- --- 
         269         272         273         263
           0           0           0           0
 --- --- --- --- 
         268         263         278         276
           0           0           0           0
 --- --- --- --- 
         276         278         274         277
           0           0           0           0
 --- --- --- --- 
         277         274         281         279
           0           0           0           0
 --- --- --- --- 
         279         281         275         280
           0           0           0           0
 --- --- --- --- 
         263         273         282         278
           0           0           0           0
 --- --- --- --- 
         278         282         283         274
           0           0           0           0
 --- --- --- --- 
         274         283         284         281
           0           0           0           0
 --- --- --- --- 
         281         284         285         275
           0           0           0           0
 --- --- --- --- 
         214         182         109         108
           0           0           0           0
 --- --- --- --- 
         182         222         110         109
           0           0           0           0
 --- --- --- --- 
         222         186         111         110
           0           0           0           0
 --- --- --- --- 
         186         286         112         111
           0           1           0           0
   1.0766994842642097       0.51205633205818601        0.0000000000000000     
   1.0717128410182759       0.51050622464646922        0.0000000000000000     
   1.0579360150842554       0.50680580155736243        0.0000000000000000     
   1.0388206324945033       0.50303247482163427        0.0000000000000000     
   1.0194694466460730       0.50075927169241430        0.0000000000000000     
   1.0052217304947506       0.50005453888770013        0.0000000000000000     
   1.0000000000000002       0.50000000000000000        0.0000000000000000     
 --- circle_R --- --- 
         186         223         287         286
           0           0           1           0
   1.1461635059695980       0.54717931682721488        0.0000000000000000     
   1.1418842926536983       0.54416305604153636        0.0000000000000000     
   1.1298816619483474       0.53638643795504182        0.0000000000000000     
   1.1128068442904060       0.52689774568319558        0.0000000000000000     
   1.0950433008168363       0.51877117184520360        0.0000000000000000     
   1.0816653213661382       0.51371463167143561        0.0000000000000000     
   1.0766994842642097       0.51205633205818601        0.0000000000000000     
 --- --- circle_R --- 
         223         185         288         287
           0           0           1           0
   1.2016794637770818       0.60226579986141071        0.0000000000000000     
   1.1985263832844926       0.59805502594696081        0.0000000000000000     
   1.1894681323943008       0.58689933535691630        0.0000000000000000     
   1.1760889350692330       0.57253820989806437        0.0000000000000000     
   1.1616243400707829       0.55927094427779500        0.0000000000000000     
   1.1503986396724599       0.55029960144087453        0.0000000000000000     
   1.1461635059695980       0.54717931682721488        0.0000000000000000     
 --- --- circle_R --- 
         185         225         289         288
           0           0           1           0
   1.2375766776865575       0.67217119929346481        0.0000000000000000     
   1.2358780781751779       0.66716563372376980        0.0000000000000000     
   1.2307022227273825       0.65368549211751525        0.0000000000000000     
   1.2223919528013996       0.63579921484867086        0.0000000000000000     
   1.2126975883029634       0.61862368581017679        0.0000000000000000     
   1.2047578516797119       0.60656282847354726        0.0000000000000000     
   1.2016794637770818       0.60226579986141071        0.0000000000000000     
 --- --- circle_R --- 
         225         189         290         289
           0           0           1           0
   1.2499999999637119       0.75000425958015271        0.0000000000000000     
   1.2499438712706177       0.74470271633222407        0.0000000000000000     
   1.2492176861338962       0.73023779065825711        0.0000000000000000     
   1.2468749692972467       0.71059505697906011        0.0000000000000000     
   1.2429865176839876       0.69119904572365209        0.0000000000000000     
   1.2391737030857817       0.67722679234612226        0.0000000000000000     
   1.2375766776865575       0.67217119929346481        0.0000000000000000     
 --- --- circle_R --- 
         189         228         291         290
           0           0           1           0
   1.2375734691807170       0.82783859416407091        0.0000000000000000     
   1.2391707378234658       0.82278295246126676        0.0000000000000000     
   1.2429841986149923       0.80881053667014025        0.0000000000000000     
   1.2468734855415091       0.78941423773950592        0.0000000000000000     
   1.2492169772390254       0.76977114705430749        0.0000000000000000     
   1.2499436880720158       0.75530592055715706        0.0000000000000000     
   1.2499999999637119       0.75000425958015271        0.0000000000000000     
 --- --- circle_R --- 
         228         192         292         291
           0           0           1           0
   1.2016704857012137       0.89774645578502565        0.0000000000000000     
   1.2047493225556973       0.89344934615739102        0.0000000000000000     
   1.2126902463185003       0.88138820008271535        0.0000000000000000     
   1.2223861287359974       0.86421212608920472        0.0000000000000000     
   1.2306977814915081       0.84632514528873781        0.0000000000000000     
   1.2358745548537113       0.83284439855876469        0.0000000000000000     
   1.2375734691807170       0.82783859416407091        0.0000000000000000     
 --- --- circle_R --- 
         192         229         293         292
           0           0           1           0
   1.1461460309743075       0.95283327545167917        0.0000000000000000     
   1.1503817731413779       0.94971309998809583        0.0000000000000000     
   1.1616091174339340       0.94074195438399222        0.0000000000000000     
   1.1760758976785859       0.92747472568419465        0.0000000000000000     
   1.1894571852607578       0.91311338066838932        0.0000000000000000     
   1.1985168909005335       0.90195737569195411        0.0000000000000000     
   1.2016704857012137       0.89774645578502565        0.0000000000000000     
 --- --- circle_R --- 
         229         193         294         293
           0           0           1           0
   1.0766745325694287       0.98795170950270483        0.0000000000000000     
   1.0816408396116315       0.98629382833139723        0.0000000000000000     
   1.0950201344797668       0.98123834898962370        0.0000000000000000     
   1.1127855353626348       0.97311302743892814        0.0000000000000000     
   1.1298622581683826       0.96362535875548194        0.0000000000000000     
   1.1418662998739793       0.95584934529909549        0.0000000000000000     
   1.1461460309743075       0.95283327545167917        0.0000000000000000     
 --- --- circle_R --- 
         193         123         122         294
           0           0           1           0
   1.0000000000000000        1.0000000000000000        0.0000000000000000     
   1.0052199747705077       0.99994549778580777        0.0000000000000000     
   1.0194629126627273       0.99924123862371383        0.0000000000000000     
   1.0388076836742659       0.99696956024546446        0.0000000000000000     
   1.0579168885140038       0.99319875415975400        0.0000000000000000     
   1.0716894091614262       0.98950079042476169        0.0000000000000000     
   1.0766745325694287       0.98795170950270483        0.0000000000000000     
 --- --- circle_R --- 
         193         234         124         123
           0           0           0           0
 --- --- --- --- 
         234         197         125         124
           0           0           0           0
 --- --- --- --- 
         197         243         126         125
           0           0           0           0
 --- --- --- --- 
         243         295         127         126
           0           1           0           0
   1.1249999642372182        1.5000000000000000        0.0000000000000000     
   1.1166265543693978        1.5000000000000000        0.0000000000000000     
   1.0937499731779137        1.5000000000000000        0.0000000000000000     
   1.0624999821186090        1.5000000000000000        0.0000000000000000     
   1.0312499910593045        1.5000000000000000        0.0000000000000000     
   1.0083734098678203        1.5000000000000000        0.0000000000000000     
   1.0000000000000000        1.5000000000000000        0.0000000000000000     
 --- bump_R --- --- 
         243         242         296         295
           0           0           1           0
   1.2500000000000000        1.5000000000000002        0.0000000000000000     
   1.2416265853408754        1.5000000000000000        0.0000000000000000     
   1.2187499910593047        1.5000000000000000        0.0000000000000000     
   1.1874999821186090        1.5000000000000000        0.0000000000000000     
   1.1562499731779137        1.5000000000000000        0.0000000000000000     
   1.1333733788963429        1.5000000000000000        0.0000000000000000     
   1.1249999642372182        1.5000000000000000        0.0000000000000000     
 --- --- bump_R --- 
         242         240         200         296
           0           0           0           0
 --- --- --- --- 
         200         251         297         296
           0           0           1           0
   1.2500000000000000        1.5833679356362962        0.0000000000000000     
   1.2500000000000000        1.5777833428791974        0.0000000000000000     
   1.2500000000000000        1.5625259517272223        0.0000000000000000     
   1.2500000000000000        1.5416839678181482        0.0000000000000000     
   1.2500000000000000        1.5208419839090741        0.0000000000000000     
   1.2500000000000000        1.5055845927570990        0.0000000000000000     
   1.2500000000000000        1.5000000000000002        0.0000000000000000     
 --- --- bump_R --- 
         251         254         298         297
           0           0           1           0
   1.2500000000000000        1.6667033604936008        0.0000000000000000     
   1.2500000000000000        1.6611209455457461        0.0000000000000000     
   1.2500000000000000        1.6458695042792746        0.0000000000000000     
   1.2500000000000000        1.6250356480649484        0.0000000000000000     
   1.2500000000000000        1.6042017918506224        0.0000000000000000     
   1.2500000000000000        1.5889503505841509        0.0000000000000000     
   1.2500000000000000        1.5833679356362962        0.0000000000000000     
 --- --- bump_R --- 
         254         203         299         298
           0           0           1           0
   1.2499999999999998        1.7500000000000000        0.0000000000000000     
   1.2500000000000000        1.7444201831780086        0.0000000000000000     
   1.2500000000000000        1.7291758401234003        0.0000000000000000     
   1.2500000000000000        1.7083516802468004        0.0000000000000000     
   1.2500000000000000        1.6875275203702005        0.0000000000000000     
   1.2500000000000000        1.6722831773155922        0.0000000000000000     
   1.2500000000000000        1.6667033604936008        0.0000000000000000     
 --- --- bump_R --- 
         203         268         276         299
           0           0           0           0
 --- --- --- --- 
         276         277         300         299
           0           0           1           0
   1.1873171100893871        1.7500000000000000        0.0000000000000000     
   1.1915160675220866        1.7500000000000000        0.0000000000000000     
   1.2029878325670402        1.7500000000000000        0.0000000000000000     
   1.2186585550446936        1.7500000000000000        0.0000000000000000     
   1.2343292775223467        1.7500000000000000        0.0000000000000000     
   1.2458010425673003        1.7500000000000000        0.0000000000000000     
   1.2499999999999998        1.7500000000000000        0.0000000000000000     
 --- --- bump_R --- 
         277         279         301         300
           0           0           1           0
   1.1247321011426619        1.7500000000000000        0.0000000000000000     
   1.1289245017940543        1.7500000000000000        0.0000000000000000     
   1.1403783533793430        1.7500000000000000        0.0000000000000000     
   1.1560246056160246        1.7500000000000000        0.0000000000000000     
   1.1716708578527060        1.7500000000000000        0.0000000000000000     
   1.1831247094379946        1.7500000000000000        0.0000000000000000     
   1.1873171100893871        1.7500000000000000        0.0000000000000000     
 --- --- bump_R --- 
         279         280         302         301
           0           0           1           0
   1.0623083752269975        1.7500000000000000        0.0000000000000000     
   1.0664899719639085        1.7500000000000000        0.0000000000000000     
   1.0779143067059136        1.7500000000000000        0.0000000000000000     
   1.0935202381848299        1.7500000000000000        0.0000000000000000     
   1.1091261696637456        1.7500000000000000        0.0000000000000000     
   1.1205505044057507        1.7500000000000000        0.0000000000000000     
   1.1247321011426619        1.7500000000000000        0.0000000000000000     
 --- --- bump_R --- 
         280         137         136         302
           0           0           1           0
   1.0000000000000000        1.7500000000000000        0.0000000000000000     
   1.0041738697059421        1.7500000000000000        0.0000000000000000     
   1.0155770938067494        1.7500000000000000        0.0000000000000000     
   1.0311541876134986        1.7500000000000000        0.0000000000000000     
   1.0467312814202483        1.7500000000000000        0.0000000000000000     
   1.0581345055210551        1.7500000000000000        0.0000000000000000     
   1.0623083752269975        1.7500000000000000        0.0000000000000000     
 --- --- bump_R --- 
         280         275         138         137
           0           0           0           0
 --- --- --- --- 
         275         285         139         138
           0           0           0           0
 --- --- --- --- 
         285         284         140         139
           0           0           0           0
 --- --- --- --- 
         284         303         141         140
           0           1           0           0
   1.0733386627191719        2.0000000000000000        0.0000000000000000     
   1.0684259038567772        2.0000000000000000        0.0000000000000000     
   1.0550039970393779        2.0000000000000000        0.0000000000000000     
   1.0366693313595858        2.0000000000000000        0.0000000000000000     
   1.0183346656797938        2.0000000000000000        0.0000000000000000     
   1.0049127588623947        2.0000000000000000        0.0000000000000000     
   1.0000000000000000        2.0000000000000000        0.0000000000000000     
 --- top_R --- --- 
         284         283         304         303
           0           0           1           0
   1.1462006666713729        2.0000000000000000        0.0000000000000000     
   1.1413198378918961        2.0000000000000000        0.0000000000000000     
   1.1279851656833231        2.0000000000000000        0.0000000000000000     
   1.1097696646952733        2.0000000000000000        0.0000000000000000     
   1.0915541637072217        2.0000000000000000        0.0000000000000000     
   1.0782194914986487        2.0000000000000000        0.0000000000000000     
   1.0733386627191719        2.0000000000000000        0.0000000000000000     
 --- --- top_R --- 
         283         282         305         304
           0           0           1           0
   1.2181629149760951        2.0000000000000000        0.0000000000000000     
   1.2133423583964009        2.0000000000000000        0.0000000000000000     
   1.2001723528999151        2.0000000000000000        0.0000000000000000     
   1.1821817908237349        2.0000000000000000        0.0000000000000000     
   1.1641912287475549        2.0000000000000000        0.0000000000000000     
   1.1510212232510670        2.0000000000000000        0.0000000000000000     
   1.1462006666713729        2.0000000000000000        0.0000000000000000     
 --- --- top_R --- 
         282         273         306         305
           0           0           1           0
   1.2891955562014299        2.0000000000000000        0.0000000000000000     
   1.2844372714882852        2.0000000000000000        0.0000000000000000     
   1.2714373958950962        2.0000000000000000        0.0000000000000000     
   1.2536792355887625        2.0000000000000000        0.0000000000000000     
   1.2359210752824288        2.0000000000000000        0.0000000000000000     
   1.2229211996892400        2.0000000000000000        0.0000000000000000     
   1.2181629149760951        2.0000000000000000        0.0000000000000000     
 --- --- top_R --- 
         273         272         307         306
           0           0           1           0
   1.3596390037370578        2.0000000000000000        0.0000000000000000     
   1.3549201875172483        2.0000000000000000        0.0000000000000000     
   1.3420281418531503        2.0000000000000000        0.0000000000000000     
   1.3244172799692429        2.0000000000000000        0.0000000000000000     
   1.3068064180853374        2.0000000000000000        0.0000000000000000     
   1.2939143724212396        2.0000000000000000        0.0000000000000000     
   1.2891955562014299        2.0000000000000000        0.0000000000000000     
 --- --- top_R --- 
         272         271         308         307
           0           0           1           0
   1.4301319343788423        2.0000000000000000        0.0000000000000000     
   1.4254098034194509        2.0000000000000000        0.0000000000000000     
   1.4125087017183957        2.0000000000000000        0.0000000000000000     
   1.3948854690579491        2.0000000000000000        0.0000000000000000     
   1.3772622363975044        2.0000000000000000        0.0000000000000000     
   1.3643611346964510        2.0000000000000000        0.0000000000000000     
   1.3596390037370578        2.0000000000000000        0.0000000000000000     
 --- --- top_R --- 
         271         270         309         308
           0           0           1           0
   1.5014552158954317        2.0000000000000000        0.0000000000000000     
   1.4966774619744561        2.0000000000000000        0.0000000000000000     
   1.4836243955162847        2.0000000000000000        0.0000000000000000     
   1.4657935751371378        2.0000000000000000        0.0000000000000000     
   1.4479627547579892        2.0000000000000000        0.0000000000000000     
   1.4349096882998196        2.0000000000000000        0.0000000000000000     
   1.4301319343788423        2.0000000000000000        0.0000000000000000     
 --- --- top_R --- 
         270         261         310         309
           0           0           1           0
   1.5743357782039862        2.0000000000000000        0.0000000000000000     
   1.5694537062503606        2.0000000000000000        0.0000000000000000     
   1.5561156376268461        2.0000000000000000        0.0000000000000000     
   1.5378954970497078        2.0000000000000000        0.0000000000000000     
   1.5196753564725698        2.0000000000000000        0.0000000000000000     
   1.5063372878490573        2.0000000000000000        0.0000000000000000     
   1.5014552158954317        2.0000000000000000        0.0000000000000000     
 --- --- top_R --- 
         261         260         311         310
           0           0           1           0
   1.6492653268238193        2.0000000000000000        0.0000000000000000     
   1.6442459988133415        2.0000000000000000        0.0000000000000000     
   1.6305329396688601        2.0000000000000000        0.0000000000000000     
   1.6118005525139028        2.0000000000000000        0.0000000000000000     
   1.5930681653589436        2.0000000000000000        0.0000000000000000     
   1.5793551062144640        2.0000000000000000        0.0000000000000000     
   1.5743357782039862        2.0000000000000000        0.0000000000000000     
 --- --- top_R --- 
         260         258         312         311
           0           0           1           0
   1.7263899797421836        2.0000000000000000        0.0000000000000000     
   1.7212236076256815        2.0000000000000000        0.0000000000000000     
   1.7071088165125921        2.0000000000000000        0.0000000000000000     
   1.6878276532830023        2.0000000000000000        0.0000000000000000     
   1.6685464900534108        2.0000000000000000        0.0000000000000000     
   1.6544316989403214        2.0000000000000000        0.0000000000000000     
   1.6492653268238193        2.0000000000000000        0.0000000000000000     
 --- --- top_R --- 
         258         257         313         312
           0           0           1           0
   1.8055087217099939        2.0000000000000000        0.0000000000000000     
   1.8002087709558832        2.0000000000000000        0.0000000000000000     
   1.7857290362180409        2.0000000000000000        0.0000000000000000     
   1.7659493507260877        2.0000000000000000        0.0000000000000000     
   1.7461696652341350        2.0000000000000000        0.0000000000000000     
   1.7316899304962923        2.0000000000000000        0.0000000000000000     
   1.7263899797421836        2.0000000000000000        0.0000000000000000     
 --- --- top_R --- 
         257         256         314         313
           0           0           1           0
   1.8861754293236013        2.0000000000000000        0.0000000000000000     
   1.8807717845333149        2.0000000000000000        0.0000000000000000     
   1.8660087524201989        2.0000000000000000        0.0000000000000000     
   1.8458420755167966        2.0000000000000000        0.0000000000000000     
   1.8256753986133962        2.0000000000000000        0.0000000000000000     
   1.8109123665002802        2.0000000000000000        0.0000000000000000     
   1.8055087217099939        2.0000000000000000        0.0000000000000000     
 --- --- top_R --- 
         256         246         315         314
           0           0           1           0
   1.9678475233720580        2.0000000000000000        0.0000000000000000     
   1.9623765304609462        2.0000000000000000        0.0000000000000000     
   1.9474294998599420        2.0000000000000000        0.0000000000000000     
   1.9270114763478297        2.0000000000000000        0.0000000000000000     
   1.9065934528357156        2.0000000000000000        0.0000000000000000     
   1.8916464222347131        2.0000000000000000        0.0000000000000000     
   1.8861754293236013        2.0000000000000000        0.0000000000000000     
 --- --- top_R --- 
         246         317         316         315
           0           1           1           0
   2.0500000000000003        1.8401045632680477        0.0000000000000000     
   2.0500000000000003        1.8508155265544848        0.0000000000000000     
   2.0500000000000003        1.8800784224510354        0.0000000000000000     
   2.0500000000000003        1.9200522816340233        0.0000000000000000     
   2.0500000000000003        1.9600261408170114        0.0000000000000000     
   2.0500000000000003        1.9892890367135623        0.0000000000000000     
   2.0500000000000003        2.0000000000000000        0.0000000000000000     
   2.0499999999999998        2.0000000000000000        0.0000000000000000     
   2.0444968275578308        2.0000000000000000        0.0000000000000000     
   2.0294618808430149        2.0000000000000000        0.0000000000000000     
   2.0089237616860283        2.0000000000000000        0.0000000000000000     
   1.9883856425290429        2.0000000000000000        0.0000000000000000     
   1.9733506958142271        2.0000000000000000        0.0000000000000000     
   1.9678475233720580        2.0000000000000000        0.0000000000000000     
 --- left_R top_R --- 
         246         244         318         317
           0           0           1           0
   2.0500000000000003        1.6786515178549053        0.0000000000000000     
   2.0500000000000003        1.6894668211384045        0.0000000000000000     
   2.0500000000000003        1.7190147792081909        0.0000000000000000     
   2.0500000000000003        1.7593780405614765        0.0000000000000000     
   2.0500000000000003        1.7997413019147621        0.0000000000000000     
   2.0500000000000003        1.8292892599845485        0.0000000000000000     
   2.0500000000000003        1.8401045632680477        0.0000000000000000     
 --- --- left_R --- 
         244         245         319         318
           0           0           1           0
   2.0500000000000003        1.5140453360372685        0.0000000000000000     
   2.0500000000000003        1.5250718594090702        0.0000000000000000     
   2.0500000000000003        1.5551968814916779        0.0000000000000000     
   2.0500000000000003        1.5963484269460870        0.0000000000000000     
   2.0500000000000003        1.6374999724004962        0.0000000000000000     
   2.0500000000000003        1.6676249944831039        0.0000000000000000     
   2.0500000000000003        1.6786515178549053        0.0000000000000000     
 --- --- left_R --- 
         245         198         320         319
           0           0           1           0
   2.0500000000000003        1.3456528418722740        0.0000000000000000     
   2.0500000000000003        1.3569330000780173        0.0000000000000000     
   2.0500000000000003        1.3877509654135227        0.0000000000000000     
   2.0500000000000003        1.4298490889547715        0.0000000000000000     
   2.0500000000000003        1.4719472124960200        0.0000000000000000     
   2.0500000000000003        1.5027651778315254        0.0000000000000000     
   2.0500000000000003        1.5140453360372685        0.0000000000000000     
 --- --- left_R --- 
         198         194         321         320
           0           0           1           0
   2.0500000000000003        1.1738604944169810        0.0000000000000000     
   2.0500000000000003        1.1853683996086042        0.0000000000000000     
   2.0500000000000003        1.2168085812808043        0.0000000000000000     
   2.0500000000000003        1.2597566681446275        0.0000000000000000     
   2.0500000000000003        1.3027047550084507        0.0000000000000000     
   2.0500000000000003        1.3341449366806510        0.0000000000000000     
   2.0500000000000003        1.3456528418722740        0.0000000000000000     
 --- --- left_R --- 
         194         190         322         321
           0           0           1           0
   2.0500000000000003        1.0000541657734376        0.0000000000000000     
   2.0500000000000003        1.0116969821233015        0.0000000000000000     
   2.0500000000000003        1.0435057479343235        0.0000000000000000     
   2.0500000000000003        1.0869573300952093        0.0000000000000000     
   2.0500000000000003        1.1304089122560952        0.0000000000000000     
   2.0500000000000003        1.1622176780671172        0.0000000000000000     
   2.0500000000000003        1.1738604944169810        0.0000000000000000     
 --- --- left_R --- 
         190         187         323         322
           0           0           1           0
   2.0500000000000003       0.82624446678667396        0.0000000000000000     
   2.0500000000000003       0.83788750890672370        0.0000000000000000     
   2.0500000000000003       0.86969689153336494        0.0000000000000000     
   2.0500000000000003       0.91314931628005591        0.0000000000000000     
   2.0500000000000003       0.95660174102674667        0.0000000000000000     
   2.0500000000000003       0.98841112365338768        0.0000000000000000     
   2.0500000000000003        1.0000541657734376        0.0000000000000000     
 --- --- left_R --- 
         187         183         324         323
           0           0           1           0
   2.0500000000000003       0.65443759498465148        0.0000000000000000     
   2.0500000000000003       0.66594647312301869        0.0000000000000000     
   2.0500000000000003       0.69738931293515716        0.0000000000000000     
   2.0500000000000003       0.74034103088566283        0.0000000000000000     
   2.0500000000000003       0.78329274883616828        0.0000000000000000     
   2.0500000000000003       0.81473558864830653        0.0000000000000000     
   2.0500000000000003       0.82624446678667396        0.0000000000000000     
 --- --- left_R --- 
         183         217         325         324
           0           0           1           0
   2.0500000000000003       0.48600895422443990        0.0000000000000000     
   2.0500000000000003       0.49729153379293245        0.0000000000000000     
   2.0500000000000003       0.52811611441449280        0.0000000000000000     
   2.0500000000000003       0.57022327460454569        0.0000000000000000     
   2.0500000000000003       0.61233043479459859        0.0000000000000000     
   2.0500000000000003       0.64315501541615872        0.0000000000000000     
   2.0500000000000003       0.65443759498465148        0.0000000000000000     
 --- --- left_R --- 
         217         216         326         325
           0           0           1           0
   2.0500000000000003       0.32133652894826681        0.0000000000000000     
   2.0500000000000003       0.33236748979037323        0.0000000000000000     
   2.0500000000000003       0.36250463526731025        0.0000000000000000     
   2.0500000000000003       0.40367274158635347        0.0000000000000000     
   2.0500000000000003       0.44484084790539669        0.0000000000000000     
   2.0500000000000003       0.47497799338233349        0.0000000000000000     
   2.0500000000000003       0.48600895422443990        0.0000000000000000     
 --- --- left_R --- 
         216         206         327         326
           0           0           1           0
   2.0500000000000003       0.15979183337392722        0.0000000000000000     
   2.0500000000000003       0.17061327605409615        0.0000000000000000     
   2.0500000000000003       0.20017800726751211        0.0000000000000000     
   2.0500000000000003       0.24056418116109723        0.0000000000000000     
   2.0500000000000003       0.28095035505468191        0.0000000000000000     
   2.0500000000000003       0.31051508626809787        0.0000000000000000     
   2.0500000000000003       0.32133652894826681        0.0000000000000000     
 --- --- left_R --- 
         206         329         328         327
           0           1           1           0
   1.9486262516103761        0.0000000000000000        0.0000000000000000     
   1.9554170051140545        0.0000000000000000        0.0000000000000000     
   1.9739696887077820        0.0000000000000000        0.0000000000000000     
   1.9993131258051879        0.0000000000000000        0.0000000000000000     
   2.0246565629025941        0.0000000000000000        0.0000000000000000     
   2.0432092464963212        0.0000000000000000        0.0000000000000000     
   2.0500000000000003        0.0000000000000000        0.0000000000000000     
   2.0500000000000003        0.0000000000000000        0.0000000000000000     
   2.0500000000000003        1.0704023177408040E-002   0.0000000000000000     
   2.0500000000000003        3.9947958343481860E-002   0.0000000000000000     
   2.0500000000000003        7.9895916686963497E-002   0.0000000000000000     
   2.0500000000000003       0.11984387503044558        0.0000000000000000     
   2.0500000000000003       0.14908781019651918        0.0000000000000000     
   2.0500000000000003       0.15979183337392722        0.0000000000000000     
 --- bottom_R left_R --- 
         206         204         330         329
           0           0           1           0
   1.8455082458347492        0.0000000000000000        0.0000000000000000     
   1.8524158424279209        0.0000000000000000        0.0000000000000000     
   1.8712877472786558        0.0000000000000000        0.0000000000000000     
   1.8970672487225626        0.0000000000000000        0.0000000000000000     
   1.9228467501664692        0.0000000000000000        0.0000000000000000     
   1.9417186550172041        0.0000000000000000        0.0000000000000000     
   1.9486262516103761        0.0000000000000000        0.0000000000000000     
 --- --- bottom_R --- 
         204         205         331         330
           0           0           1           0
   1.7387299822560467        0.0000000000000000        0.0000000000000000     
   1.7458827696298245        0.0000000000000000        0.0000000000000000     
   1.7654245481507225        0.0000000000000000        0.0000000000000000     
   1.7921191140453980        0.0000000000000000        0.0000000000000000     
   1.8188136799400736        0.0000000000000000        0.0000000000000000     
   1.8383554584609714        0.0000000000000000        0.0000000000000000     
   1.8455082458347492        0.0000000000000000        0.0000000000000000     
 --- --- bottom_R --- 
         205         207         332         331
           0           0           1           0
   1.6271249171451947        0.0000000000000000        0.0000000000000000     
   1.6346010389121133        0.0000000000000000        0.0000000000000000     
   1.6550261834229076        0.0000000000000000        0.0000000000000000     
   1.6829274497006206        0.0000000000000000        0.0000000000000000     
   1.7108287159783337        0.0000000000000000        0.0000000000000000     
   1.7312538604891281        0.0000000000000000        0.0000000000000000     
   1.7387299822560467        0.0000000000000000        0.0000000000000000     
 --- --- bottom_R --- 
         207         208         333         332
           0           0           1           0
   1.5101781136079102        0.0000000000000000        0.0000000000000000     
   1.5180120639992143        0.0000000000000000        0.0000000000000000     
   1.5394148144922315        0.0000000000000000        0.0000000000000000     
   1.5686515153765526        0.0000000000000000        0.0000000000000000     
   1.5978882162608736        0.0000000000000000        0.0000000000000000     
   1.6192909667538906        0.0000000000000000        0.0000000000000000     
   1.6271249171451947        0.0000000000000000        0.0000000000000000     
 --- --- bottom_R --- 
         208         210         334         333
           0           0           1           0
   1.3880348440895114        0.0000000000000000        0.0000000000000000     
   1.3962168916965991        0.0000000000000000        0.0000000000000000     
   1.4185706614691109        0.0000000000000000        0.0000000000000000     
   1.4491064788487109        0.0000000000000000        0.0000000000000000     
   1.4796422962283104        0.0000000000000000        0.0000000000000000     
   1.5019960660008222        0.0000000000000000        0.0000000000000000     
   1.5101781136079102        0.0000000000000000        0.0000000000000000     
 --- --- bottom_R --- 
         210         211         335         334
           0           0           1           0
   1.2614297934936651        0.0000000000000000        0.0000000000000000     
   1.2699107237598795        0.0000000000000000        0.0000000000000000     
   1.2930810561426265        0.0000000000000000        0.0000000000000000     
   1.3247323187915883        0.0000000000000000        0.0000000000000000     
   1.3563835814405496        0.0000000000000000        0.0000000000000000     
   1.3795539138232966        0.0000000000000000        0.0000000000000000     
   1.3880348440895114        0.0000000000000000        0.0000000000000000     
 --- --- bottom_R --- 
         211         213         336         335
           0           0           1           0
   1.1315713018322695        0.0000000000000000        0.0000000000000000     
   1.1402701713250178        0.0000000000000000        0.0000000000000000     
   1.1640359247476184        0.0000000000000000        0.0000000000000000     
   1.1965005476629673        0.0000000000000000        0.0000000000000000     
   1.2289651705783162        0.0000000000000000        0.0000000000000000     
   1.2527309240009163        0.0000000000000000        0.0000000000000000     
   1.2614297934936651        0.0000000000000000        0.0000000000000000     
 --- --- bottom_R --- 
         213         177         176         336
           0           0           1           0
   1.0000000000000000        0.0000000000000000        0.0000000000000000     
   1.0088136060182669        0.0000000000000000        0.0000000000000000     
   1.0328928254580674        0.0000000000000000        0.0000000000000000     
   1.0657856509161348        0.0000000000000000        0.0000000000000000     
   1.0986784763742019        0.0000000000000000        0.0000000000000000     
   1.1227576958140024        0.0000000000000000        0.0000000000000000     
   1.1315713018322695        0.0000000000000000        0.0000000000000000     
 --- --- bottom_R --- 
         213         214         108         177
           0           0           0           0
 --- --- --- --- 
         184         218         337         224
           0           0           0           0
 --- --- --- --- 
           5         178          10           9
           0           0           0           0
 --- --- --- --- 
           9          10          13          12
           0           0           0           0
 --- --- --- --- 
          12          13          17          16
           0           0           0           0
 --- --- --- --- 
          26          27           1          28
           0           0           0           0
 --- --- --- --- 
          27          29          31           1
           0           0           0           0
 --- --- --- --- 
          29          30           2          31
           0           0           0           0
 --- --- --- --- 
          30          32          34           2
           0           0           0           0
 --- --- --- --- 
          32          33           3          34
           0           0           0           0
 --- --- --- --- 
          33          35          37           3
           0           0           0           0
 --- --- --- --- 
          35          36           4          37
           0           0           0           0
 --- --- --- --- 
          28           1          39          38
           0           0           0           0
 --- --- --- --- 
           1          31          40          39
           0           0           0           0
 --- --- --- --- 
          31           2           6          40
           0           0           0           0
 --- --- --- --- 
          39          40         178           5
           0           0           0           0
 --- --- --- --- 
           2          34          41           6
           0           0           0           0
 --- --- --- --- 
          34           3          42          41
           0           0           0           0
 --- --- --- --- 
          41          42           7           6
           0           0           0           0
 --- --- --- --- 
           3          37          43          42
           0           0           0           0
 --- --- --- --- 
          37           4          44          43
           0           0           0           0
 --- --- --- --- 
          42          43          45           7
           0           0           0           0
 --- --- --- --- 
          43          44           8          45
           0           0           0           0
 --- --- --- --- 
           6           7          47          46
           0           0           0           0
 --- --- --- --- 
         178          46          48          10
           0           0           0           0
 --- --- --- --- 
          46          47          11          48
           0           0           0           0
 --- --- --- --- 
          10          48          49          13
           0           0           0           0
 --- --- --- --- 
          48          11          50          49
           0           0           0           0
 --- --- --- --- 
          49          50          14          13
           0           0           0           0
 --- --- --- --- 
          13          14          53          52
           0           0           0           0
 --- --- --- --- 
          13          52          54          17
           0           0           0           0
 --- --- --- --- 
          52          53          18          54
           0           0           0           0
 --- --- --- --- 
          14          51          55          53
           0           0           0           0
 --- --- --- --- 
          51          15          56          55
           0           0           0           0
 --- --- --- --- 
          53          55          57          18
           0           0           0           0
 --- --- --- --- 
          55          56          19          57
           0           0           0           0
 --- --- --- --- 
          16          17          59          58
           0           0           0           0
 --- --- --- --- 
          16          58          60          20
           0           0           0           0
 --- --- --- --- 
          58          59          21          60
           0           0           0           0
 --- --- --- --- 
          17          54          61          59
           0           0           0           0
 --- --- --- --- 
          54          18          62          61
           0           0           0           0
 --- --- --- --- 
          59          61          63          21
           0           0           0           0
 --- --- --- --- 
          61          62          22          63
           0           0           0           0
 --- --- --- --- 
          18          57          64          62
           0           0           0           0
 --- --- --- --- 
          57          19          65          64
           0           0           0           0
 --- --- --- --- 
          66          67          23          68
           0           0           0           0
 --- --- --- --- 
          20          60          69          67
           0           0           0           0
 --- --- --- --- 
          60          21          70          69
           0           0           0           0
 --- --- --- --- 
          67          69          71          23
           0           0           0           0
 --- --- --- --- 
          69          70          24          71
           0           0           0           0
 --- --- --- --- 
          21          63          72          70
           0           0           0           0
 --- --- --- --- 
          63          22          73          72
           0           0           0           0
 --- --- --- --- 
          70          72          74          24
           0           0           0           0
 --- --- --- --- 
          72          73          76          75
           0           0           0           0
 --- --- --- --- 
          72          75          77          74
           0           0           0           0
 --- --- --- --- 
          75          76          25          77
           0           0           0           0
 --- --- --- --- 
          68          23          79          78
           0           0           0           0
 --- --- --- --- 
          23          71          80          79
           0           0           0           0
 --- --- --- --- 
          71          24          81          80
           0           0           0           0
 --- --- --- --- 
          80          81          83          82
           0           0           0           0
 --- --- --- --- 
          24          74          87          86
           0           0           0           0
 --- --- --- --- 
          24          86          88          81
           0           0           0           0
 --- --- --- --- 
          86          87          84          88
           0           0           0           0
 --- --- --- --- 
          74          77          89          87
           0           0           0           0
 --- --- --- --- 
          77          25          90          89
           0           0           0           0
 --- --- --- --- 
          87          89          91          84
           0           0           0           0
 --- --- --- --- 
          89          90          85          91
           0           0           0           0
 --- --- --- --- 
          81          88          92          83
           0           0           0           0
 --- --- --- --- 
          88          84          93          92
           0           0           0           0
 --- --- --- --- 
          84          91          94          93
           0           0           0           0
 --- --- --- --- 
          91          85          95          94
           0           0           0           0
 --- --- --- --- 
          90          98         100          85
           0           0           0           0
 --- --- --- --- 
          98          99          96         100
           0           0           0           0
 --- --- --- --- 
          99         101         103          96
           0           0           0           0
 --- --- --- --- 
         101         102          97         103
           0           0           0           0
 --- --- --- --- 
          85         100         104          95
           0           0           0           0
 --- --- --- --- 
         100          96         105         104
           0           0           0           0
 --- --- --- --- 
          96         103         106         105
           0           0           0           0
 --- --- --- --- 
         103          97         107         106
           0           0           0           0
 --- --- --- --- 
          36         108         109           4
           0           0           0           0
 --- --- --- --- 
           4         109         110          44
           0           0           0           0
 --- --- --- --- 
          44         110         111           8
           0           0           0           0
 --- --- --- --- 
           8         111         112         113
           0           0           1           0
  0.92330051573579031       0.51205633205818601        0.0000000000000000     
  0.92828715898172409       0.51050622464646922        0.0000000000000000     
  0.94206398491574472       0.50680580155736243        0.0000000000000000     
  0.96117936750549671       0.50303247482163427        0.0000000000000000     
  0.98053055335392714       0.50075927169241430        0.0000000000000000     
  0.99477826950524928       0.50005453888770013        0.0000000000000000     
  0.99999999999999978       0.50000000000000000        0.0000000000000000     
 --- --- circle --- 
           8         113         114          45
           0           1           0           0
  0.92330051573579031       0.51205633205818601        0.0000000000000000     
  0.91833467863386165       0.51371463167143561        0.0000000000000000     
  0.90495669918316357       0.51877117184520360        0.0000000000000000     
  0.88719315570959389       0.52689774568319558        0.0000000000000000     
  0.87011833805165262       0.53638643795504182        0.0000000000000000     
  0.85811570734630171       0.54416305604153636        0.0000000000000000     
  0.85383649403040196       0.54717931682721488        0.0000000000000000     
 --- circle --- --- 
          45         114         115           7
           0           1           0           0
  0.85383649403040196       0.54717931682721488        0.0000000000000000     
  0.84960136032754008       0.55029960144087453        0.0000000000000000     
  0.83837565992921725       0.55927094427779500        0.0000000000000000     
  0.82391106493076705       0.57253820989806437        0.0000000000000000     
  0.81053186760569917       0.58689933535691630        0.0000000000000000     
  0.80147361671550743       0.59805502594696081        0.0000000000000000     
  0.79832053622291821       0.60226579986141071        0.0000000000000000     
 --- circle --- --- 
           7         115         116          47
           0           1           0           0
  0.79832053622291821       0.60226579986141071        0.0000000000000000     
  0.79524214832028794       0.60656282847354726        0.0000000000000000     
  0.78730241169703663       0.61862368581017679        0.0000000000000000     
  0.77760804719860044       0.63579921484867086        0.0000000000000000     
  0.76929777727261750       0.65368549211751525        0.0000000000000000     
  0.76412192182482208       0.66716563372376980        0.0000000000000000     
  0.76242332231344245       0.67217119929346481        0.0000000000000000     
 --- circle --- --- 
          47         116         117          11
           0           1           0           0
  0.76242332231344245       0.67217119929346481        0.0000000000000000     
  0.76082629691421844       0.67722679234612226        0.0000000000000000     
  0.75701348231601240       0.69119904572365209        0.0000000000000000     
  0.75312503070275327       0.71059505697906011        0.0000000000000000     
  0.75078231386610395       0.73023779065825711        0.0000000000000000     
  0.75005612872938232       0.74470271633222407        0.0000000000000000     
  0.75000000003628808       0.75000425958015271        0.0000000000000000     
 --- circle --- --- 
          11         117         118          50
           0           1           0           0
  0.75000000003628808       0.75000425958015271        0.0000000000000000     
  0.75005631192798417       0.75530592055715706        0.0000000000000000     
  0.75078302276097453       0.76977114705430749        0.0000000000000000     
  0.75312651445849088       0.78941423773950592        0.0000000000000000     
  0.75701580138500757       0.80881053667014025        0.0000000000000000     
  0.76082926217653424       0.82278295246126676        0.0000000000000000     
  0.76242653081928302       0.82783859416407091        0.0000000000000000     
 --- circle --- --- 
          50         118         119          14
           0           1           0           0
  0.76242653081928302       0.82783859416407091        0.0000000000000000     
  0.76412544514628855       0.83284439855876469        0.0000000000000000     
  0.76930221850849201       0.84632514528873781        0.0000000000000000     
  0.77761387126400261       0.86421212608920472        0.0000000000000000     
  0.78730975368149969       0.88138820008271535        0.0000000000000000     
  0.79525067744430267       0.89344934615739102        0.0000000000000000     
  0.79832951429878629       0.89774645578502565        0.0000000000000000     
 --- circle --- --- 
          14         119         120          51
           0           1           0           0
  0.79832951429878629       0.89774645578502565        0.0000000000000000     
  0.80148310909946652       0.90195737569195411        0.0000000000000000     
  0.81054281473924217       0.91311338066838932        0.0000000000000000     
  0.82392410232141411       0.92747472568419465        0.0000000000000000     
  0.83839088256606609       0.94074195438399222        0.0000000000000000     
  0.84961822685862209       0.94971309998809583        0.0000000000000000     
  0.85385396902569255       0.95283327545167917        0.0000000000000000     
 --- circle --- --- 
          51         120         121          15
           0           1           0           0
  0.85385396902569255       0.95283327545167917        0.0000000000000000     
  0.85813370012602086       0.95584934529909549        0.0000000000000000     
  0.87013774183161741       0.96362535875548194        0.0000000000000000     
  0.88721446463736531       0.97311302743892814        0.0000000000000000     
  0.90497986552023313       0.98123834898962370        0.0000000000000000     
  0.91835916038836840       0.98629382833139723        0.0000000000000000     
  0.92332546743057142       0.98795170950270483        0.0000000000000000     
 --- circle --- --- 
          15         121         122         123
           0           1           0           0
  0.92332546743057142       0.98795170950270483        0.0000000000000000     
  0.92831059083857370       0.98950079042476169        0.0000000000000000     
  0.94208311148599611       0.99319875415975400        0.0000000000000000     
  0.96119231632573410       0.99696956024546446        0.0000000000000000     
  0.98053708733727274       0.99924123862371383        0.0000000000000000     
  0.99478002522949227       0.99994549778580777        0.0000000000000000     
   1.0000000000000000        1.0000000000000000        0.0000000000000000     
 --- circle --- --- 
          15         123         124          56
           0           0           0           0
 --- --- --- --- 
          56         124         125          19
           0           0           0           0
 --- --- --- --- 
          19         125         126          65
           0           0           0           0
 --- --- --- --- 
          65         126         127         128
           0           0           1           0
  0.87500003576278185        1.5000000000000000        0.0000000000000000     
  0.88337344563060216        1.5000000000000000        0.0000000000000000     
  0.90625002682208633        1.5000000000000000        0.0000000000000000     
  0.93750001788139103        1.5000000000000000        0.0000000000000000     
  0.96875000894069552        1.5000000000000000        0.0000000000000000     
  0.99162659013217969        1.5000000000000000        0.0000000000000000     
   1.0000000000000000        1.5000000000000000        0.0000000000000000     
 --- --- bump --- 
          65         128         129          64
           0           1           0           0
  0.87500003576278185        1.5000000000000000        0.0000000000000000     
  0.86662662110365707        1.5000000000000000        0.0000000000000000     
  0.84375002682208633        1.5000000000000000        0.0000000000000000     
  0.81250001788139103        1.5000000000000000        0.0000000000000000     
  0.78125000894069530        1.5000000000000000        0.0000000000000000     
  0.75837341465912456        1.5000000000000000        0.0000000000000000     
  0.75000000000000000        1.5000000000000002        0.0000000000000000     
 --- bump --- --- 
          64         129          22          62
           0           0           0           0
 --- --- --- --- 
          22         129         130          73
           0           1           0           0
  0.75000000000000000        1.5000000000000002        0.0000000000000000     
  0.75000000000000000        1.5055845927570990        0.0000000000000000     
  0.75000000000000000        1.5208419839090741        0.0000000000000000     
  0.75000000000000000        1.5416839678181482        0.0000000000000000     
  0.75000000000000000        1.5625259517272223        0.0000000000000000     
  0.75000000000000000        1.5777833428791974        0.0000000000000000     
  0.75000000000000000        1.5833679356362962        0.0000000000000000     
 --- bump --- --- 
          73         130         131          76
           0           1           0           0
  0.75000000000000000        1.5833679356362962        0.0000000000000000     
  0.75000000000000000        1.5889503505841509        0.0000000000000000     
  0.75000000000000000        1.6042017918506224        0.0000000000000000     
  0.75000000000000000        1.6250356480649484        0.0000000000000000     
  0.75000000000000000        1.6458695042792746        0.0000000000000000     
  0.75000000000000000        1.6611209455457461        0.0000000000000000     
  0.75000000000000000        1.6667033604936008        0.0000000000000000     
 --- bump --- --- 
          76         131         132          25
           0           1           0           0
  0.75000000000000000        1.6667033604936008        0.0000000000000000     
  0.75000000000000000        1.6722831773155922        0.0000000000000000     
  0.75000000000000000        1.6875275203702005        0.0000000000000000     
  0.75000000000000000        1.7083516802468004        0.0000000000000000     
  0.75000000000000000        1.7291758401234003        0.0000000000000000     
  0.75000000000000000        1.7444201831780086        0.0000000000000000     
  0.75000000000000022        1.7500000000000000        0.0000000000000000     
 --- bump --- --- 
          25         132          98          90
           0           0           0           0
 --- --- --- --- 
          98         132         133          99
           0           1           0           0
  0.75000000000000022        1.7500000000000000        0.0000000000000000     
  0.75419895743269971        1.7500000000000000        0.0000000000000000     
  0.76567072247765333        1.7500000000000000        0.0000000000000000     
  0.78134144495530644        1.7500000000000000        0.0000000000000000     
  0.79701216743295977        1.7500000000000000        0.0000000000000000     
  0.80848393247791339        1.7500000000000000        0.0000000000000000     
  0.81268288991061288        1.7500000000000000        0.0000000000000000     
 --- bump --- --- 
          99         133         134         101
           0           1           0           0
  0.81268288991061288        1.7500000000000000        0.0000000000000000     
  0.81687529056200536        1.7500000000000000        0.0000000000000000     
  0.82832914214729403        1.7500000000000000        0.0000000000000000     
  0.84397539438397540        1.7500000000000000        0.0000000000000000     
  0.85962164662065699        1.7500000000000000        0.0000000000000000     
  0.87107549820594565        1.7500000000000000        0.0000000000000000     
  0.87526789885733813        1.7500000000000000        0.0000000000000000     
 --- bump --- --- 
         101         134         135         102
           0           1           0           0
  0.87526789885733813        1.7500000000000000        0.0000000000000000     
  0.87944949559424934        1.7500000000000000        0.0000000000000000     
  0.89087383033625445        1.7500000000000000        0.0000000000000000     
  0.90647976181517009        1.7500000000000000        0.0000000000000000     
  0.92208569329408641        1.7500000000000000        0.0000000000000000     
  0.93351002803609151        1.7500000000000000        0.0000000000000000     
  0.93769162477300250        1.7500000000000000        0.0000000000000000     
 --- bump --- --- 
         102         135         136         137
           0           1           0           0
  0.93769162477300250        1.7500000000000000        0.0000000000000000     
  0.94186549447894485        1.7500000000000000        0.0000000000000000     
  0.95326871857975171        1.7500000000000000        0.0000000000000000     
  0.96884581238650136        1.7500000000000000        0.0000000000000000     
  0.98442290619325057        1.7500000000000000        0.0000000000000000     
  0.99582613029405787        1.7500000000000000        0.0000000000000000     
   1.0000000000000000        1.7500000000000000        0.0000000000000000     
 --- bump --- --- 
         102         137         138          97
           0           0           0           0
 --- --- --- --- 
          97         138         139         107
           0           0           0           0
 --- --- --- --- 
         107         139         140         106
           0           0           0           0
 --- --- --- --- 
         106         140         141         142
           0           0           1           0
  0.92666133728082811        2.0000000000000000        0.0000000000000000     
  0.93157409614322284        2.0000000000000000        0.0000000000000000     
  0.94499600296062203        2.0000000000000000        0.0000000000000000     
  0.96333066864041406        2.0000000000000000        0.0000000000000000     
  0.98166533432020608        2.0000000000000000        0.0000000000000000     
  0.99508724113760527        2.0000000000000000        0.0000000000000000     
   1.0000000000000000        2.0000000000000000        0.0000000000000000     
 --- --- top --- 
         106         142         143         105
           0           1           0           0
  0.92666133728082811        2.0000000000000000        0.0000000000000000     
  0.92178050850135140        2.0000000000000000        0.0000000000000000     
  0.90844583629277831        2.0000000000000000        0.0000000000000000     
  0.89023033530472673        2.0000000000000000        0.0000000000000000     
  0.87201483431667692        2.0000000000000000        0.0000000000000000     
  0.85868016210810383        2.0000000000000000        0.0000000000000000     
  0.85379933332862712        2.0000000000000000        0.0000000000000000     
 --- top --- --- 
         105         143         144         104
           0           1           0           0
  0.85379933332862712        2.0000000000000000        0.0000000000000000     
  0.84897877674893285        2.0000000000000000        0.0000000000000000     
  0.83580877125244513        2.0000000000000000        0.0000000000000000     
  0.81781820917626502        2.0000000000000000        0.0000000000000000     
  0.79982764710008492        2.0000000000000000        0.0000000000000000     
  0.78665764160359908        2.0000000000000000        0.0000000000000000     
  0.78183708502390492        2.0000000000000000        0.0000000000000000     
 --- top --- --- 
         104         144         145          95
           0           1           0           0
  0.78183708502390492        2.0000000000000000        0.0000000000000000     
  0.77707880031076004        2.0000000000000000        0.0000000000000000     
  0.76407892471757122        2.0000000000000000        0.0000000000000000     
  0.74632076441123751        2.0000000000000000        0.0000000000000000     
  0.72856260410490381        2.0000000000000000        0.0000000000000000     
  0.71556272851171476        2.0000000000000000        0.0000000000000000     
  0.71080444379857011        2.0000000000000000        0.0000000000000000     
 --- top --- --- 
          95         145         146          94
           0           1           0           0
  0.71080444379857011        2.0000000000000000        0.0000000000000000     
  0.70608562757876037        2.0000000000000000        0.0000000000000000     
  0.69319358191466263        2.0000000000000000        0.0000000000000000     
  0.67558272003075703        2.0000000000000000        0.0000000000000000     
  0.65797185814684966        2.0000000000000000        0.0000000000000000     
  0.64507981248275170        2.0000000000000000        0.0000000000000000     
  0.64036099626294218        2.0000000000000000        0.0000000000000000     
 --- top --- --- 
          94         146         147          93
           0           1           0           0
  0.64036099626294218        2.0000000000000000        0.0000000000000000     
  0.63563886530354896        2.0000000000000000        0.0000000000000000     
  0.62273776360249555        2.0000000000000000        0.0000000000000000     
  0.60511453094205092        2.0000000000000000        0.0000000000000000     
  0.58749129828160429        2.0000000000000000        0.0000000000000000     
  0.57459019658054911        2.0000000000000000        0.0000000000000000     
  0.56986806562115766        2.0000000000000000        0.0000000000000000     
 --- top --- --- 
          93         147         148          92
           0           1           0           0
  0.56986806562115766        2.0000000000000000        0.0000000000000000     
  0.56509031170018031        2.0000000000000000        0.0000000000000000     
  0.55203724524201081        2.0000000000000000        0.0000000000000000     
  0.53420642486286218        2.0000000000000000        0.0000000000000000     
  0.51637560448371533        2.0000000000000000        0.0000000000000000     
  0.50332253802554394        2.0000000000000000        0.0000000000000000     
  0.49854478410456837        2.0000000000000000        0.0000000000000000     
 --- top --- --- 
          92         148         149          83
           0           1           0           0
  0.49854478410456837        2.0000000000000000        0.0000000000000000     
  0.49366271215094271        2.0000000000000000        0.0000000000000000     
  0.48032464352743021        2.0000000000000000        0.0000000000000000     
  0.46210450295029204        2.0000000000000000        0.0000000000000000     
  0.44388436237315387        2.0000000000000000        0.0000000000000000     
  0.43054629374963949        2.0000000000000000        0.0000000000000000     
  0.42566422179601382        2.0000000000000000        0.0000000000000000     
 --- top --- --- 
          83         149         150          82
           0           1           0           0
  0.42566422179601382        2.0000000000000000        0.0000000000000000     
  0.42064489378553616        2.0000000000000000        0.0000000000000000     
  0.40693183464105653        2.0000000000000000        0.0000000000000000     
  0.38819944748609736        2.0000000000000000        0.0000000000000000     
  0.36946706033113996        2.0000000000000000        0.0000000000000000     
  0.35575400118665856        2.0000000000000000        0.0000000000000000     
  0.35073467317618079        2.0000000000000000        0.0000000000000000     
 --- top --- --- 
          82         150         151          80
           0           1           0           0
  0.35073467317618079        2.0000000000000000        0.0000000000000000     
  0.34556830105967873        2.0000000000000000        0.0000000000000000     
  0.33145350994658929        2.0000000000000000        0.0000000000000000     
  0.31217234671699767        2.0000000000000000        0.0000000000000000     
  0.29289118348740795        2.0000000000000000        0.0000000000000000     
  0.27877639237431850        2.0000000000000000        0.0000000000000000     
  0.27361002025781633        2.0000000000000000        0.0000000000000000     
 --- top --- --- 
          80         151         152          79
           0           1           0           0
  0.27361002025781633        2.0000000000000000        0.0000000000000000     
  0.26831006950370762        2.0000000000000000        0.0000000000000000     
  0.25383033476586514        2.0000000000000000        0.0000000000000000     
  0.23405064927391217        2.0000000000000000        0.0000000000000000     
  0.21427096378195920        2.0000000000000000        0.0000000000000000     
  0.19979122904411672        2.0000000000000000        0.0000000000000000     
  0.19449127829000612        2.0000000000000000        0.0000000000000000     
 --- top --- --- 
          79         152         153          78
           0           1           0           0
  0.19449127829000612        2.0000000000000000        0.0000000000000000     
  0.18908763349971980        2.0000000000000000        0.0000000000000000     
  0.17432460138660377        2.0000000000000000        0.0000000000000000     
  0.15415792448320331        2.0000000000000000        0.0000000000000000     
  0.13399124757980097        2.0000000000000000        0.0000000000000000     
  0.11922821546668494        2.0000000000000000        0.0000000000000000     
  0.11382457067639862        2.0000000000000000        0.0000000000000000     
 --- top --- --- 
          78         153         154          68
           0           1           0           0
  0.11382457067639862        2.0000000000000000        0.0000000000000000     
  0.10835357776528676        2.0000000000000000        0.0000000000000000     
   9.3406547164284426E-002   2.0000000000000000        0.0000000000000000     
   7.2988523652170345E-002   2.0000000000000000        0.0000000000000000     
   5.2570500140058041E-002   2.0000000000000000        0.0000000000000000     
   3.7623469539053933E-002   2.0000000000000000        0.0000000000000000     
   3.2152476627942073E-002   2.0000000000000000        0.0000000000000000     
 --- top --- --- 
          68         154         155         156
           0           1           1           0
   3.2152476627942073E-002   2.0000000000000000        0.0000000000000000     
   2.6649304185773048E-002   2.0000000000000000        0.0000000000000000     
   1.1614357470957071E-002   2.0000000000000000        0.0000000000000000     
  -8.9237616860280422E-003   2.0000000000000000        0.0000000000000000     
  -2.9461880843014931E-002   2.0000000000000000        0.0000000000000000     
  -4.4496827557831020E-002   2.0000000000000000        0.0000000000000000     
  -5.0000000000000044E-002   2.0000000000000000        0.0000000000000000     
  -5.0000000000000003E-002   1.8401045632680477        0.0000000000000000     
  -5.0000000000000003E-002   1.8508155265544848        0.0000000000000000     
  -4.9999999999999996E-002   1.8800784224510354        0.0000000000000000     
  -5.0000000000000003E-002   1.9200522816340233       -0.0000000000000000     
  -4.9999999999999996E-002   1.9600261408170114        0.0000000000000000     
  -5.0000000000000003E-002   1.9892890367135623       -0.0000000000000000     
  -5.0000000000000003E-002   2.0000000000000000        0.0000000000000000     
 --- top left --- 
          68         156         157          66
           0           1           0           0
  -5.0000000000000003E-002   1.8401045632680477        0.0000000000000000     
  -5.0000000000000003E-002   1.8292892599845485        0.0000000000000000     
  -5.0000000000000003E-002   1.7997413019147621        0.0000000000000000     
  -5.0000000000000003E-002   1.7593780405614765        0.0000000000000000     
  -5.0000000000000003E-002   1.7190147792081909        0.0000000000000000     
  -5.0000000000000003E-002   1.6894668211384045        0.0000000000000000     
  -5.0000000000000003E-002   1.6786515178549053        0.0000000000000000     
 --- left --- --- 
          66         157         158          67
           0           1           0           0
  -5.0000000000000003E-002   1.6786515178549053        0.0000000000000000     
  -5.0000000000000003E-002   1.6676249944831039        0.0000000000000000     
  -5.0000000000000003E-002   1.6374999724004962        0.0000000000000000     
  -5.0000000000000003E-002   1.5963484269460870        0.0000000000000000     
  -5.0000000000000003E-002   1.5551968814916779        0.0000000000000000     
  -5.0000000000000003E-002   1.5250718594090702        0.0000000000000000     
  -5.0000000000000003E-002   1.5140453360372685        0.0000000000000000     
 --- left --- --- 
          67         158         159          20
           0           1           0           0
  -5.0000000000000003E-002   1.5140453360372685        0.0000000000000000     
  -5.0000000000000003E-002   1.5027651778315254        0.0000000000000000     
  -5.0000000000000003E-002   1.4719472124960200        0.0000000000000000     
  -5.0000000000000003E-002   1.4298490889547715        0.0000000000000000     
  -5.0000000000000003E-002   1.3877509654135227        0.0000000000000000     
  -5.0000000000000003E-002   1.3569330000780173        0.0000000000000000     
  -5.0000000000000003E-002   1.3456528418722740        0.0000000000000000     
 --- left --- --- 
          20         159         160          16
           0           1           0           0
  -5.0000000000000003E-002   1.3456528418722740        0.0000000000000000     
  -5.0000000000000003E-002   1.3341449366806510        0.0000000000000000     
  -5.0000000000000003E-002   1.3027047550084507        0.0000000000000000     
  -5.0000000000000003E-002   1.2597566681446275        0.0000000000000000     
  -5.0000000000000003E-002   1.2168085812808043        0.0000000000000000     
  -5.0000000000000003E-002   1.1853683996086042        0.0000000000000000     
  -5.0000000000000003E-002   1.1738604944169810        0.0000000000000000     
 --- left --- --- 
          16         160         161          12
           0           1           0           0
  -5.0000000000000003E-002   1.1738604944169810        0.0000000000000000     
  -5.0000000000000003E-002   1.1622176780671172        0.0000000000000000     
  -5.0000000000000003E-002   1.1304089122560952        0.0000000000000000     
  -5.0000000000000003E-002   1.0869573300952093        0.0000000000000000     
  -5.0000000000000003E-002   1.0435057479343235        0.0000000000000000     
  -5.0000000000000003E-002   1.0116969821233015        0.0000000000000000     
  -5.0000000000000003E-002   1.0000541657734376        0.0000000000000000     
 --- left --- --- 
          12         161         162           9
           0           1           0           0
  -5.0000000000000003E-002   1.0000541657734376        0.0000000000000000     
  -5.0000000000000003E-002  0.98841112365338768        0.0000000000000000     
  -5.0000000000000003E-002  0.95660174102674667        0.0000000000000000     
  -5.0000000000000003E-002  0.91314931628005591        0.0000000000000000     
  -5.0000000000000003E-002  0.86969689153336494        0.0000000000000000     
  -5.0000000000000003E-002  0.83788750890672370        0.0000000000000000     
  -5.0000000000000003E-002  0.82624446678667396        0.0000000000000000     
 --- left --- --- 
           9         162         163           5
           0           1           0           0
  -5.0000000000000003E-002  0.82624446678667396        0.0000000000000000     
  -5.0000000000000003E-002  0.81473558864830653        0.0000000000000000     
  -5.0000000000000003E-002  0.78329274883616828        0.0000000000000000     
  -5.0000000000000003E-002  0.74034103088566283        0.0000000000000000     
  -5.0000000000000003E-002  0.69738931293515716        0.0000000000000000     
  -5.0000000000000003E-002  0.66594647312301869        0.0000000000000000     
  -5.0000000000000003E-002  0.65443759498465148        0.0000000000000000     
 --- left --- --- 
           5         163         164          39
           0           1           0           0
  -5.0000000000000003E-002  0.65443759498465148        0.0000000000000000     
  -5.0000000000000003E-002  0.64315501541615872        0.0000000000000000     
  -5.0000000000000003E-002  0.61233043479459859        0.0000000000000000     
  -5.0000000000000003E-002  0.57022327460454569        0.0000000000000000     
  -5.0000000000000003E-002  0.52811611441449280        0.0000000000000000     
  -5.0000000000000003E-002  0.49729153379293245        0.0000000000000000     
  -5.0000000000000003E-002  0.48600895422443990        0.0000000000000000     
 --- left --- --- 
          39         164         165          38
           0           1           0           0
  -5.0000000000000003E-002  0.48600895422443990        0.0000000000000000     
  -5.0000000000000003E-002  0.47497799338233349        0.0000000000000000     
  -5.0000000000000003E-002  0.44484084790539669        0.0000000000000000     
  -5.0000000000000003E-002  0.40367274158635347        0.0000000000000000     
  -5.0000000000000003E-002  0.36250463526731025        0.0000000000000000     
  -5.0000000000000003E-002  0.33236748979037323        0.0000000000000000     
  -5.0000000000000003E-002  0.32133652894826681        0.0000000000000000     
 --- left --- --- 
          38         165         166          28
           0           1           0           0
  -5.0000000000000003E-002  0.32133652894826681        0.0000000000000000     
  -5.0000000000000003E-002  0.31051508626809787        0.0000000000000000     
  -5.0000000000000003E-002  0.28095035505468191        0.0000000000000000     
  -5.0000000000000003E-002  0.24056418116109723        0.0000000000000000     
  -5.0000000000000003E-002  0.20017800726751211        0.0000000000000000     
  -5.0000000000000003E-002  0.17061327605409615        0.0000000000000000     
  -5.0000000000000003E-002  0.15979183337392722        0.0000000000000000     
 --- left --- --- 
          28         166         167         168
           0           1           1           0
  -5.0000000000000003E-002  0.15979183337392722        0.0000000000000000     
  -5.0000000000000003E-002  0.14908781019651918        0.0000000000000000     
  -5.0000000000000003E-002  0.11984387503044558        0.0000000000000000     
  -5.0000000000000003E-002   7.9895916686963497E-002   0.0000000000000000     
  -5.0000000000000003E-002   3.9947958343481860E-002   0.0000000000000000     
  -5.0000000000000003E-002   1.0704023177408040E-002   0.0000000000000000     
  -5.0000000000000003E-002   0.0000000000000000        0.0000000000000000     
   5.1373748389624052E-002   0.0000000000000000        0.0000000000000000     
   4.4582994885945387E-002   0.0000000000000000        0.0000000000000000     
   2.6030311292218153E-002   0.0000000000000000        0.0000000000000000     
   6.8687419481202466E-004   0.0000000000000000        0.0000000000000000     
  -2.4656562902594104E-002   0.0000000000000000        0.0000000000000000     
  -4.3209246496321102E-002   0.0000000000000000        0.0000000000000000     
  -5.0000000000000003E-002   0.0000000000000000        0.0000000000000000     
 --- left bottom --- 
          28         168         169          26
           0           1           0           0
   5.1373748389624052E-002   0.0000000000000000        0.0000000000000000     
   5.8281344982796066E-002   0.0000000000000000        0.0000000000000000     
   7.7153249833530793E-002   0.0000000000000000        0.0000000000000000     
  0.10293275127743755        0.0000000000000000        0.0000000000000000     
  0.12871225272134429        0.0000000000000000        0.0000000000000000     
  0.14758415757207904        0.0000000000000000        0.0000000000000000     
  0.15449175416525085        0.0000000000000000        0.0000000000000000     
 --- bottom --- --- 
          26         169         170          27
           0           1           0           0
  0.15449175416525085        0.0000000000000000        0.0000000000000000     
  0.16164454153902863        0.0000000000000000        0.0000000000000000     
  0.18118632005992652        0.0000000000000000        0.0000000000000000     
  0.20788088595460197        0.0000000000000000        0.0000000000000000     
  0.23457545184927764        0.0000000000000000        0.0000000000000000     
  0.25411723037017547        0.0000000000000000        0.0000000000000000     
  0.26127001774395331        0.0000000000000000        0.0000000000000000     
 --- bottom --- --- 
          27         170         171          29
           0           1           0           0
  0.26127001774395331        0.0000000000000000        0.0000000000000000     
  0.26874613951087190        0.0000000000000000        0.0000000000000000     
  0.28917128402166631        0.0000000000000000        0.0000000000000000     
  0.31707255029937931        0.0000000000000000        0.0000000000000000     
  0.34497381657709231        0.0000000000000000        0.0000000000000000     
  0.36539896108788672        0.0000000000000000        0.0000000000000000     
  0.37287508285480536        0.0000000000000000        0.0000000000000000     
 --- bottom --- --- 
          29         171         172          30
           0           1           0           0
  0.37287508285480536        0.0000000000000000        0.0000000000000000     
  0.38070903324610944        0.0000000000000000        0.0000000000000000     
  0.40211178373912632        0.0000000000000000        0.0000000000000000     
  0.43134848462344755        0.0000000000000000        0.0000000000000000     
  0.46058518550776856        0.0000000000000000        0.0000000000000000     
  0.48198793600078577        0.0000000000000000        0.0000000000000000     
  0.48982188639208984        0.0000000000000000        0.0000000000000000     
 --- bottom --- --- 
          30         172         173          32
           0           1           0           0
  0.48982188639208984        0.0000000000000000        0.0000000000000000     
  0.49800393399917769        0.0000000000000000        0.0000000000000000     
  0.52035770377168944        0.0000000000000000        0.0000000000000000     
  0.55089352115128920        0.0000000000000000        0.0000000000000000     
  0.58142933853088896        0.0000000000000000        0.0000000000000000     
  0.60378310830340076        0.0000000000000000        0.0000000000000000     
  0.61196515591048872        0.0000000000000000        0.0000000000000000     
 --- bottom --- --- 
          32         173         174          33
           0           1           0           0
  0.61196515591048872        0.0000000000000000        0.0000000000000000     
  0.62044608617670327        0.0000000000000000        0.0000000000000000     
  0.64361641855945029        0.0000000000000000        0.0000000000000000     
  0.67526768120841185        0.0000000000000000        0.0000000000000000     
  0.70691894385737342        0.0000000000000000        0.0000000000000000     
  0.73008927624012065        0.0000000000000000        0.0000000000000000     
  0.73857020650633498        0.0000000000000000        0.0000000000000000     
 --- bottom --- --- 
          33         174         175          35
           0           1           0           0
  0.73857020650633498        0.0000000000000000        0.0000000000000000     
  0.74726907599908354        0.0000000000000000        0.0000000000000000     
  0.77103482942168378        0.0000000000000000        0.0000000000000000     
  0.80349945233703279        0.0000000000000000        0.0000000000000000     
  0.83596407525238159        0.0000000000000000        0.0000000000000000     
  0.85972982867498204        0.0000000000000000        0.0000000000000000     
  0.86842869816773061        0.0000000000000000        0.0000000000000000     
 --- bottom --- --- 
          35         175         176         177
           0           1           0           0
  0.86842869816773061        0.0000000000000000        0.0000000000000000     
  0.87724230418599747        0.0000000000000000        0.0000000000000000     
  0.90132152362579798        0.0000000000000000        0.0000000000000000     
  0.93421434908386525        0.0000000000000000        0.0000000000000000     
  0.96710717454193262        0.0000000000000000        0.0000000000000000     
  0.99118639398173314        0.0000000000000000        0.0000000000000000     
   1.0000000000000000        0.0000000000000000        0.0000000000000000     
 --- bottom --- --- 
          35         177         108          36
           0           0           0           0
 --- --- --- --- 
           6          46         178          40
           0           0           0           0
 --- --- --- --- 
