 ISM-V2
         924        1743         817           5
  -1.2198404426795530       -4.1268894373764144        0.0000000000000000     
 -0.71404801479919022       -4.2555703664078735        0.0000000000000000     
  -2.6923244637246775E-002  -4.0655932013016525        0.0000000000000000     
  0.65224243593361364       -4.2514770473939922        0.0000000000000000     
   1.2509824435184473       -4.0505695341311823        0.0000000000000000     
  -2.3416190653747964       -3.4619363043754867        0.0000000000000000     
  -1.7227064935834306       -3.6819333066061581        0.0000000000000000     
 -0.80902279206449912       -3.3897487239704818        0.0000000000000000     
  -2.1485155921937798E-003  -3.4457711742355466        0.0000000000000000     
  0.77274939954192090       -3.3953776093604553        0.0000000000000000     
   1.5032492897182193       -3.4650777625076263        0.0000000000000000     
   2.3151931089280193       -3.4779932809548715        0.0000000000000000     
  -3.1935833965500198       -2.7090162954272583        0.0000000000000000     
  -2.3269418714629229       -2.8374977062215745        0.0000000000000000     
  -1.3536827793278630       -2.3569843267291457        0.0000000000000000     
 -0.81572105284336305       -2.5160277943502560        0.0000000000000000     
   1.9453350795778169E-003  -2.6025127251448916        0.0000000000000000     
  0.80097139454975708       -2.5776533841135616        0.0000000000000000     
   1.6090951213549689       -2.6056961748008485        0.0000000000000000     
   2.3993564591298240       -2.6173269789397748        0.0000000000000000     
   3.2309979763821230       -2.6588726596840679        0.0000000000000000     
  -3.1723458808734675       -1.7995810408616417        0.0000000000000000     
  -2.3371162016133620       -1.7952104072893909        0.0000000000000000     
  -1.5588476774544802       -1.7827567934024833        0.0000000000000000     
 -0.67930957234160605       -1.6734810735004835        0.0000000000000000     
   1.2556578736630450E-003  -1.8017170153267861        0.0000000000000000     
   1.5493613947403104       -1.8377244540925413        0.0000000000000000     
   2.3878462264151423       -1.7450006954160235        0.0000000000000000     
   3.2320195349189160       -1.7946650099597254        0.0000000000000000     
  -3.1619566775911854      -0.95978290472579475        0.0000000000000000     
  -2.4446760118399080      -0.96748316019097080        0.0000000000000000     
  -1.5980696327560735      -0.97782236884185969        0.0000000000000000     
 -0.81038418296593939      -0.99226765527908001        0.0000000000000000     
   5.9555993598157752E-005 -0.99340943251091596        0.0000000000000000     
  0.80786268552154827      -0.98064674400562246        0.0000000000000000     
   1.6210694649016015      -0.96026645000919475        0.0000000000000000     
   3.1829053838549242      -0.99474519879381007        0.0000000000000000     
  -3.1557870029744723      -0.25522495987234134        0.0000000000000000     
  -2.3974052876165679      -0.19847245912814795        0.0000000000000000     
  -1.6025053906309619      -0.20041660062056305        0.0000000000000000     
 -0.81935400662981006       -6.9429396117490202E-002   0.0000000000000000     
  -1.7121289406118366E-002 -0.20206436405643544        0.0000000000000000     
   1.6157530151327144      -0.19995121477371500        0.0000000000000000     
   2.3862974511986619      -0.18653481093877147        0.0000000000000000     
   3.1760199715259425      -0.26594895663079171        0.0000000000000000     
  -3.2641953042205851       0.57209480261817058        0.0000000000000000     
  -2.4103747606775392       0.60885999548089043        0.0000000000000000     
  -1.5968705803814587       0.59454526401393026        0.0000000000000000     
 -0.79894720625112137       0.56564186716016396        0.0000000000000000     
  0.85765585621692275       0.55663460308620916        0.0000000000000000     
   1.5605116687921077       0.56366244666521781        0.0000000000000000     
   2.4077741827413766       0.61267816673569764        0.0000000000000000     
   3.2398602081527264       0.63415268802680425        0.0000000000000000     
  -2.4089613787642463        1.4090505526222630        0.0000000000000000     
  -1.6049233388636639        1.4123132608082485        0.0000000000000000     
 -0.76831193575929135        1.3689707711851258        0.0000000000000000     
   1.2440165946519633E-002   1.3526156274288228        0.0000000000000000     
  0.77944506896017407        1.3718130521135254        0.0000000000000000     
   1.6044766209225403        1.4126355632329517        0.0000000000000000     
   2.4042048363363593        1.4142444782762049        0.0000000000000000     
  -1.5760371364313761        2.2689737013962352        0.0000000000000000     
 -0.78292091355725157        2.1815287546234896        0.0000000000000000     
   9.3216874101731482E-004   2.1849829704145831        0.0000000000000000     
  0.78381953840153751        2.1816454659043578        0.0000000000000000     
   1.5754718184882035        2.2693924935606797        0.0000000000000000     
  -1.0929670769536042       -3.7757597628181867        0.0000000000000000     
 -0.75645803337213235       -3.7818701030303936        0.0000000000000000     
  -1.2216866315578685       -3.4448259499635778        0.0000000000000000     
 -0.43496535896267702       -3.7410939275555624        0.0000000000000000     
 -0.40375909850535313       -3.4167489343995769        0.0000000000000000     
  0.41515343579417036       -3.7412110426484020        0.0000000000000000     
  0.73135718151452045       -3.7712361428531445        0.0000000000000000     
  0.39478313239044877       -3.4198703465359035        0.0000000000000000     
   1.0565809199221416       -3.7364937191563121        0.0000000000000000     
   1.1306051742798222       -3.4178000173263716        0.0000000000000000     
   1.8111088662625265       -4.0043535644518942        0.0000000000000000     
   2.2335558079424103       -3.9014707514481657        0.0000000000000000     
   1.9142422842710709       -3.4820870902594954        0.0000000000000000     
   2.5100252930695355       -3.8241534370356716        0.0000000000000000     
   2.6386775386830661       -3.5581115756299027        0.0000000000000000     
  -3.0605011021049542       -3.1083259315346616        0.0000000000000000     
  -3.4751823177537569       -2.4884998225675696        0.0000000000000000     
  -2.7792859712549660       -3.2510185987639248        0.0000000000000000     
  -2.7680354158691425       -2.7382796076444866        0.0000000000000000     
  -1.3190805526584084       -2.9423046961742956        0.0000000000000000     
 -0.83909806670390497       -2.9627904348176637        0.0000000000000000     
 -0.36946871333658532       -2.9676024130855034        0.0000000000000000     
   5.3034943952506800E-003  -3.0605804664343008        0.0000000000000000     
 -0.45092917158794732       -2.6286828269904166        0.0000000000000000     
 -0.17585136776799126       -2.7849129061375897        0.0000000000000000     
   3.8372073590529116E-003  -2.7996724412441112        0.0000000000000000     
 -0.20069334687637164       -2.6166478344567645        0.0000000000000000     
  0.39779919297792427       -2.9488948189804916        0.0000000000000000     
  0.78585439845171101       -3.0503063584674406        0.0000000000000000     
  0.39848472677823515       -2.6240118880001448        0.0000000000000000     
  0.17939159200249399       -2.7788445272595732        0.0000000000000000     
  0.19751558787100448       -2.6130675611752596        0.0000000000000000     
  0.61936808711890379       -2.7747320551834904        0.0000000000000000     
  0.79514838162859280       -2.7900913473345037        0.0000000000000000     
  0.60054311641716884       -2.6038555049069152        0.0000000000000000     
   1.1514782348984007       -2.9671863866348560        0.0000000000000000     
   1.5779152586156238       -3.0126848332430654        0.0000000000000000     
   1.2756649901995780       -2.5906427375791745        0.0000000000000000     
  0.97689580083363836       -2.7695744687803083        0.0000000000000000     
   1.0134994166106617       -2.5735097491456282        0.0000000000000000     
   1.9777096601074706       -3.0276949380131728        0.0000000000000000     
   2.3821083005709829       -3.0515010596285808        0.0000000000000000     
   1.9916654965900544       -2.6059885813251600        0.0000000000000000     
   2.8358697216377617       -3.1323282547869256        0.0000000000000000     
   3.1486845213918935       -2.9865226306203230        0.0000000000000000     
   2.8090756875019660       -2.6325775712105166        0.0000000000000000     
   3.4770886813004735       -2.5101751875950251        0.0000000000000000     
  -3.5047925286234261       -2.1931043625814732        0.0000000000000000     
  -3.1669564960968644       -2.2188602049031405        0.0000000000000000     
  -3.5469525547321354       -1.8017005998598778        0.0000000000000000     
  -2.7759354975128820       -2.2534495956669924        0.0000000000000000     
  -2.3485633323429878       -2.2991262344241767        0.0000000000000000     
  -2.7767745015062815       -1.8047652966059828        0.0000000000000000     
  -1.8918227301529780       -2.3479878003181320        0.0000000000000000     
  -1.9487731707444294       -1.9016672772580334        0.0000000000000000     
  -1.1474945901027040       -2.1372694372547736        0.0000000000000000     
 -0.91067731736345336       -2.1875002757108302        0.0000000000000000     
  -1.1966767632108293       -1.9015511463017158        0.0000000000000000     
 -0.42119736526727697       -2.1910173432364473        0.0000000000000000     
   1.0955384069047623E-003  -2.1983186975633551        0.0000000000000000     
 -0.42350311726313944       -1.7713344044398400        0.0000000000000000     
 -0.61010292013782585       -2.3681485068821875        0.0000000000000000     
 -0.43106638487064913       -2.3936626260577327        0.0000000000000000     
 -0.64754920693165507       -2.1935919184575798        0.0000000000000000     
 -0.18930965922021070       -2.3850182180206416        0.0000000000000000     
   2.8122059383548868E-003  -2.4268368620519678        0.0000000000000000     
 -0.23123294342120332       -2.1949047608072867        0.0000000000000000     
  -8.8704370566746280E-002  -2.2880378185284309        0.0000000000000000     
   2.1480471445134157E-003  -2.2973569183008280        0.0000000000000000     
  -9.8503409527894978E-002  -2.1976066327782076        0.0000000000000000     
 -0.67229249655808010       -1.9549954310545150        0.0000000000000000     
 -0.42812432078182500       -1.9800224525278900        0.0000000000000000     
 -0.17798504839216975       -1.9960536509799707        0.0000000000000000     
  -1.4379534927511145E-002  -1.9995250232968886        0.0000000000000000     
 -0.23089069294164410       -1.7966538830513437        0.0000000000000000     
  -8.9433691225431822E-002  -2.1095434157378383        0.0000000000000000     
  -6.7151719050216703E-003  -2.0998493176833186        0.0000000000000000     
  -8.9543087461165322E-002  -1.8893007214581963        0.0000000000000000     
  -6.6270900946579919E-003  -1.8995570668150419        0.0000000000000000     
  -9.8361256770109567E-002  -1.8011962532118637        0.0000000000000000     
  0.39405489546391731       -2.1819576015424293        0.0000000000000000     
  0.81946010758210663       -2.1335524811898114        0.0000000000000000     
  0.20180836352665618       -2.3735067780191530        0.0000000000000000     
  0.39865610777935262       -2.4252877676089377        0.0000000000000000     
  0.21207582014037529       -2.2001676551495564        0.0000000000000000     
   9.1489380092599382E-002  -2.2870634994572057        0.0000000000000000     
  0.10074870501978288       -2.2032251290134437        0.0000000000000000     
  0.31177417259549950       -2.2874253509781601        0.0000000000000000     
  0.40082464569981330       -2.2892035706346605        0.0000000000000000     
  0.30368347169207927       -2.2169959995147774        0.0000000000000000     
  0.58986223805734073       -2.3633114781622573        0.0000000000000000     
  0.80727232783375802       -2.3543719411485426        0.0000000000000000     
  0.66131831704402100       -2.1541737824261471        0.0000000000000000     
  0.49641199889541038       -2.2699290343546172        0.0000000000000000     
  0.51948640973135962       -2.1470358666094964        0.0000000000000000     
  0.19789509456751098       -1.9994599545430227        0.0000000000000000     
  0.19818833008989067       -1.8013982733301699        0.0000000000000000     
  0.10610602319873412       -2.0905067949257146        0.0000000000000000     
  0.19159841537800124       -2.1075078293890934        0.0000000000000000     
   8.3241451520422505E-002  -1.9996991723984692        0.0000000000000000     
  0.15337078935284504       -2.0431275918819281        0.0000000000000000     
  0.19441638200506486       -2.0470160518391407        0.0000000000000000     
  0.14938038553270780       -1.9995291854845580        0.0000000000000000     
  0.30980287375989207       -2.0960955049517351        0.0000000000000000     
  0.41553555596339686       -2.1019748837484951        0.0000000000000000     
  0.26015243237345320       -2.1446876676944266        0.0000000000000000     
  0.30450737668401168       -2.1487309732497222        0.0000000000000000     
  0.25857975273960065       -2.0886209453859785        0.0000000000000000     
  0.34820436148551104       -2.1437474330750343        0.0000000000000000     
  0.35714395503811652       -2.1009376368805786        0.0000000000000000     
  0.24118107467251917       -2.0398302875341301        0.0000000000000000     
  0.24045970655077331       -2.0005277144156861        0.0000000000000000     
  0.10640629114246131       -1.9086484228855869        0.0000000000000000     
  0.19470331455125034       -1.8895784703879455        0.0000000000000000     
   9.9937079156317957E-002  -1.7975305659456251        0.0000000000000000     
  0.15469520539665199       -1.9557094109007958        0.0000000000000000     
  0.19718244123463366       -1.9512428457980855        0.0000000000000000     
  0.26060902530378499       -1.9079155280186626        0.0000000000000000     
  0.28345074065723547       -1.8417218978110290        0.0000000000000000     
  0.24715216905404946       -1.9588780191615089        0.0000000000000000     
  0.47110672336667431       -2.0911655633613915        0.0000000000000000     
   1.3053139761797241       -2.2314101100890138        0.0000000000000000     
   1.6122689747745713       -2.2627317453110152        0.0000000000000000     
   1.1931148005477183       -1.9953820491803189        0.0000000000000000     
   1.0219419173740165       -2.3145524134431490        0.0000000000000000     
   1.4269489650807334       -2.0265391578318579        0.0000000000000000     
   1.5916303878171896       -2.0160287706914146        0.0000000000000000     
   1.3707835218312465       -1.9045295481691809        0.0000000000000000     
   1.9576988905905421       -2.1641446532274475        0.0000000000000000     
   2.3953424067994411       -2.1908682384436688        0.0000000000000000     
   2.0432252657324210       -1.8268444633508090        0.0000000000000000     
   1.7632855482663274       -1.9790617399013812        0.0000000000000000     
   1.7765341554796781       -1.7823227622970166        0.0000000000000000     
   2.8049030302521798       -2.2030119148207410        0.0000000000000000     
   3.1863334222819706       -2.2244767633300127        0.0000000000000000     
   2.8084002702448925       -1.7810268996294658        0.0000000000000000     
   3.4980921956451350       -2.2757380364888067        0.0000000000000000     
   3.5626018061928124       -1.9800336959069118        0.0000000000000000     
  -3.5745854941655679       -1.4000173772737634        0.0000000000000000     
  -3.1789554128484783       -1.3899313516710441        0.0000000000000000     
  -3.5885602091864688       -1.0017891265757581        0.0000000000000000     
  -2.7542233547017401       -1.3566195852039766        0.0000000000000000     
  -2.4236847909415458       -1.4284916729643367        0.0000000000000000     
  -2.8370709236635205       -1.0334709042609111        0.0000000000000000     
  -2.5788949456031562       -1.1648216823678699        0.0000000000000000     
  -2.3929392299896199       -1.1466658342084279        0.0000000000000000     
  -2.6097140248563804       -1.0062060558761914        0.0000000000000000     
  -1.9914269446157207       -1.4039087961517231        0.0000000000000000     
  -1.5912469645281389       -1.4280136206537779        0.0000000000000000     
  -2.1650841312304014       -1.5908587883214225        0.0000000000000000     
  -1.9843384513464286       -1.6104991674555544        0.0000000000000000     
  -2.1871724798184986       -1.4129710250083549        0.0000000000000000     
  -1.8102095510125020       -1.5901557465171778        0.0000000000000000     
  -1.7962531287674128       -1.4162663839137728        0.0000000000000000     
  -2.1603194750514940       -1.1787448438761383        0.0000000000000000     
  -1.9836096747861363       -1.2273722511630927        0.0000000000000000     
  -2.0616321538119031       -1.0884689634609208        0.0000000000000000     
  -1.9679133035516703       -1.0984001075916972        0.0000000000000000     
  -1.7934356221895871       -1.1836134402716918        0.0000000000000000     
  -1.5903398898877872       -1.1955730516233194        0.0000000000000000     
  -1.8712617840376811       -1.0891424487177837        0.0000000000000000     
  -1.1711230498905760       -1.3978635322294617        0.0000000000000000     
 -0.79727509896319737       -1.4007472383202508        0.0000000000000000     
  -1.1870566273288159      -0.99984618458447583        0.0000000000000000     
  -1.3709575729994530       -1.5955638368757461        0.0000000000000000     
  -1.1952315586823832       -1.6397824699946260        0.0000000000000000     
  -1.3874887661263640       -1.4158491467053578        0.0000000000000000     
 -0.95698445305139235       -1.6707113050634124        0.0000000000000000     
 -0.98111954217204489       -1.4531279689587417        0.0000000000000000     
  -1.3811237672580237       -1.1793978766648292        0.0000000000000000     
  -1.2049338616925289       -1.2084789951382395        0.0000000000000000     
  -1.4242941359250145      -0.99610901471327240        0.0000000000000000     
  -1.2924270952678734       -1.0852075620616111        0.0000000000000000     
  -1.2209202694900263       -1.0975989883504098        0.0000000000000000     
  -1.3002854375657273      -0.99932469164201532        0.0000000000000000     
 -0.99926116125618203       -1.1885099970468684        0.0000000000000000     
 -0.78974345181656591       -1.2089875900344660        0.0000000000000000     
  -1.0835483063639419       -1.2972406787383646        0.0000000000000000     
 -0.99553158187125046       -1.3078047614411603        0.0000000000000000     
  -1.0969568170474215       -1.2226987813609702        0.0000000000000000     
 -0.90901342480562963       -1.2996306007210212        0.0000000000000000     
 -0.89997546337932555       -1.2241647409801304        0.0000000000000000     
  -1.0958882547009998       -1.0958898417709952        0.0000000000000000     
 -0.99970920549422992       -1.0973868723812727        0.0000000000000000     
  -1.0976120608632078      -0.99985043329421741        0.0000000000000000     
  -1.1477509386030798       -1.1480049041212050        0.0000000000000000     
  -1.0999674517500373       -1.1519442599600664        0.0000000000000000     
  -1.1516964149708804       -1.1000867849802369        0.0000000000000000     
  -1.0546401317553284       -1.1455256864950756        0.0000000000000000     
  -1.0498996223878425       -1.1092779399536701        0.0000000000000000     
  -1.1453708987879199       -1.0546704730163838        0.0000000000000000     
  -1.1092577964445631       -1.0499191218365758        0.0000000000000000     
  -1.0496516472306183       -1.0492937349836349        0.0000000000000000     
 -0.99864971770759015       -1.0527848663587125        0.0000000000000000     
  -1.0545533601202028      -0.99958391614503217        0.0000000000000000     
  -1.0723431875752809       -1.0723089805519619        0.0000000000000000     
  -1.0494939425382110       -1.0751495823197263        0.0000000000000000     
  -1.0752831331854285       -1.0494543403615262        0.0000000000000000     
  -1.0272729820946260       -1.0730941354120018        0.0000000000000000     
  -1.0243079947442548       -1.0507915821552751        0.0000000000000000     
  -1.0733912946790072       -1.0273116814294447        0.0000000000000000     
  -1.0519866723753162       -1.0241971061654849        0.0000000000000000     
  -1.0216737226810777       -1.0188646651756876        0.0000000000000000     
 -0.99586077033314579       -1.0248032140230052        0.0000000000000000     
  -1.0326981266903461      -0.99937252273955413        0.0000000000000000     
 -0.90428551808459112       -1.0955739759209249        0.0000000000000000     
 -0.77844284882288994       -1.0962913273401502        0.0000000000000000     
 -0.90288184527968962      -0.99531241582389929        0.0000000000000000     
 -0.94515241949670603       -1.1456892871388689        0.0000000000000000     
 -0.89965768068268726       -1.1523249010620473        0.0000000000000000     
 -0.95002267896654824       -1.1092557792027022        0.0000000000000000     
 -0.85186537456307621       -1.1484079119509711        0.0000000000000000     
 -0.84829768367083347       -1.0994272570055861        0.0000000000000000     
 -0.94952405529897910       -1.0493507594720122        0.0000000000000000     
 -0.89111004158387241       -1.0483380082832463        0.0000000000000000     
 -0.94511179720575156       -1.0008099220370241        0.0000000000000000     
 -0.97218563732675956       -1.0731388377074789        0.0000000000000000     
 -0.95031638533125518       -1.0750783737422358        0.0000000000000000     
 -0.97359580966899728       -1.0511513655963880        0.0000000000000000     
 -0.92779013607561733       -1.0720184488938329        0.0000000000000000     
 -0.92484801185782983       -1.0487384317190911        0.0000000000000000     
 -0.97198110501558665       -1.0210598344467092        0.0000000000000000     
 -0.94653554259412098       -1.0245758684421740        0.0000000000000000     
 -0.96245442925515490       -1.0043905106288920        0.0000000000000000     
 -0.92673269523773893       -1.0263346192586473        0.0000000000000000     
 -0.85493041459759911       -1.0528148477787027        0.0000000000000000     
 -0.39458873998915855       -1.3922000478558514        0.0000000000000000     
   3.2535617190459273E-003  -1.3631139598612068        0.0000000000000000     
 -0.36055503284244628      -0.99022927597834220        0.0000000000000000     
 -0.55820600353898597       -1.5515638695253757        0.0000000000000000     
 -0.40409392715747039       -1.5809376853822787        0.0000000000000000     
 -0.58548679215227406       -1.3966507687568783        0.0000000000000000     
 -0.18366184319850737       -1.6093535491154440        0.0000000000000000     
   4.6111983188164094E-003  -1.5695430393257908        0.0000000000000000     
 -0.19772057574400309       -1.3777229716635948        0.0000000000000000     
  -8.8063300885997689E-002  -1.7110510345168728        0.0000000000000000     
   2.9227326133052555E-003  -1.7032086080417157        0.0000000000000000     
 -0.60786311453479513       -1.1766166074670483        0.0000000000000000     
 -0.37826200338291754       -1.1946468493120239        0.0000000000000000     
 -0.56329216586128528      -0.98794716333804189        0.0000000000000000     
 -0.70641860643764953       -1.0833006383072885        0.0000000000000000     
 -0.69676887462164749      -0.99109768792755015        0.0000000000000000     
 -0.21358527120337342       -1.2119753235586364        0.0000000000000000     
  0.41785891617182219       -1.4198469411711647        0.0000000000000000     
  0.79725323941995141       -1.4006695847712289        0.0000000000000000     
  0.35791851323195317      -0.99290493822660386        0.0000000000000000     
  0.20314419250233134       -1.6393452282975600        0.0000000000000000     
  0.38391945227918522       -1.5923841921042521        0.0000000000000000     
  0.20471271655773413       -1.3867482514262166        0.0000000000000000     
   9.1375764213011995E-002  -1.7151322492165952        0.0000000000000000     
  0.40950505589081648       -1.7204540048928691        0.0000000000000000     
  0.58625790248163190       -1.6184165599735354        0.0000000000000000     
  0.58192652096103425       -1.3807196097587433        0.0000000000000000     
  0.49234483786935773       -1.6950548026750842        0.0000000000000000     
  0.54802063833984449       -1.6859494003081159        0.0000000000000000     
  0.49456556955270764       -1.5967317502312510        0.0000000000000000     
  0.65856136893394290       -1.5981915722184368        0.0000000000000000     
  0.50801707383793338       -1.5136767726465576        0.0000000000000000     
  0.58727294537469832       -1.5056839330204084        0.0000000000000000     
  0.69746687685350439       -1.5210567771696539        0.0000000000000000     
  0.79626409574311341       -1.4911420332777388        0.0000000000000000     
  0.70023785827911567       -1.3927994831334476        0.0000000000000000     
  0.21757212894978714       -1.2163131951767410        0.0000000000000000     
  0.38386805899415155       -1.2005441203008971        0.0000000000000000     
  0.62579773398012006       -1.1935727772049609        0.0000000000000000     
  0.79797606653082298       -1.1876794428690858        0.0000000000000000     
  0.55995193305282087      -0.98625379537693680        0.0000000000000000     
  0.71379409026895546       -1.3058344567953928        0.0000000000000000     
  0.79598861482655670       -1.3001059662595704        0.0000000000000000     
  0.71009524527610024       -1.0809940857760298        0.0000000000000000     
  0.78062644255946090       -1.0904226770514445        0.0000000000000000     
  0.69620628606431689      -0.98185647827306699        0.0000000000000000     
   1.1875503043451914      -0.99959464528894182        0.0000000000000000     
  0.96890066246299555       -1.3980030617933363        0.0000000000000000     
  0.85503073381157646       -1.4811266682472517        0.0000000000000000     
  0.89436527523786613       -1.4154821256616792        0.0000000000000000     
   1.0009964658597696       -1.2027523098356143        0.0000000000000000     
   1.1961842923510888       -1.2022743746769164        0.0000000000000000     
  0.90761076961596032       -1.2975942865340471        0.0000000000000000     
   1.0065080767870729       -1.3346162103080856        0.0000000000000000     
  0.88893577084770781       -1.2100162127169090        0.0000000000000000     
  0.95764476102309093       -1.2504617347764280        0.0000000000000000     
   1.0024321496831821       -1.2548240757620950        0.0000000000000000     
  0.95077702106105466       -1.2060704479942428        0.0000000000000000     
   1.0934339107994353       -1.2859312119815483        0.0000000000000000     
   1.1617808662668463       -1.2798389953821894        0.0000000000000000     
   1.1081872921026259       -1.2093753927356712        0.0000000000000000     
   1.0461821323357536       -1.2481522306250661        0.0000000000000000     
   1.0505797900804625       -1.2050710265472002        0.0000000000000000     
  0.90192744426364990       -1.0928295424678451        0.0000000000000000     
  0.99988388561964037       -1.1006599099141336        0.0000000000000000     
  0.87961798598946295      -0.99548937840698204        0.0000000000000000     
  0.85143096328014978       -1.1414138455358767        0.0000000000000000     
  0.89505508831522229       -1.1485787696717100        0.0000000000000000     
  0.84759471322447055       -1.0942636219399799        0.0000000000000000     
  0.95375815411815512       -1.1474582102165327        0.0000000000000000     
   1.0002703251744114       -1.1581923786533612        0.0000000000000000     
  0.94452704577364466       -1.1041197128413471        0.0000000000000000     
  0.97795262911733816       -1.1233945594877162        0.0000000000000000     
   1.0000350518019594       -1.1255996597558107        0.0000000000000000     
  0.97487391064950668       -1.1021652333192875        0.0000000000000000     
  0.85130276196130616       -1.0489904606591647        0.0000000000000000     
  0.88485659766416935       -1.0450019955785117        0.0000000000000000     
  0.94604048035638733       -1.0428609528923489        0.0000000000000000     
  0.99682157796857052       -1.0475112814800440        0.0000000000000000     
  0.92492211674059155       -1.0696914823404915        0.0000000000000000     
  0.94646296424395859       -1.0731088552809154        0.0000000000000000     
  0.91864611254722106       -1.0448025987951581        0.0000000000000000     
  0.97555618801482868       -1.0729205312926977        0.0000000000000000     
  0.99956095726581473       -1.0785377366977809        0.0000000000000000     
  0.96907639341433560       -1.0509913609046577        0.0000000000000000     
  0.98733784787242596       -1.0610524295507107        0.0000000000000000     
  0.99877040814053741       -1.0618358130234828        0.0000000000000000     
  0.98362075418421901       -1.0511408397593673        0.0000000000000000     
  0.91507799027292769       -1.0117888455640023        0.0000000000000000     
  0.93478989580848015       -1.0214555405717274        0.0000000000000000     
   1.0046816678273967       -1.0279826430580690        0.0000000000000000     
   1.0023440094637599       -1.0362032786811590        0.0000000000000000     
   1.0969502305901291       -1.0955002066733899        0.0000000000000000     
   1.2139371651199156       -1.0983085240705743        0.0000000000000000     
   1.1009129874874348       -1.0037273922458201        0.0000000000000000     
   1.0464222993919072       -1.1478152790576355        0.0000000000000000     
   1.1043276136556821       -1.1510193793818337        0.0000000000000000     
   1.0552473288926665       -1.1049178294092075        0.0000000000000000     
   1.0221041440967358       -1.1235067306563766        0.0000000000000000     
   1.0249120072491622       -1.1023807581568725        0.0000000000000000     
   1.1472238814684750       -1.1464234824412052        0.0000000000000000     
   1.1504800830835256       -1.1000325330516034        0.0000000000000000     
   1.0503812977232361       -1.0493527470487096        0.0000000000000000     
   1.1101993352058943       -1.0507524027561588        0.0000000000000000     
   1.0543788027757830      -0.99165383760582282        0.0000000000000000     
   1.0230579799641506       -1.0730757966991158        0.0000000000000000     
   1.0523550672116004       -1.0746708162638530        0.0000000000000000     
   1.0277844025227267       -1.0490315619088117        0.0000000000000000     
   1.0103569325992674       -1.0604928607089636        0.0000000000000000     
   1.0113839714133881       -1.0488644636061284        0.0000000000000000     
   1.0737438083533288       -1.0718885305834058        0.0000000000000000     
   1.0763278994134098       -1.0498307664620743        0.0000000000000000     
   1.0195509790646879       -1.0234062452269674        0.0000000000000000     
   1.0519707829244584       -1.0235372250647190        0.0000000000000000     
   1.0234523966550373      -0.99075901602931737        0.0000000000000000     
   1.0107415378207862       -1.0380601113241115        0.0000000000000000     
   1.0744271789573991       -1.0275487775589205        0.0000000000000000     
   1.1452672537901387       -1.0554694964804205        0.0000000000000000     
   1.3623827500812591       -1.1708675527207926        0.0000000000000000     
   1.4089463834761795      -0.98210777841132579        0.0000000000000000     
   1.3012564604566206       -1.1806877249527179        0.0000000000000000     
   1.3000705331845541       -1.0937558434924801        0.0000000000000000     
   1.4034409687763263       -1.1026627646064275        0.0000000000000000     
   1.3032008500859988      -0.99150049420415831        0.0000000000000000     
   1.4838197999271274       -1.0810578003076663        0.0000000000000000     
   1.5265054538236906      -0.99815299355094711        0.0000000000000000     
   2.4984648226413353       -1.4109813023125299        0.0000000000000000     
   1.8791068851972406       -1.6335090539474071        0.0000000000000000     
   2.0313960580876511       -1.6052372221765772        0.0000000000000000     
   2.2197003679545442       -1.5169917577663383        0.0000000000000000     
   2.3375655808916354       -1.4096387648992355        0.0000000000000000     
   2.8206790288931858       -1.3190765623531751        0.0000000000000000     
   3.1571089158066394       -1.4346858178139785        0.0000000000000000     
   2.8234622246994454       -1.0762685165972421        0.0000000000000000     
   3.0056778057221862       -1.1699537489959262        0.0000000000000000     
   3.1712618218748432       -1.1952628208427023        0.0000000000000000     
   2.9515769688466897      -0.99418899380086345        0.0000000000000000     
   3.6092909858083901       -1.4182236733675542        0.0000000000000000     
   3.5966982628010751      -0.99911129729153292        0.0000000000000000     
   3.4321307770493044       -1.6176407715061922        0.0000000000000000     
   3.6551865732750364       -1.6854274808463574        0.0000000000000000     
   3.4024692591091821       -1.4309959462016661        0.0000000000000000     
   3.8056109067751094       -1.5749243349346307        0.0000000000000000     
   3.7960707175386261       -1.4140907961278912        0.0000000000000000     
   3.3909334127355981       -1.2067100082755877        0.0000000000000000     
   3.5982790495838000       -1.2062094291213830        0.0000000000000000     
   3.3923015097241316      -0.99831097118717815        0.0000000000000000     
   3.7961145861973877       -1.2071942052019706        0.0000000000000000     
   3.7969958694806785      -0.99823973214020856        0.0000000000000000     
  -3.5854221293814166      -0.61722286703862406        0.0000000000000000     
  -3.2455025046885049      -0.60685179682432222        0.0000000000000000     
  -3.5575329148931525      -0.24115267689342176        0.0000000000000000     
  -2.8041003324371001      -0.60091457679997651        0.0000000000000000     
  -2.3823802080259022      -0.61406718349138034        0.0000000000000000     
  -2.8362062891194921      -0.16612830747099430        0.0000000000000000     
  -2.9836303101122676      -0.77542108085968431        0.0000000000000000     
  -2.8194195919226752      -0.80075922402916400        0.0000000000000000     
  -2.9994749339381461      -0.60176623032145093        0.0000000000000000     
  -2.6139437793393685      -0.80497997913652397        0.0000000000000000     
  -2.4407193551513031      -0.80900909557881273        0.0000000000000000     
  -2.6042059261719492      -0.60334421021963991        0.0000000000000000     
  -2.9826727403226920      -0.42741852643450490        0.0000000000000000     
  -2.8175538085265868      -0.40037463203349338        0.0000000000000000     
  -2.6035660835982970      -0.39573571344521380        0.0000000000000000     
  -2.3967890736325401      -0.39413379705963597        0.0000000000000000     
  -2.5998782469712940      -0.18264149999312820        0.0000000000000000     
  -1.6223382486764815      -0.60803154755498556        0.0000000000000000     
  -2.0000397821707470      -0.17642238763218587        0.0000000000000000     
  -2.2056976163486510      -0.54231503104062428        0.0000000000000000     
  -2.3488512501878756      -0.93686830787852460        0.0000000000000000     
  -2.3211024733602534      -0.83579449293711372        0.0000000000000000     
  -2.2638644706470488      -0.71661172146392293        0.0000000000000000     
  -2.2012138014955016      -0.63879456722189176        0.0000000000000000     
  -1.5726953985711791      -0.80220910534058665        0.0000000000000000     
  -1.7993987021506233      -0.53249919467861861        0.0000000000000000     
  -1.6852700612991069      -0.89021121228058619        0.0000000000000000     
  -1.7010412722415131      -0.80268046790456693        0.0000000000000000     
  -1.8081513377069665      -0.62032898236204326        0.0000000000000000     
  -1.7495475536147294      -0.69205957941560170        0.0000000000000000     
  -2.2024492497445691      -0.38299481244497935        0.0000000000000000     
  -2.2005862946939492      -0.18792250150980347        0.0000000000000000     
  -1.7990788576149979      -0.38033068534387571        0.0000000000000000     
  -1.6045829153643745      -0.39376811448995980        0.0000000000000000     
  -1.7993274482548294      -0.18814979106047949        0.0000000000000000     
  -1.1807193155130684      -0.61486811453146273        0.0000000000000000     
  -1.1913933442650568      -0.17169877497855851        0.0000000000000000     
  -1.3811330333802290      -0.82203299912777228        0.0000000000000000     
  -1.2071267183454859      -0.79372247305855992        0.0000000000000000     
  -1.3960830950200038      -0.60691239496846527        0.0000000000000000     
  -1.2920008695236909      -0.91399748608207199        0.0000000000000000     
  -1.2208383026678160      -0.90233549272629088        0.0000000000000000     
  -1.0271542073958861      -0.80294677186935282        0.0000000000000000     
 -0.74547682709998908      -0.79072604517914602        0.0000000000000000     
  -1.0144298073858347      -0.56537009170091890        0.0000000000000000     
  -1.0974445446069150      -0.90290940059673230        0.0000000000000000     
  -1.0158380736040373      -0.88971007352268261        0.0000000000000000     
  -1.1047593879624620      -0.77599523208238841        0.0000000000000000     
  -1.1454415839963386      -0.94516876577499875        0.0000000000000000     
  -1.1094470728011174      -0.94980585119204008        0.0000000000000000     
  -1.1521089502531008      -0.89967884275129906        0.0000000000000000     
  -1.0508226143880297      -0.94907946312998115        0.0000000000000000     
  -1.0068620092639782      -0.93968274194100843        0.0000000000000000     
  -1.0558827987975585      -0.88650929134006184        0.0000000000000000     
  -1.0735400944513034      -0.97233886008138470        0.0000000000000000     
  -1.0526235283543617      -0.97471641722262115        0.0000000000000000     
  -1.0756677477343635      -0.94995886843861543        0.0000000000000000     
  -1.0241060244292877      -0.97803968889181092        0.0000000000000000     
  -1.0067348829601828      -0.96729266399475178        0.0000000000000000     
  -1.0282883744220013      -0.94496949232243133        0.0000000000000000     
  -1.0731916583873897      -0.92670140357255359        0.0000000000000000     
  -1.0521533111673151      -0.92205174761638509        0.0000000000000000     
  -1.0317809677665759      -0.92211014714496520        0.0000000000000000     
  -1.1488384544304699      -0.85166523275861405        0.0000000000000000     
  -1.1042383226977468      -0.84617861066727906        0.0000000000000000     
  -1.0626471665897110      -0.85023820989751842        0.0000000000000000     
 -0.76397411660121473      -0.88674081364884094        0.0000000000000000     
 -0.88765996021226823      -0.94951687347312297        0.0000000000000000     
 -0.85569665711368736      -0.92217015671750868        0.0000000000000000     
 -0.82020584111335182      -0.86656239603266105        0.0000000000000000     
 -0.79900878710451428      -0.81306292222608967        0.0000000000000000     
  -1.0935770482619829      -0.70404253822211182        0.0000000000000000     
  -1.0161243279119223      -0.69229903633373724        0.0000000000000000     
  -1.3996445420283270      -0.39831367719045313        0.0000000000000000     
  -1.1929871440472390      -0.39339256860542277        0.0000000000000000     
  -1.4023917768471890      -0.18779835802539879        0.0000000000000000     
  -1.0004574549318079      -0.39686614777833279        0.0000000000000000     
 -0.95274605766190734      -0.16973348001990293        0.0000000000000000     
 -0.40167066368417936      -0.53273965529916811        0.0000000000000000     
  -9.7541757596332121E-004 -0.62408524372090568        0.0000000000000000     
 -0.26837609886163200      -0.22117782306287845        0.0000000000000000     
 -0.60662450291798931      -0.77147587121406291        0.0000000000000000     
 -0.37723908486685576      -0.77968585714428285        0.0000000000000000     
 -0.54611984411687264      -0.59207567444858411        0.0000000000000000     
 -0.70084077133110778      -0.90046583704491234        0.0000000000000000     
 -0.21544422937817587      -0.77131931331074521        0.0000000000000000     
 -0.19449087157357872      -0.59946460849411654        0.0000000000000000     
 -0.31664991670027659      -0.33700648186103077        0.0000000000000000     
 -0.17601063698422925      -0.39269842021866364        0.0000000000000000     
  -7.2675933668486245E-003 -0.39639555920055281        0.0000000000000000     
 -0.16190292524964020      -0.21262248557487107        0.0000000000000000     
  0.39026337400873645      -0.54839100057999735        0.0000000000000000     
  0.21248812859508240      -0.77342794905386225        0.0000000000000000     
  0.36740826908841745      -0.78396201715967995        0.0000000000000000     
  0.19193322637386681      -0.59789130861450368        0.0000000000000000     
  0.56985805215610441      -0.77042933934830571        0.0000000000000000     
  0.52761566920453773      -0.61301297295581247        0.0000000000000000     
  0.70691941915894563      -0.85109260276812326        0.0000000000000000     
  0.77468567704576163      -0.88433032140232293        0.0000000000000000     
  0.17885335272208644      -0.34020145458979761        0.0000000000000000     
  0.32731392300509371      -0.38332553378978906        0.0000000000000000     
   9.6781738214833921E-002 -0.19186761076838443        0.0000000000000000     
   1.1992688014924573      -0.60306380831329687        0.0000000000000000     
   1.5908061974663468      -0.53332687115402844        0.0000000000000000     
   1.1996416089004016      -0.19516566444132571        0.0000000000000000     
   1.0291151882806961      -0.74527916973448316        0.0000000000000000     
   1.2185631425421053      -0.78671217228788559        0.0000000000000000     
   1.0324224878260997      -0.53544384459935168        0.0000000000000000     
   1.0970862083536386      -0.89261966592164976        0.0000000000000000     
   1.2259528119556107      -0.89950946633945517        0.0000000000000000     
   1.1069279855472447      -0.75864680927907346        0.0000000000000000     
   1.0420951277399297      -0.94373623026431464        0.0000000000000000     
   1.1006815585932441      -0.94652592115183465        0.0000000000000000     
   1.0414767511454783      -0.88315515292860236        0.0000000000000000     
   1.0200718321256312      -0.96723688715229506        0.0000000000000000     
   1.1448406123860770      -0.94403485073903637        0.0000000000000000     
   1.1528635131713258      -0.89661538353990888        0.0000000000000000     
   1.0362924292295508      -0.82012300499224233        0.0000000000000000     
   1.1009331558159865      -0.83386092621088170        0.0000000000000000     
   1.1506974559509544      -0.84730769008917473        0.0000000000000000     
   1.0276271460684350      -0.65461794093563608        0.0000000000000000     
   1.1007455118563372      -0.68673534572690043        0.0000000000000000     
   1.4175493750326091      -0.81066718143021443        0.0000000000000000     
   1.4545283828859350      -0.59165855470686435        0.0000000000000000     
   1.2984071952993033      -0.90917221481442956        0.0000000000000000     
   1.5441613266791827      -0.86996929815810498        0.0000000000000000     
   1.5972511861547520      -0.89389338182613964        0.0000000000000000     
   1.0252662867044173      -0.37921006147905834        0.0000000000000000     
   1.2115320490156349      -0.39343455309466158        0.0000000000000000     
  0.99836190267440439      -0.19459101664463582        0.0000000000000000     
   1.4166878284654492      -0.39783514129425207        0.0000000000000000     
   1.6418021366140541      -0.41215141714539499        0.0000000000000000     
   1.4096160585894850      -0.20065155272469412        0.0000000000000000     
   2.0050868298333282      -0.16070569765507964        0.0000000000000000     
   1.8355828240078884      -0.36335496927574185        0.0000000000000000     
   2.0081543620456466      -0.34802344126763773        0.0000000000000000     
   1.8119085071268417      -0.17987051013527552        0.0000000000000000     
   2.1833735417323052      -0.34943324577041995        0.0000000000000000     
   2.3616484255397627      -0.36049077842752175        0.0000000000000000     
   2.1976129156242670      -0.17154534130859125        0.0000000000000000     
   2.8026746654130354      -0.57126184644540345        0.0000000000000000     
   3.1815150383189965      -0.58033032158822551        0.0000000000000000     
   2.8243271570663233      -0.17287203741926502        0.0000000000000000     
   2.9767024529728077      -0.79689681653137034        0.0000000000000000     
   3.1825690522271333      -0.79418979315773219        0.0000000000000000     
   2.9391044791914576      -0.60980061205832792        0.0000000000000000     
   2.5465476264832230      -0.38015066224848465        0.0000000000000000     
   2.7618488960949015      -0.43809183238242622        0.0000000000000000     
   2.5828352400088415      -0.18052836357441923        0.0000000000000000     
   2.9600405645815862      -0.43682777202022349        0.0000000000000000     
   3.5887939670193680      -0.58974443708250490        0.0000000000000000     
   3.5159642579301074      -0.14404155638563348        0.0000000000000000     
   3.3932250779955662      -0.79379898396797666        0.0000000000000000     
   3.5951427622413274      -0.79350363040716809        0.0000000000000000     
   3.3924801847634241      -0.58590048776677017        0.0000000000000000     
   3.7930409950266242      -0.78756921347948139        0.0000000000000000     
   3.7805170499623602      -0.57440302214099870        0.0000000000000000     
   3.4032127994316062      -0.42252777670028002        0.0000000000000000     
   3.5595058423632580      -0.38525739992644131        0.0000000000000000     
   3.7568704617682158      -0.35467452124176319        0.0000000000000000     
   3.7291965967282383      -0.12436597925034269        0.0000000000000000     
  -3.5272048576686768       0.12190513862485010        0.0000000000000000     
  -3.1829066447988068       0.15876113683555088        0.0000000000000000     
  -3.5203209568849352       0.38626740744084681        0.0000000000000000     
  -2.7639948548731113       0.16233870682943291        0.0000000000000000     
  -2.3961251264667474       0.24820287441464065        0.0000000000000000     
  -2.8205422773245097       0.59921602905603422        0.0000000000000000     
  -2.5741043984638470       -1.7156824011363026E-002   0.0000000000000000     
  -2.3945788552531670       -4.7443130780047147E-003   0.0000000000000000     
  -1.9998552559817919       0.14023630998844661        0.0000000000000000     
  -1.5992185886922745       0.24040903351038698        0.0000000000000000     
  -2.0025760216427031       0.60004851458112229        0.0000000000000000     
  -2.2181658132167663       -2.6654829257791578E-002   0.0000000000000000     
  -1.7809010215484720       -2.8037126791685442E-002   0.0000000000000000     
  -1.6014038676086022       -9.3071327967160899E-003   0.0000000000000000     
  -1.1997665727711257       0.14821713748828072        0.0000000000000000     
 -0.83161491401167154       0.28127697318136374        0.0000000000000000     
  -1.1891970439958008       0.58701541387007905        0.0000000000000000     
  -1.4211311064890333       -2.5056426707356527E-002   0.0000000000000000     
 -0.97805470820368190        4.2245432099053083E-003   0.0000000000000000     
 -0.82737386480039699        6.5885174614371267E-002   0.0000000000000000     
  0.80549192486328980       0.30664490686588852        0.0000000000000000     
  0.80345774914935419       0.15993495139244115        0.0000000000000000     
   1.1951289359948498       0.20920716891631738        0.0000000000000000     
   1.6454173931895197       0.23328621033457408        0.0000000000000000     
   1.1938457604290271       0.64390477507301580        0.0000000000000000     
  0.94604149412896721        3.7165374893089888E-002   0.0000000000000000     
   1.1915455804891977        1.0039735524721002E-002   0.0000000000000000     
   1.0001120686219738       0.24399497821427082        0.0000000000000000     
   1.4074835147621230        5.8353092534614457E-003   0.0000000000000000     
   1.6261806960525156       -4.2383678340024455E-004   0.0000000000000000     
   1.4014324033285723       0.21798241201239077        0.0000000000000000     
   1.0312766063329799       0.39066754193626058        0.0000000000000000     
   1.2002876968085556       0.40080140930292835        0.0000000000000000     
   1.3745494949442345       0.38283541122567760        0.0000000000000000     
   2.0057098381196767       0.14193289766354686        0.0000000000000000     
   2.3962479997181836       0.25094736220080804        0.0000000000000000     
   1.9996496064157567       0.59479896613724159        0.0000000000000000     
   1.7912697582337236       -2.3874938392369111E-002   0.0000000000000000     
   2.2201655764636938       -1.9991930283273434E-002   0.0000000000000000     
   2.3936665828832835       -3.1967212122051085E-004   0.0000000000000000     
   2.7612882912810992       0.16909073923003259        0.0000000000000000     
   3.1795065207095194       0.18956442321752867        0.0000000000000000     
   2.8128397344068303       0.61717559066636796        0.0000000000000000     
   2.5708481095838271       -1.5744092670938570E-002   0.0000000000000000     
   3.5348539756860653       0.19921445536714810        0.0000000000000000     
   3.4865000251925586       0.49311108161246003        0.0000000000000000     
   3.7183622454724987        5.9191285591988205E-002   0.0000000000000000     
  -3.1978809265592534       0.90538527685084325        0.0000000000000000     
  -2.8934102816483840        1.0595189091841479        0.0000000000000000     
  -2.4175829341971959        1.0190597745326173        0.0000000000000000     
  -2.7500861736266411        1.4516675955158100        0.0000000000000000     
  -2.0068142998661220        1.0067747587852134        0.0000000000000000     
  -1.5977859332918016       0.99908592952960362        0.0000000000000000     
  -2.0187391296712880        1.4181883064617395        0.0000000000000000     
  -1.1771119911554808       0.98216663909452517        0.0000000000000000     
 -0.69426878338831910       0.93138788145722662        0.0000000000000000     
  -1.1838706760724496        1.3913479228058310        0.0000000000000000     
 -0.41819041955535213        1.0272868158440749        0.0000000000000000     
 -0.33491241824173329        1.2902166613788824        0.0000000000000000     
  0.44915199843084841        1.0356053248201633        0.0000000000000000     
  0.72278462804627563       0.94163471754059813        0.0000000000000000     
  0.35889278077212672        1.2937795350419106        0.0000000000000000     
   1.1841121686925917       0.98869514607759945        0.0000000000000000     
   1.5925290012961490       0.99838506493317591        0.0000000000000000     
   1.1879164626821608        1.3929150428420511        0.0000000000000000     
   2.0017703484182165        1.0043393949257819        0.0000000000000000     
   2.4127743677411697        1.0244350754093567        0.0000000000000000     
   2.0164498854545529        1.4190940539074350        0.0000000000000000     
   2.8779150915549567        1.0846407691490232        0.0000000000000000     
   3.1716910695412466       0.95315687690048712        0.0000000000000000     
   2.7392293303881559        1.4653668658801937        0.0000000000000000     
  -2.6802732036693024        1.6802675227326100        0.0000000000000000     
  -2.4517012402960434        1.7502116154685363        0.0000000000000000     
  -2.0597836635607876        1.8946924697888130        0.0000000000000000     
  -1.6000345972707002        1.8280301406336630        0.0000000000000000     
  -1.9061564365516863        2.1991060418375339        0.0000000000000000     
  -1.1902954882540393        1.8031411668462125        0.0000000000000000     
 -0.78317773299735349        1.7804010402119737        0.0000000000000000     
  -1.1680513242422395        2.1912727798332639        0.0000000000000000     
 -0.38278454436634429        1.7677312795704618        0.0000000000000000     
   4.2225402763388393E-003   1.7655677000912500        0.0000000000000000     
 -0.39118009754136446        2.1834917969792422        0.0000000000000000     
  0.38988943001466675        1.7683831561748236        0.0000000000000000     
  0.78720807568711493        1.7810519015047515        0.0000000000000000     
  0.39274963125371370        2.1835870335490699        0.0000000000000000     
   1.1916374748148906        1.8035218398123383        0.0000000000000000     
   1.5997627988701664        1.8284875943043140        0.0000000000000000     
   1.1682602213877409        2.1914184068568670        0.0000000000000000     
   2.0575667301252261        1.8964812350746458        0.0000000000000000     
   2.4467105736193218        1.7551429436695363        0.0000000000000000     
   1.9048435569167295        2.2000066605157182        0.0000000000000000     
   2.6723074405396749        1.6888986311512095        0.0000000000000000     
  -1.3888351290595180        2.5219828709720242        0.0000000000000000     
  -1.1286202985091573        2.5310068428148260        0.0000000000000000     
 -0.76841389090359258        2.5578720402309565        0.0000000000000000     
 -0.38709694767859060        2.5808003330256848        0.0000000000000000     
   1.2744143419468216E-004   2.5891853084634846        0.0000000000000000     
  0.38730178821325950        2.5808152268161293        0.0000000000000000     
  0.76848657836575363        2.5579064016475583        0.0000000000000000     
   1.1284950162278964        2.5310950868342186        0.0000000000000000     
   1.3885090303864991        2.5221492464417667        0.0000000000000000     
  -1.9572049378955771       -4.4884593778740163        0.0000000000000000     
  -1.3791169580768268       -4.7547351991778228        0.0000000000000000     
 -0.74210945913326598       -4.9305563919965492        0.0000000000000000     
  -7.7568182159215196E-002  -4.9992478264189275        0.0000000000000000     
  0.57737770288261347       -4.9581100273001502        0.0000000000000000     
   1.1883093558149607       -4.8194136820829758        0.0000000000000000     
   1.7308300337269429       -4.6061374619319206        0.0000000000000000     
   2.1937664149117113       -4.3447554345281238        0.0000000000000000     
   2.5777775418230897       -4.0586047382544397        0.0000000000000000     
   2.8911557657633615       -3.7642753730576972        0.0000000000000000     
   3.1452301610170528       -3.4713411812675004        0.0000000000000000     
   3.3509967116003123       -3.1842209226275378        0.0000000000000000     
   3.5174515683140299       -2.9046087431714609        0.0000000000000000     
   3.6513185232261383       -2.6333624955733774        0.0000000000000000     
   3.7575602394678338       -2.3714011254080392        0.0000000000000000     
   3.8400864325075066       -2.1197036174237232        0.0000000000000000     
   3.9022657642988618       -1.8788184708920377        0.0000000000000000     
   3.9471036286793000       -1.6483617388978944        0.0000000000000000     
   3.9771624588419163       -1.4268240574036613        0.0000000000000000     
   3.9943922360689230       -1.2117325304064299        0.0000000000000000     
   4.0000000000000000       -1.0000000000000000        0.0000000000000000     
   3.9938168926081810      -0.77767899712907573        0.0000000000000000     
   3.9750195516157318      -0.55365981104916662        0.0000000000000000     
   3.9427801332025161      -0.32584510591144511        0.0000000000000000     
   3.8957888859778187       -9.2900801515234055E-002   0.0000000000000000     
   3.8323885024800366       0.14577413396306982        0.0000000000000000     
   3.7507851827157883       0.38982391442933917        0.0000000000000000     
   3.6493081857974290       0.63784912768907875        0.0000000000000000     
   3.5266566237369750       0.88750975050517833        0.0000000000000000     
   3.3820646459493267        1.1357993189013929        0.0000000000000000     
   3.2153370102469077        1.3794133542822014        0.0000000000000000     
   3.0267415371108837        1.6151167598269196        0.0000000000000000     
   2.8167792437832380        1.8400272343398276        0.0000000000000000     
   2.5858869374456721        2.0517517505111460        0.0000000000000000     
   2.3341658273251382        2.2483334019997936        0.0000000000000000     
   2.0612644375601596        2.4280007173934193        0.0000000000000000     
   1.7665446566021714        2.5887769471270174        0.0000000000000000     
   1.4495916912813678        2.7280938733578082        0.0000000000000000     
   1.1109868142565211        2.8426173760274578        0.0000000000000000     
  0.75309562335575464        2.9284662378697375        0.0000000000000000     
  0.38052799635828199        2.9818586670030807        0.0000000000000000     
  -1.5439288164103957E-005   2.9999999999702034        0.0000000000000000     
 -0.38057165471911980        2.9818544945319574        0.0000000000000000     
 -0.75318609968206407        2.9284488922786966        0.0000000000000000     
  -1.1111875423573174        2.8425593353531844        0.0000000000000000     
  -1.4500290399693103        2.7279237898923951        0.0000000000000000     
  -1.7674644553297507        2.5883240376456955        0.0000000000000000     
  -2.0631226347396945        2.4268826933562728        0.0000000000000000     
  -2.3377604619025560        2.2457473750686678        0.0000000000000000     
  -2.5925241213562162        2.0461153425611087        0.0000000000000000     
  -2.8284352960457384        1.8284189534230353        0.0000000000000000     
  -3.0461369687645039        1.5924987111908462        0.0000000000000000     
  -3.2457895016922005        1.3377019721736767        0.0000000000000000     
  -3.4269694183959394        1.0629785760833768        0.0000000000000000     
  -3.5884958297760825       0.76711563845710562        0.0000000000000000     
  -3.7282414837157267       0.44921200626449331        0.0000000000000000     
  -3.8430917980559718       0.10934459556754450        0.0000000000000000     
  -3.9292120831954560      -0.25080549570166666        0.0000000000000000     
  -3.9826370055934976      -0.62770645764765276        0.0000000000000000     
  -3.9999664648798059       -1.0163792501949935        0.0000000000000000     
  -3.9787813057510584       -1.4114599871262108        0.0000000000000000     
  -3.9174233566659624       -1.8085754415315773        0.0000000000000000     
  -3.8140500878404664       -2.2054135918613698        0.0000000000000000     
  -3.6652588423862515       -2.6018357026578585        0.0000000000000000     
  -3.4648931212453919       -2.9986284442953286        0.0000000000000000     
  -3.2037637633028710       -3.3949734338709119        0.0000000000000000     
  -2.8709095639059843       -3.7852968021151985        0.0000000000000000     
  -2.4566717639524760       -4.1567014182843822        0.0000000000000000     
  0.80981651890002271      -0.82388177160784137        0.0000000000000000     
  0.85476434962466175      -0.89171824801787425        0.0000000000000000     
  0.89048644745061323      -0.94379791419249670        0.0000000000000000     
  0.91855994186331713      -0.98218232268317618        0.0000000000000000     
  0.94042646706964517       -1.0091241889346678        0.0000000000000000     
  0.95734587728984977       -1.0267661709008873        0.0000000000000000     
  0.97036942968596374       -1.0369455452155776        0.0000000000000000     
  0.98033555207562795       -1.0410933854318329        0.0000000000000000     
  0.98788051530792975       -1.0401937165347521        0.0000000000000000     
  0.99345140719991620       -1.0347630906105436        0.0000000000000000     
  0.99731142652291782       -1.0248234015126862        0.0000000000000000     
  0.99953337257782160       -1.0098561490570936        0.0000000000000000     
  0.99998364954585006      -0.98874607564836958        0.0000000000000000     
  0.99834904557806292      -0.95999991300150689        0.0000000000000000     
  0.99414096372208605      -0.92185516320263616        0.0000000000000000     
  0.98665604491857795      -0.87214517161326044        0.0000000000000000     
  0.97499017254383735      -0.80845336237611920        0.0000000000000000     
  0.95807576088219892      -0.72835914905946786        0.0000000000000000     
  0.93473933658796349      -0.62974586751162986        0.0000000000000000     
  0.90376537449579886      -0.51111638665597003        0.0000000000000000     
  0.86394710035771993      -0.37186839215090317        0.0000000000000000     
  0.81412219643180361      -0.21255722507896960        0.0000000000000000     
  0.75322679938067594       -3.5266008874766074E-002   0.0000000000000000     
  0.68042186776408564       0.15581350554627421        0.0000000000000000     
  0.59531458682356275       0.35368162382376661        0.0000000000000000     
  0.49821765330341156       0.54806695971237851        0.0000000000000000     
  0.39032198415697594       0.72562275811726329        0.0000000000000000     
  0.27367523243308761       0.87093339430227357        0.0000000000000000     
  0.15096498880461723       0.96803816120286690        0.0000000000000000     
   2.5218213843820024E-002   1.0019650223430141        0.0000000000000000     
 -0.10045663828566545       0.96212452528817316        0.0000000000000000     
 -0.22306109966999360       0.85657477513173597        0.0000000000000000     
 -0.33980440681991347       0.70222807247808861        0.0000000000000000     
 -0.44825685496356982       0.51634933855982534        0.0000000000000000     
 -0.54658349335378809       0.31504919150883476        0.0000000000000000     
 -0.63374764227555402       0.11184390158988457        0.0000000000000000     
 -0.70956137538458508       -8.3307211983450508E-002   0.0000000000000000     
 -0.77453428437926686      -0.26412001826319653        0.0000000000000000     
 -0.82958453272276877      -0.42730020200731339        0.0000000000000000     
 -0.87573547467151036      -0.57145817584980718        0.0000000000000000     
 -0.91389473827300272      -0.69607798430714840        0.0000000000000000     
 -0.94474210044469276      -0.80078529763438167        0.0000000000000000     
 -0.96869887821264866      -0.88492558440670388        0.0000000000000000     
 -0.98594157023551754      -0.94736373780528071        0.0000000000000000     
 -0.99643867075253556      -0.98643473109985769        0.0000000000000000     
  -1.0000000000000000       -1.0000000000000000        0.0000000000000000     
 -0.99168544046533347       -1.0042649723801185        0.0000000000000000     
 -0.98139576880268642       -1.0024596193068640        0.0000000000000000     
 -0.96887261178948592      -0.99453057322643368        0.0000000000000000     
 -0.95375207593113720      -0.98008950254009763        0.0000000000000000     
 -0.93552306650180650      -0.95842762892386069        0.0000000000000000     
 -0.91347102234872268      -0.92846683567620603        0.0000000000000000     
 -0.88660542701216771      -0.88869068160073117        0.0000000000000000     
 -0.85359748635622035      -0.83713610503647062        0.0000000000000000     
 -0.81275974689514097      -0.77155843390598466        0.0000000000000000     
 -0.76209515732632149      -0.68988026589865903        0.0000000000000000     
 -0.69943799511310878      -0.59100292372734831        0.0000000000000000     
 -0.62271177530668742      -0.47600009369564583        0.0000000000000000     
 -0.53033131935959266      -0.34959015917882047        0.0000000000000000     
 -0.42174378792572037      -0.22152176243339847        0.0000000000000000     
 -0.29800293715794535      -0.10711912790012618        0.0000000000000000     
 -0.16213156797692746       -2.6023198052447648E-002   0.0000000000000000     
  -1.8977045502449059E-002   1.3356779892459724E-003   0.0000000000000000     
  0.12540798326620881       -3.7979601741134392E-002   0.0000000000000000     
  0.26425756248864268      -0.13040301402045684        0.0000000000000000     
  0.39201735741025118      -0.25321485181296588        0.0000000000000000     
  0.50537321062026397      -0.38689698454705301        0.0000000000000000     
  0.60312953203811170      -0.51741314857919629        0.0000000000000000     
  0.68560839665393591      -0.63617190026983983        0.0000000000000000     
  0.75398659285774927      -0.73881920770389442        0.0000000000000000     
   1.3073461222840250       -1.7517034751770142        0.0000000000000000     
   1.4796283883836252       -1.6804077157780271        0.0000000000000000     
   1.6524575734426223       -1.6052004444726526        0.0000000000000000     
   1.8248647615513196       -1.5262294082677481        0.0000000000000000     
   1.9966646812853628       -1.4430373455183201        0.0000000000000000     
   2.1670653497173236       -1.3550451858316654        0.0000000000000000     
   2.3331848377827074       -1.2621660746441898        0.0000000000000000     
   2.4889500834563787       -1.1653508472783423        0.0000000000000000     
   2.6247365203011244       -1.0668795399665667        0.0000000000000000     
   2.7278547819079524      -0.97029630684864998        0.0000000000000000     
   2.7884135369991383      -0.87896744467149079        0.0000000000000000     
   2.8050333715708229      -0.79459851348415478        0.0000000000000000     
   2.7788555876020986      -0.71845339665887475        0.0000000000000000     
   2.7124895652088532      -0.65164019724144084        0.0000000000000000     
   2.6100385380471192      -0.59532070667334003        0.0000000000000000     
   2.4777063832436026      -0.55082154660017801        0.0000000000000000     
   2.3246213097133608      -0.51953345678364904        0.0000000000000000     
   2.1631620562310800      -0.50260094073632233        0.0000000000000000     
   2.0079130185304144      -0.50057318575710730        0.0000000000000000     
   1.8704811842574416      -0.51379223209759606        0.0000000000000000     
   1.7583022089014615      -0.54198160595485678        0.0000000000000000     
   1.6758979446734159      -0.58367308234915016        0.0000000000000000     
   1.6244861107987623      -0.63653627890510833        0.0000000000000000     
   1.6024815935892036      -0.69796495333824593        0.0000000000000000     
   1.6066973884860885      -0.76572351324688337        0.0000000000000000     
   1.6337947492727496      -0.83848345020035531        0.0000000000000000     
   1.6815871517761054      -0.91615412986633182        0.0000000000000000     
   1.7500000000000000       -1.0000000000000000        0.0000000000000000     
   1.6716553738482800       -1.0453392182951837        0.0000000000000000     
   1.5959434428181503       -1.0894025022881073        0.0000000000000000     
   1.5229495626054472       -1.1321335582753280        0.0000000000000000     
   1.4525033405146972       -1.1736253808059911        0.0000000000000000     
   1.3842426971253041       -1.2140868528056508        0.0000000000000000     
   1.3177113512432121       -1.2537885378084623        0.0000000000000000     
   1.2524622532491549       -1.2930031748032143        0.0000000000000000     
   1.1881245804044924       -1.3319661487074448        0.0000000000000000     
   1.1244217806565093       -1.3708643577833890        0.0000000000000000     
   1.0611544109517954       -1.4098463845347218        0.0000000000000000     
  0.99817191687906448       -1.4490402269862477        0.0000000000000000     
  0.93535239317095697       -1.4885673512461806        0.0000000000000000     
  0.87259752952585079       -1.5285486371885764        0.0000000000000000     
  0.80984162960051131       -1.5691028235424396        0.0000000000000000     
  0.74707402415459900       -1.6103378521970395        0.0000000000000000     
  0.68438026917103634       -1.6523314905141071        0.0000000000000000     
  0.62201044024174590       -1.6950948882580557        0.0000000000000000     
  0.56047543429705193       -1.7385159001764579        0.0000000000000000     
  0.50065436512113348       -1.7822887355763013        0.0000000000000000     
  0.44387457992161372       -1.8258495230299370        0.0000000000000000     
  0.39191156697160001       -1.8683480221063964        0.0000000000000000     
  0.34686324790614220       -1.9086862544821148        0.0000000000000000     
  0.31089372173002117       -1.9456374534281822        0.0000000000000000     
  0.28590964986504552       -1.9780233596087706        0.0000000000000000     
  0.27329259437730102       -2.0048904623071517        0.0000000000000000     
  0.27381448402952380       -2.0256125734295285        0.0000000000000000     
  0.28779369370277985       -2.0398726052114711        0.0000000000000000     
  0.31544252928000360       -2.0475273161794849        0.0000000000000000     
  0.35727083042919960       -2.0484062840793431        0.0000000000000000     
  0.41437305598992880       -2.0421232351700649        0.0000000000000000     
  0.48843373611886132       -2.0279854323651056        0.0000000000000000     
  0.58134562621429997       -2.0050740730066758        0.0000000000000000     
  0.69440783124211491       -1.9725327889958983        0.0000000000000000     
  0.82703209472445860       -1.9300577633898099        0.0000000000000000     
  0.97644335606147292       -1.8781641030792631        0.0000000000000000     
   1.1382098844032225       -1.8181436711600898        0.0000000000000000     
  -2.2999999999999998       -1.0000000000000000        0.0000000000000000     
  -2.1831453306564383       -1.0000000000000000        0.0000000000000000     
  -2.0652091589860415       -1.0000000000000000        0.0000000000000000     
  -1.9452551581385289       -1.0000000000000000        0.0000000000000000     
  -1.8232615414246616       -1.0000000000000000        0.0000000000000000     
  -1.7000000000000000       -1.0000000000000000        0.0000000000000000     
  -1.7459838940793835      -0.90803221184123306        0.0000000000000000     
  -1.7929083539599082      -0.81418329208018347        0.0000000000000000     
  -1.8417200966881377      -0.71655980662372443        0.0000000000000000     
  -1.8927690862105082      -0.61446182757898360        0.0000000000000000     
  -1.9458021379946353      -0.50839572401072941        0.0000000000000000     
  -2.0000000000000000      -0.40000000000000002        0.0000000000000000     
  -2.0610955263975956      -0.52219105279519107        0.0000000000000000     
  -2.1218087830214127      -0.64361756604282605        0.0000000000000000     
  -2.1818168555769604      -0.76363371115392109        0.0000000000000000     
  -2.2411234993239511      -0.88224699864790246        0.0000000000000000     
  -1.8301513203370918       -2.9180629700914436        0.0000000000000000     
 -0.93208516325553703       -1.9283893999959152        0.0000000000000000     
   1.0031436901863617       -2.0794706497058564        0.0000000000000000     
  0.33096927693621880       -1.7709420284532313        0.0000000000000000     
     6       7       1     660       1       4
     7     921       1      19       2       4
    14     921       1      55       3       1
     6      14       1      18       4       2
     1       2       2     594       1       4
     2      67       2       5       2       4
    66      67       2       4       3       1
     1      66       2       3       4       1
    66      68       3       4       2       4
     7      68       3      19       3       1
     1       7       3     593       4      -4
    67       8       4       6       2       4
    68       8       4      20       3       1
     2       3       5     595       1       4
     3      69       5       7       2      -1
    67      69       5       6       3       1
    69      70       6       7       2       4
     8      70       6      22       3       1
     3       9       7       9       2       4
    70       9       7      23       3       1
     3       4       8     596       1       4
     4      72       8      11       2       4
    71      72       8      10       3       1
     3      71       8       9       4       1
    71      73       9      10       2       4
     9      73       9      28       3       1
    72      10      10      12       2       4
    73      10      10      29       3       1
     4       5      11     597       1       4
     5      74      11      13       2      -1
    72      74      11      12       3       1
    74      75      12      13       2       4
    10      75      12      36       3       1
     5      11      13      14       2       4
    75      11      13      37       3       1
     5      76      14     598       1       4
    76      78      14      15       2       4
    11      78      14      42       3       1
    76      77      15     599       1       4
    77      12      15      16       2       4
    78      12      15      43       3       1
    77      79      16     600       1       4
    79      80      16     601       2       4
    12      80      16      46       3       1
    81      83      17     658       1       4
    83      84      17      18       2       4
    13      84      17      51       3       1
    81      13      17     657       4      -4
    83       6      18     659       1       4
    84      14      18      52       3       1
    68      85      19      20       2       4
   921      85      19     815       3      -3
     8      86      20      22       2       4
    85      86      20      21       3       1
    86      16      21      24       2       4
    15      16      21      58       3       1
    85      15      21     815       4      -4
    70      87      22      23       2       4
    86      87      22      24       3       1
     9      88      23      28       2       4
    87      88      23      25       3       1
    87      89      24      26       2       4
    16      89      24      61       3       1
    88      91      25      30       2       4
    90      91      25      27       3       1
    87      90      25      26       4       1
    90      92      26      27       2       4
    89      92      26      64       3       1
    91      17      27      31       2       4
    92      17      27      65       3       1
    73      93      28      29       2       4
    88      93      28      30       3       1
    10      94      29      36       2       4
    93      94      29      33       3       1
    93      96      30      32       2      -1
    91      96      30      31       3       1
    96      97      31      32       2       4
    17      97      31      81       3       1
    93      95      32      34       2       4
    97      95      32      82       3       1
    94      99      33      39       2       4
    98      99      33      35       3       1
    93      98      33      34       4       1
    98     100      34      35       2       4
    95     100      34      89       3       1
    99      18      35      40       2       4
   100      18      35      90       3       1
    75     101      36      37       2       4
    94     101      36      39       3       1
    11     102      37      42       2       4
   101     102      37      38       3       1
   102      19      38      44       2       4
   103      19      38     119       3       1
   101     103      38      41       4       2
   101     104      39      41       2      -1
    99     104      39      40       3       1
   104     105      40      41       2       4
    18     105      40     120       3       1
   105     103      41     121       3       1
    78     106      42      43       2       4
   102     106      42      44       3       1
    12     107      43      46       2       4
   106     107      43      45       3       1
   106     108      44      45       2       4
    19     108      44     126       3       1
   107      20      45      47       2       4
   108      20      45     127       3       1
    80     109      46     602       2       4
   107     109      46      47       3       1
   109     111      47      48       2       4
    20     111      47     132       3       1
   109     110      48     603       1       4
   110      21      48     604       2       4
   111      21      48     133       3       1
    82      13      49     656       1       4
    13     114      49      51       2       4
   113     114      49      50       3       1
    82     113      49     655       4      -4
   114      22      50      53       2       4
   115      22      50     138       3       1
   113     115      50     654       4      -4
    84     116      51      52       2       4
   114     116      51      53       3       1
    14     117      52      55       2       4
   116     117      52      54       3       1
   116     118      53      54       2       4
    22     118      53     140       3       1
   117      23      54      56       2       4
   118      23      54     141       3       1
   921     119      55     815       2      -2
   117     119      55      56       3       1
   119     120      56      57       2       4
    23     120      56     146       3       1
   119      15      57     815       1      -1
    15      24      57      59       2       4
   120      24      57     149       3       1
    16     122      58      62       2       4
   121     122      58      60       3       1
    15     121      58      59       4       1
   121     123      59      60       2       4
    24     123      59     158       3       1
   122     922      60      70       2       4
   123     922      60     161       3       1
    89     128      61      64       2       4
   127     128      61      63       3       1
    16     127      61      62       4       1
   127     129      62      63       2       4
   122     129      62      70       3       1
   128     124      63      66       2       4
   129     124      63      71       3       1
    92     130      64      65       2       4
   128     130      64      66       3       1
    17     131      65      81       2       4
   130     131      65      67       3       1
   130     132      66      68       2       4
   124     132      66      73       3       1
   131     134      67      83       2       4
   133     134      67      69       3       1
   130     133      67      68       4       1
   133     135      68      69       2       4
   132     135      68      75       3       1
   134     125      69      84       2       4
   135     125      69      76       3       1
   129     136      70      71       2       4
   922     136      70     816       3      -3
   124     137      71      73       2       4
   136     137      71      72       3       1
   137     126      72      74       2       4
    25     126      72     218       3       1
   136      25      72     816       4      -4
   132     138      73      75       2       4
   137     138      73      74       3       1
   138     140      74      79       2       4
   126     140      74     221       3       1
   135     141      75      76       2       4
   138     141      75      77       3      -4
   125     142      76      95       2       4
   141     142      76      77       3       1
   142     139      77      97       2       4
   138     139      77      78       3       1
   139     144      78     109       2       4
   143     144      78      80       3       1
   138     143      78      79       4       1
   143     145      79      80       2       4
   140     145      79     224       3       1
   144      26      80     110       2       4
   145      26      80     225       3       1
    97     148      81      82       2       4
   131     148      81      83       3       1
    95     149      82      89       2       4
   148     149      82      86       3       1
   148     151      83      85       2      -1
   134     151      83      84       3       1
   151     152      84      85       2       4
   125     152      84      95       3       1
   148     150      85      87       2       4
   152     150      85      96       3       1
   149     154      86      92       2       4
   153     154      86      88       3       1
   148     153      86      87       4       1
   153     155      87      88       2       4
   150     155      87     101       3       1
   154     146      88      93       2       4
   155     146      88     104       3       1
   100     156      89      90       2       4
   149     156      89      92       3       1
    18     157      90     120       2       4
   156     157      90      91       3       1
   157     147      91     122       2       4
   158     147      91     791       3       1
   156     158      91      94       4       2
   156     159      92      94       2      -1
   154     159      92      93       3       1
   159     160      93      94       2       4
   146     160      93     118       3       1
   160     158      94     790       3       1
   152     163      95      96       2       4
   142     163      95      97       3       1
   150     164      96     102       2       4
   163     164      96      98       3       1
   163     165      97      99       2       4
   139     165      97     109       3       1
   164     167      98     107       2       4
   166     167      98     100       3       1
   163     166      98      99       4       1
   166     168      99     100       2       4
   165     168      99     112       3       1
   167     161     100     108       2       4
   168     161     100     113       3       1
   155     172     101     104       2       4
   171     172     101     103       3       1
   150     171     101     102       4       1
   171     173     102     103       2       4
   164     173     102     107       3       1
   172     169     103     105       2       4
   173     169     103     785       3       1
   146     174     104     106       2      -1
   172     174     104     105       3       1
   174     175     105     106       2       4
   169     175     105     786       3       1
   146     170     106     118       2       4
   175     170     106     787       3       1
   173     176     107     784       2      -1
   167     176     107     108       3       1
   176     177     108     783       2      -1
   161     177     108     116       3       1
   165     178     109     112       2       4
   144     178     109     110       3       1
   178     180     110     111       2       4
    26     180     110     238       3       1
   178     179     111     114       1       3
   179     162     111     115       2       4
   180     162     111     239       3       1
   168     181     112     113       2       4
   178     181     112     114       3      -4
   161     182     113     116       2       4
   181     182     113     114       3       1
   182     179     114     117       2       4
   179     183     115     117       1       3
   183     184     115     780       2      -1
   162     184     115     241       3       1
   177     185     116     782       2      -1
   182     185     116     117       3       1
   185     183     117     781       2      -1
   160     186     118     789       2      -1
   170     186     118     788       3       1
    19     188     119     126       2       4
   187     188     119     123       3       1
   103     187     119     121       4       2
   105     190     120     121       2       4
   157     190     120     122       3       1
   190     187     121     817       3      -4
   190     923     122     817       2       3
   147     923     122     792       3       1
   188     192     123     129       2       4
   191     192     123     125       3       1
   187     191     123     124       4       1
   191     193     124     125       2       4
   189     193     124     794       3       1
   187     189     124     817       4       1
   192      27     125     130       2       4
   193      27     125     732       3       1
   108     194     126     127       2       4
   188     194     126     129       3       1
    20     195     127     132       2       4
   194     195     127     128       3       1
   195      28     128     134       2       4
   196      28     128     331       3       1
   194     196     128     131       4       2
   194     197     129     131       2      -1
   192     197     129     130       3       1
   197     198     130     131       2       4
    27     198     130     733       3       1
   198     196     131     330       3       1
   111     199     132     133       2       4
   195     199     132     134       3       1
    21     200     133     136       2       4
   199     200     133     135       3       1
   199     201     134     135       2       4
    28     201     134     333       3       1
   200      29     135     137       2       4
   201      29     135     334       3       1
    21     112     136     605       1       4
   112     202     136     606       2       4
   200     202     136     137       3       1
   202     203     137     607       2       4
    29     203     137     338       3       1
    22     205     138     140       2       4
   204     205     138     139       3       1
   115     204     138     653       4      -4
   205      30     139     142       2       4
   206      30     139     348       3       1
   204     206     139     652       4      -4
   118     207     140     141       2       4
   205     207     140     142       3       1
    23     208     141     147       2       4
   207     208     141     143       3       1
   207     209     142     144       2       4
    30     209     142     350       3       1
   208     211     143     152       2       4
   210     211     143     145       3       1
   207     210     143     144       4       1
   210     212     144     145       2       4
   209     212     144     353       3       1
   211      31     145     795       2      -2
   212      31     145     354       3       1
   120     216     146     149       2       4
   215     216     146     148       3       1
    23     215     146     147       4       1
   215     217     147     148       2       4
   208     217     147     152       3       1
   216     213     148     150       2       4
   217     213     148     153       3       1
    24     218     149     151       2      -1
   216     218     149     150       3       1
   218     219     150     151       2       4
   213     219     150     155       3       1
    24     214     151     159       2       4
   219     214     151     156       3       1
   217     220     152     153       2       4
   211     220     152     796       3       1
   213     221     153     155       2       4
   220     221     153     154       3       1
   221     223     154     157       2       4
   222     223     154     798       3       1
   220     222     154     797       4       1
   219     224     155     156       2       4
   221     224     155     157       3       1
   214     225     156     164       2       4
   224     225     156     801       3       1
   224     226     157     800       2      -1
   223     226     157     799       3       1
   123     231     158     161       2       4
   230     231     158     160       3       1
    24     230     158     159       4       1
   230     232     159     160       2       4
   214     232     159     164       3       1
   231     227     160     162       2       4
   232     227     160     165       3       1
   922     233     161     816       2      -2
   231     233     161     162       3       1
   233     234     162     163       2       4
   227     234     162     170       3       1
   233      25     163     816       1      -1
    25     228     163     219       2       4
   234     228     163     173       3       1
   232     235     164     165       2       4
   225     235     164     166       3       1
   227     236     165     171       2       4
   235     236     165     167       3       1
   235     237     166     168       2       4
    32     237     166     374       3       1
   225      32     166     801       4       2
   236     239     167     177       2       4
   238     239     167     169       3       1
   235     238     167     168       4       1
   238     240     168     169       2       4
   237     240     168     377       3       1
   239     229     169     182       2       4
   240     229     169     378       3       1
   234     244     170     173       2       4
   243     244     170     172       3       1
   227     243     170     171       4       1
   243     245     171     172       2       4
   236     245     171     176       3       1
   244     241     172     174       2       4
   245     241     172     179       3       1
   228     246     173     175       2      -1
   244     246     173     174       3       1
   246     247     174     175       2       4
   241     247     174     197       3       1
   228     242     175     227       2       4
   247     242     175     200       3       1
   245     252     176     179       2       4
   251     252     176     178       3       1
   236     251     176     177       4       1
   251     253     177     178       2       4
   239     253     177     182       3       1
   252     248     178     180       2       4
   253     248     178     183       3       1
   241     254     179     181       2      -1
   252     254     179     180       3       1
   254     255     180     181       2       4
   248     255     180     185       3       1
   241     249     181     198       2       4
   255     249     181     188       3       1
   253     256     182     183       2       4
   229     256     182     184       3      -4
   248     257     183     186       2       4
   256     257     183     184       3       1
   257     250     184     191       2       4
   229     250     184     380       3       1
   255     262     185     188       2       4
   261     262     185     187       3       1
   248     261     185     186       4       1
   261     263     186     187       2       4
   257     263     186     191       3       1
   262     258     187     189       2       4
   263     258     187     192       3       1
   249     264     188     190       2      -1
   262     264     188     189       3       1
   264     265     189     190       2       4
   258     265     189     194       3       1
   249     259     190     204       2       4
   265     259     190     195       3       1
   263     266     191     192       2       4
   250     266     191     193       3      -4
   258     267     192     194       2       4
   266     267     192     193       3       1
   267     260     193     196       2       4
   250     260     193     383       3       1
   265     268     194     195       2       4
   267     268     194     196       3       1
   259     269     195     209       2       4
   268     269     195     707       3       1
   268     270     196     706       2      -2
   260     270     196     386       3       1
   247     275     197     200       2       4
   274     275     197     199       3       1
   241     274     197     198       4       1
   274     276     198     199       2       4
   249     276     198     203       3       1
   275     271     199     201       2       4
   276     271     199     206       3       1
   242     277     200     202       2      -1
   275     277     200     201       3       1
   277     278     201     202       2       4
   271     278     201     215       3       1
   242     272     202     230       2       4
   278     272     202     216       3       1
   276     283     203     206       2       4
   282     283     203     205       3       1
   249     282     203     204       4       1
   282     284     204     205       2       4
   259     284     204     209       3       1
   283     279     205     207       2       4
   284     279     205     210       3       1
   271     285     206     208       2      -1
   283     285     206     207       3       1
   285     286     207     208       2       4
   279     286     207     212       3       1
   271     280     208     215       2       4
   286     280     208     213       3       1
   284     287     209     210       2       4
   269     287     209     708       3       1
   279     288     210     212       2       4
   287     288     210     211       3       1
   288     281     211     214       2       4
   289     281     211     710       3       1
   287     289     211     709       4       1
   286     290     212     213       2       4
   288     290     212     214       3       1
   280     273     213     217       2       4
   290     273     213     214       3       2
   281     273     214     711       3       1
   278     291     215     216       2       4
   280     291     215     217       3       1
   272      33     216     231       2       4
   291      33     216     217       3       2
   273      33     217     401       3       1
   126     296     218     221       2       4
   295     296     218     220       3       1
    25     295     218     219       4       1
   295     297     219     220       2       4
   228     297     219     227       3       1
   296     292     220     222       2       4
   297     292     220     228       3       1
   140     298     221     224       2       4
   296     298     221     222       3       1
   298     300     222     223       2       4
   292     300     222     233       3       1
   298     299     223     226       1       3
   299     293     223     236       2       4
   300     293     223     234       3       1
   145     301     224     225       2       4
   298     301     224     226       3      -4
    26     302     225     238       2       4
   301     302     225     226       3       1
   302     299     226     240       2       4
   297     303     227     228       2       4
   242     303     227     230       3       1
   292     304     228     233       2       4
   303     304     228     229       3       1
   304     294     229     235       2       4
   305     294     229     413       3       1
   303     305     229     232       4       2
   303     306     230     232       2      -1
   272     306     230     231       3       1
   306     307     231     232       2       4
    33     307     231     415       3       1
   307     305     232     416       3       1
   300     308     233     234       2       4
   304     308     233     235       3       1
   293      34     234     251       2       4
   308      34     234     235       3       2
   294      34     235     418       3       1
   299     312     236     240       1       3
   312     314     236     237       2       4
   293     314     236     251       3       1
   312     313     237     242       1       3
   313     309     237     245       2       4
   314     309     237     252       3       1
   180     315     238     239       2       4
   302     315     238     240       3       1
   162     312     239     241       2       4
   315     312     239     240       3       2
   184     924     241     779       2      -1
   312     924     241     242       3      -4
   924     316     242     778       1      -1
   316     313     242     243       2       4
   316     319     243     777       1      -1
   319     321     243     244       2       4
   313     321     243     245       3       1
   319     320     244     776       1      -1
   320     317     244     775       2      -1
   321     317     244     246       3       1
   321     323     245     246       2       4
   309     323     245     247       3      -4
   317     324     246     248       2       4
   323     324     246     247       3       1
   324     318     247     249       2       4
   309     318     247     254       3       1
   317     322     248     774       1      -1
   322     325     248     773       2      -1
   324     325     248     249       3       1
   325     327     249     250       2       4
   318     327     249     256       3       1
   325     326     250     772       1      -1
   326     310     250     262       2       4
   327     310     250     257       3       1
   314     328     251     252       2       4
    34     328     251     253       3      -4
   309     329     252     254       2       4
   328     329     252     253       3       1
   329     311     253     255       2       4
    34     311     253     425       3       1
   318     330     254     256       2       4
   329     330     254     255       3       1
   330     332     255     260       2       4
   311     332     255     428       3       1
   327     333     256     257       2       4
   330     333     256     258       3      -4
   310     334     257     263       2       4
   333     334     257     258       3       1
   334     331     258     265       2       4
   330     331     258     259       3       1
   331     336     259     274       2       4
   335     336     259     261       3       1
   330     335     259     260       4       1
   335     337     260     261       2       4
   332     337     260     430       3       1
   336      35     261     282       2       4
   337      35     261     431       3       1
   326     340     262     771       1      -1
   340     341     262     770       2      -1
   310     341     262     263       3       1
   341     344     263     264       2       4
   334     344     263     265       3       1
   341     339     264     769       1      -1
   339     345     264     768       2      -1
   344     345     264     266       3       1
   344     346     265     267       2       4
   331     346     265     273       3       1
   345     348     266     270       2       4
   347     348     266     268       3       1
   344     347     266     267       4       1
   347     349     267     268       2       4
   346     349     267     276       3       1
   348     342     268     271       2       4
   349     342     268     277       3       1
   350     351     269     766       1      -1
   351     343     269     765       2      -1
   352     343     269     302       3       1
   350     352     269     272       4       2
   345     350     270     767       1      -1
   350     353     270     272       2      -1
   348     353     270     271       3       1
   353     354     271     272       2       4
   342     354     271     296       3       1
   354     352     272     297       3       1
   346     359     273     276       2       4
   358     359     273     275       3       1
   331     358     273     274       4       1
   358     360     274     275       2       4
   336     360     274     282       3       1
   359     355     275     278       2       4
   360     355     275     283       3       1
   349     361     276     277       2       4
   359     361     276     278       3       1
   342     362     277     296       2       4
   361     362     277     279       3       1
   361     363     278     280       2       4
   355     363     278     285       3       1
   362     365     279     299       2       4
   364     365     279     281       3       1
   361     364     279     280       4       1
   364     366     280     281       2       4
   363     366     280     288       3       1
   365     356     281     300       2       4
   366     356     281     289       3       1
   360     367     282     283       2       4
    35     367     282     284       3      -4
   355     368     283     286       2       4
   367     368     283     284       3       1
   368     357     284     294       2       4
    35     357     284     662       3       1
   363     372     285     288       2       4
   371     372     285     287       3       1
   355     371     285     286       4       1
   371     373     286     287       2       4
   368     373     286     294       3       1
   372     369     287     290       2       4
   373     369     287     295       3       1
   366     374     288     289       2       4
   372     374     288     290       3       1
   356     375     289     305       2       4
   374     375     289     291       3       1
   374     376     290     292       2       4
   369     376     290     666       3       1
   375     378     291     308       2       4
   377     378     291     293       3       1
   374     377     291     292       4       1
   377     379     292     293       2       4
   376     379     292     667       3       1
   378     370     293     309       2       4
   379     370     293     668       3       1
   373     380     294     295       2       4
   357     380     294     663       3       1
   369     381     295     665       2      -1
   380     381     295     664       3       1
   354     387     296     297       2       4
   362     387     296     299       3       1
   352     388     297     302       2       4
   387     388     297     298       3       1
   388     384     298     303       2       4
   389     384     298     311       3       1
   387     389     298     301       4       2
   387     390     299     301       2      -1
   365     390     299     300       3       1
   390     391     300     301       2       4
   356     391     300     305       3       1
   391     389     301     306       3       1
   343     392     302     304       2      -1
   388     392     302     303       3       1
   392     393     303     304       2       4
   384     393     303     322       3       1
   343     385     304     325       2       4
   393     385     304     323       3       1
   391     397     305     306       2       4
   375     397     305     308       3       1
   389     398     306     311       2       4
   397     398     306     307       3       1
   398     394     307     312       2       4
   399     394     307     314       3       1
   397     399     307     310       4       2
   397     400     308     310       2      -1
   378     400     308     309       3       1
   400     401     309     310       2       4
   370     401     309     316       3       1
   401     399     310     317       3       1
   384     402     311     313       2      -1
   398     402     311     312       3       1
   402     403     312     313       2       4
   394     403     312     319       3       1
   384     395     313     322       2       4
   403     395     313     320       3       1
   394     405     314     319       2       4
   404     405     314     315       3       1
   399     404     314     317       4       2
   405     396     315     321       2       4
   406     396     315     437       3       1
   404     406     315     672       4       1
   401     407     316     317       2       4
   383     407     316     318       3       1
   370     383     316     669       4       1
   407     404     317     318       3       2
   382     404     318     671       3       1
   383     382     318     670       4       1
   403     408     319     320       2       4
   405     408     319     321       3       1
   395     386     320     324       2       4
   408     386     320     321       3       2
   396     386     321     435       3       1
   393     409     322     323       2       4
   395     409     322     324       3       1
   385     338     323     327       2       4
   409     338     323     324       3       2
   386     338     324     438       3       1
   343     412     325     764       1      -1
   412     413     325     326       2       4
   385     413     325     327       3       1
   412     410     326     763       1      -1
   410     414     326     762       2      -1
   413     414     326     328       3       1
   413     415     327     328       2       4
   338     415     327     450       3       1
   414     411     328     329       2       4
   415     411     328     451       3       1
   414     416     329     761       1      -1
   416     417     329     760       2      -1
   411     417     329     453       3       1
   196     420     330     331       2       4
   419     420     330     735       3       1
   198     419     330     734       4       1
    28     421     331     332       2      -1
   420     421     331     736       3       1
    28     418     332     333       2       4
   422     418     332     738       3       1
   421     422     332     737       4       1
   201     423     333     334       2       4
   418     423     333     739       3       1
    29     424     334     339       2       4
   423     424     334     335       3       1
   424     427     335     342       2       4
   426     427     335     337       3       1
   423     426     335     336       4       1
   426     428     336     337       2       4
   425     428     336     741       3       1
   423     425     336     740       4       1
   427      37     337     344       2       4
   428      37     337     465       3       1
   203     432     338     608       2       4
   431     432     338     340       3       1
    29     431     338     339       4       1
   431     433     339     340       2       4
   424     433     339     342       3       1
   432     429     340     341       2       4
   433     429     340     343       3       1
   432     434     341     609       1       4
   434     435     341     610       2       4
   429     435     341     346       3       1
   433     436     342     343       2       4
   427     436     342     344       3       1
   429     437     343     346       2       4
   436     437     343     345       3       1
   436     438     344     345       2       4
    37     438     344     472       3       1
   437     430     345     347       2       4
   438     430     345     473       3       1
   435     439     346     611       2       4
   437     439     346     347       3       1
   439     440     347     612       2       4
   430     440     347     476       3       1
    30     442     348     351       2       4
   441     442     348     349       3       1
   206     441     348     651       4      -4
   442      38     349     357       2       4
   443      38     349     483       3       1
   441     443     349     650       4      -4
   209     448     350     353       2       4
   447     448     350     352       3       1
    30     447     350     351       4       1
   447     449     351     352       2       4
   442     449     351     357       3       1
   448     444     352     355       2       4
   449     444     352     358       3       1
   212     450     353     354       2       4
   448     450     353     355       3       1
    31     451     354     364       2       4
   450     451     354     356       3       1
   450     452     355     356       2       4
   444     452     355     360       3       1
   451     445     356     365       2       4
   452     445     356     361       3       1
   449     453     357     358       2       4
    38     453     357     359       3      -4
   444     454     358     360       2       4
   453     454     358     359       3       1
   454     446     359     362       2       4
    38     446     359     485       3       1
   452     455     360     361       2       4
   454     455     360     362       3       1
   445     456     361     370       2       4
   455     456     361     363       3       1
   455     457     362     363       2       4
   446     457     362     488       3       1
   456      39     363     371       2       4
   457      39     363     489       3       1
    31     461     364     795       1      -1
   461     462     364     814       2      -1
   451     462     364     365       3       1
   462     463     365     813       2      -1
   445     463     365     366       3      -4
   463     464     366     812       1      -1
   464     460     366     811       2      -1
   445     460     366     370       3       1
   467      32     367     802       1      -1
    32     465     367     374       2       4
   468     465     367     368       3       1
   467     468     367     803       4       1
   465     458     368     375       2       4
   470     458     368     369       3       2
   468     470     368     804       4       1
   469     470     369     805       1      -1
   466     458     369     372       3       1
   469     466     369     806       4       1
   460     471     370     810       2      -1
   456     471     370     371       3       1
   471     472     371     809       2       3
    39     472     371     493       3       1
   458     474     372     407       2       4
   473     474     372     373       3       1
   466     473     372     807       4       1
   474      40     373     409       2       4
   475      40     373     497       3       1
   473     475     373     808       4       1
   237     478     374     377       2       4
   465     478     374     375       3       1
   478     480     375     376       2       4
   458     480     375     407       3       1
   478     479     376     379       1       3
   479     476     376     404       2       4
   480     476     376     408       3       1
   240     481     377     378       2       4
   478     481     377     379       3      -4
   229     482     378     381       2       4
   481     482     378     379       3       1
   482     479     379     395       2       4
   250     490     380     384       2       4
   489     490     380     382       3       1
   229     489     380     381       4       1
   489     491     381     382       2       4
   482     491     381     395       3       1
   490     486     382     389       2       4
   491     486     382     396       3       1
   260     496     383     386       2       4
   495     496     383     385       3       1
   250     495     383     384       4       1
   495     497     384     385       2       4
   490     497     384     389       3       1
   496     492     385     387       2       4
   497     492     385     390       3       1
   270     498     386     706       2      -1
   496     498     386     387       3       1
   498     500     387     388       2       4
   492     500     387     392       3       1
   498     499     388     705       1      -1
   499     493     388     704       2      -1
   500     493     388     393       3       1
   497     501     389     390       2       4
   486     501     389     391       3      -4
   492     502     390     392       2       4
   501     502     390     391       3       1
   502     494     391     394       2       4
   486     494     391     398       3       1
   500     503     392     393       2       4
   502     503     392     394       3       1
   493     487     393     703       2      -1
   503     487     393     394       3       2
   494     487     394     399       3       1
   491     504     395     396       2       4
   479     504     395     397       3      -4
   486     505     396     398       2       4
   504     505     396     397       3       1
   505     488     397     400       2       4
   479     488     397     404       3       1
   494     506     398     399       2       4
   505     506     398     400       3       1
   487     483     399     702       2      -1
   506     483     399     400       3       2
   488     483     400     405       3       1
    33     509     401     402       2      -1
   508     509     401     713       3       1
   273     508     401     712       4       1
    33     507     402     415       2       4
   510     507     402     403       3       1
   509     510     402     714       4       1
   507     484     403     417       2       4
   511     484     403     716       3       1
   510     511     403     715       4       1
   488     512     404     405       2       4
   476     512     404     406       3      -4
   483     513     405     701       2      -1
   512     513     405     406       3       1
   513     485     406     700       2      -1
   476     485     406     411       3       1
   480     514     407     408       2       4
   474     514     407     409       3       1
   476     515     408     411       2       4
   514     515     408     410       3       1
   514     516     409     410       2       4
    40     516     409     501       3       1
   515     477     410     412       2       4
   516     477     410     502       3       1
   485     517     411     699       2      -1
   515     517     411     412       3       1
   517     518     412     698       2      -1
   477     518     412     504       3       1
   294     523     413     418       2       4
   522     523     413     414       3       1
   305     522     413     416       4       2
   523     519     414     419       2       4
   524     519     414     719       3       1
   522     524     414     718       4       1
   307     525     415     416       2       4
   507     525     415     417       3       1
   525     522     416     417       3       2
   484     522     417     717       3       1
    34     526     418     420       2      -1
   523     526     418     419       3       1
   526     527     419     420       2       4
   519     527     419     421       3       1
    34     520     420     426       2       4
   527     520     420     422       3       1
   527     529     421     422       2       4
   528     529     421     423       3       1
   519     528     421     720       4       1
   520     530     422     432       2       4
   529     530     422     424       3       1
   529     531     423     424       2       4
   521     531     423     722       3       1
   528     521     423     721       4       1
   530      42     424     434       2       4
   531      42     424     723       3       1
   311     534     425     428       2       4
   533     534     425     427       3       1
    34     533     425     426       4       1
   533     535     426     427       2       4
   520     535     426     432       3       1
   534     532     427     429       2       4
   535     532     427     433       3       1
   332     536     428     430       2       4
   534     536     428     429       3       1
   536     537     429     729       2      -1
   532     537     429     728       3       1
   337     538     430     431       2       4
   536     538     430     730       3       1
    35     539     431     661       2      -1
   538     539     431     731       3       1
   535     540     432     433       2       4
   530     540     432     434       3       1
   532     541     433     727       2      -1
   540     541     433     726       3       1
   540     542     434     725       2      -1
    42     542     434     724       3       1
   386     553     435     438       2       4
   552     553     435     436       3       1
   396     552     435     437       4       2
   553     549     436     439       2       4
   554     549     436     441       3       1
   552     554     436     675       4       1
   555     552     437     674       3       1
   406     555     437     673       4       1
   338     556     438     440       2      -1
   553     556     438     439       3       1
   556     557     439     440       2       4
   549     557     439     443       3       1
   338     550     440     450       2       4
   557     550     440     444       3       1
   549     559     441     443       2       4
   558     559     441     442       3       1
   554     558     441     676       4       1
   559     551     442     445       2       4
   546     551     442     446       3       1
   558     546     442     677       4       1
   557     560     443     444       2       4
   559     560     443     445       3       1
   550     547     444     452       2       4
   560     547     444     445       3       2
   551     547     445     447       3       1
   551     562     446     447       2       4
   561     562     446     448       3       1
   546     561     446     678       4       1
   547     543     447     449       2       4
   562     543     447     448       3       2
   548     543     448     455       3       1
   561     548     448     679       4       1
   547     563     449     452       1       3
   563     564     449     754       2      -1
   543     564     449     457       3       1
   415     565     450     451       2       4
   550     565     450     452       3       1
   411     563     451     453       2       4
   565     563     451     452       3       2
   417     566     453     454       2       4
   563     566     453     755       3       1
   417      36     454     759       1      -1
    36     567     454     757       2      -1
   566     567     454     756       3       1
   543     569     455     457       2       4
   568     569     455     456       3       1
   548     568     455     680       4       1
   569     545     456     459       2       4
   570     545     456     507       3       1
   568     570     456     681       4       1
   564     571     457     458       2       4
   569     571     457     459       3       1
   564     544     458     753       1      -1
   544     572     458     752       2      -1
   571     572     458     460       3       1
   571     573     459     460       2       4
   545     573     459     510       3       1
   572      43     460     461       2       4
   573      43     460     511       3       1
   572     575     461     751       1      -1
   575     577     461     462       2       4
    43     577     461     522       3       1
   575     576     462     750       1      -1
   576     574     462     463       2       4
   577     574     462     523       3       1
   576     578     463     749       1      -1
   578     580     463     464       2       4
   574     580     463     525       3       1
   578     579     464     748       1      -1
   579      44     464     467       2       4
   580      44     464     526       3       1
    37     585     465     472       2       4
   584     585     465     466       3       1
   428     584     465     742       4       1
   585     582     466     474       2       4
   586     582     466     470       3       1
   584     586     466     743       4       1
   579     587     467     747       1      -1
   587     589     467     468       2       4
    44     589     467     531       3       1
   587     588     468     746       1      -1
   588     583     468     471       2       4
   589     583     468     532       3       1
   581     586     469     744       1      -1
   586     590     469     470       2       4
   588     590     469     471       3       1
   581     588     469     745       4       1
   582      45     470     478       2       4
   590      45     470     471       3       2
   583      45     471     528       3       1
   438     593     472     473       2       4
   585     593     472     474       3       1
   430     594     473     476       2       4
   593     594     473     475       3       1
   593     595     474     475       2       4
   582     595     474     478       3       1
   594     591     475     477       2       4
   595     591     475     479       3       1
   440     596     476     613       2       4
   594     596     476     477       3       1
   596     597     477     614       2       4
   591     597     477     481       3       1
   595     598     478     479       2       4
    45     598     478     480       3      -4
   591     599     479     481       2       4
   598     599     479     480       3       1
   599     592     480     482       2       4
    45     592     480     534       3       1
   597     600     481     615       2       4
   599     600     481     482       3       1
   600     601     482     616       2       4
   592     601     482     536       3       1
    38     603     483     485       2       4
   602     603     483     484       3       1
   443     602     483     649       4      -4
   603      46     484     486       2       4
   604      46     484     647       3      -4
   602     604     484     648       4      -4
   446     605     485     488       2       4
   603     605     485     486       3       1
   605     607     486     487       2       4
    46     607     486     537       3       1
   605     606     487     490       1       3
   606      47     487     491       2       4
   607      47     487     538       3       1
   457     608     488     489       2       4
   605     608     488     490       3      -4
    39     609     489     493       2       4
   608     609     489     490       3       1
   609     606     490     495       2       4
   606     610     491     495       1       3
   610     612     491     492       2       4
    47     612     491     540       3       1
   610     611     492     498       1       3
   611      48     492     499       2       4
   612      48     492     541       3       1
   472     613     493     494       2       4
   609     613     493     495       3       1
   472     459     494     809       1      -2
   459     610     494     496       2       4
   613     610     494     495       3       2
   459     475     496     808       1      -2
   475     614     496     497       2       4
   610     614     496     498       3      -4
    40     615     497     501       2       4
   614     615     497     498       3       1
   615     611     498     503       2       4
   611     616     499     503       1       3
   616     618     499     500       2       4
    48     618     499     544       3       1
   616     617     500     506       1       3
   617      49     500     694       2      -1
   618      49     500     545       3       1
   516     619     501     502       2       4
   615     619     501     503       3       1
   477     616     502     504       2       4
   619     616     502     503       3       2
   518     620     504     505       2       4
   616     620     504     506       3      -4
   518      41     505     697       1      -1
    41     621     505     696       2      -1
   620     621     505     506       3       1
   621     617     506     695       2      -1
   545     628     507     510       2       4
   627     628     507     509       3       1
   570     627     507     682       4       1
   623     627     508     683       1      -1
   627     629     508     509       2       4
   622     629     508     514       3       1
   623     622     508     684       4       1
   628     624     509     512       2       4
   629     624     509     515       3       1
   573     630     510     511       2       4
   628     630     510     512       3       1
    43     631     511     522       2       4
   630     631     511     513       3       1
   630     632     512     513       2       4
   624     632     512     517       3       1
   631     625     513     524       2       4
   632     625     513     518       3       1
   629     633     514     515       2       4
    50     633     514     516       3      -4
   622      50     514     685       4       1
   624     634     515     517       2       4
   633     634     515     516       3       1
   634     626     516     519       2       4
    50     626     516     550       3       1
   632     635     517     518       2       4
   634     635     517     519       3       1
   625      51     518     520       2       4
   635      51     518     519       3       2
   626      51     519     551       3       1
   625     636     520     524       1       3
   636     638     520     521       2       4
    51     638     520     554       3       1
   636     637     521     527       1       3
   637      52     521     529       2       4
   638      52     521     555       3       1
   577     639     522     523       2       4
   631     639     522     524       3       1
   574     636     523     525       2       4
   639     636     523     524       3       2
   580     640     525     526       2       4
   636     640     525     527       3      -4
    44     641     526     531       2       4
   640     641     526     527       3       1
   641     637     527     533       2       4
    45     643     528     534       2       4
   642     643     528     530       3       1
   583     642     528     532       4       2
   637     642     529     533       1       3
   642     644     529     530       2       4
    52     644     529     558       3       1
   643      53     530     535       2       4
   644      53     530     559       3       1
   589     645     531     532       2       4
   641     645     531     533       3       1
   645     642     532     533       3       2
   592     646     534     536       2       4
   643     646     534     535       3       1
   646     647     535     619       2       4
    53     647     535     620       3      -4
   601     648     536     617       2       4
   646     648     536     618       3      -4
   607     650     537     538       2       4
   649     650     537     645       3      -4
    46     649     537     646       4      -4
    47     651     538     540       2       4
   650     651     538     539       3       1
   651      54     539     542       2       4
   652      54     539     561       3       1
   650     652     539     644       4      -4
   612     653     540     541       2       4
   651     653     540     542       3       1
    48     654     541     544       2       4
   653     654     541     543       3       1
   653     655     542     543       2       4
    54     655     542     562       3       1
   654      55     543     546       2       4
   655      55     543     563       3       1
   618     656     544     545       2       4
   654     656     544     546       3       1
    49     657     545     693       2      -1
   656     657     545     547       3       1
   656     658     546     547       2       4
    55     658     546     565       3       1
   657      56     547     548       2       4
   658      56     547     566       3       1
   657     659     548     692       1      -1
   659     660     548     691       2      -1
    56     660     548     569       3       1
   661     662     549     687       1      -1
   662      58     549     552       2       4
   663      58     549     574       3       1
   661     663     549     688       4       1
   626     664     550     551       2       4
   662     664     550     552       3       1
    50     662     550     686       4       1
    51     665     551     554       2       4
   664     665     551     553       3       1
   664     666     552     553       2       4
    58     666     552     577       3       1
   665      59     553     556       2       4
   666      59     553     578       3       1
   638     667     554     555       2       4
   665     667     554     556       3       1
    52     668     555     558       2       4
   667     668     555     557       3       1
   667     669     556     557       2       4
    59     669     556     581       3       1
   668      60     557     560       2       4
   669      60     557     582       3       1
   644     670     558     559       2       4
   668     670     558     560       3       1
    53     671     559     621       2       4
   670     671     559     622       3      -4
   670     672     560     623       2       4
    60     672     560     584       3       1
    54     674     561     562       2       4
   673     674     561     642       3      -4
   652     673     561     643       4      -4
   655     675     562     563       2       4
   674     675     562     641       3      -4
    55     676     563     565       2       4
   675     676     563     564       3       1
   676      61     564     567       2       4
   677      61     564     639       3      -4
   675     677     564     640       4      -4
   658     678     565     566       2       4
   676     678     565     567       3       1
    56     679     566     569       2       4
   678     679     566     568       3       1
   678     680     567     568       2       4
    61     680     567     585       3       1
   679      62     568     571       2       4
   680      62     568     586       3       1
   660     681     569     570       2       4
   679     681     569     571       3       1
   660      57     570     690       1      -1
    57     682     570     573       2       4
   681     682     570     572       3       1
   681     683     571     572       2       4
    62     683     571     587       3       1
   682      63     572     575       2       4
   683      63     572     588       3       1
    57     663     573     689       1      -1
   663     684     573     574       2       4
   682     684     573     575       3       1
    58     685     574     577       2       4
   684     685     574     576       3       1
   684     686     575     576       2       4
    63     686     575     589       3       1
   685      64     576     579       2       4
   686      64     576     590       3       1
   666     687     577     578       2       4
   685     687     577     579       3       1
    59     688     578     581       2       4
   687     688     578     580       3       1
   687     689     579     580       2       4
    64     689     579     591       3       1
   688      65     580     583       2       4
   689      65     580     592       3       1
   669     690     581     582       2       4
   688     690     581     583       3       1
    60     691     582     584       2       4
   690     691     582     626       3      -4
   690     692     583     627       2       4
    65     692     583     628       3      -4
   672     693     584     624       2       4
   691     693     584     625       3      -4
   680     695     585     586       2       4
   694     695     585     637       3      -4
    61     694     585     638       4      -4
    62     696     586     587       2       4
   695     696     586     636       3      -4
   683     697     587     588       2       4
   696     697     587     635       3      -4
    63     698     588     589       2       4
   697     698     588     634       3      -4
   686     699     589     590       2       4
   698     699     589     633       3      -4
    64     700     590     591       2       4
   699     700     590     632       3      -4
   689     701     591     592       2       4
   700     701     591     631       3      -4
    65     702     592     629       2       4
   701     702     592     630       3      -4
     7     703     593     660       1       3
   703     704     593       0       2       0
     1     704     593     594       3       1
   704     705     594       0       2       0
     2     705     594     595       3       1
   705     706     595       0       2       0
     3     706     595     596       3       1
   706     707     596       0       2       0
     4     707     596     597       3       1
   707     708     597       0       2       0
     5     708     597     598       3       1
   708     709     598       0       2       0
    76     709     598     599       3       1
   709     710     599       0       2       0
    77     710     599     600       3       1
   710     711     600       0       2       0
    79     711     600     601       3       1
   711     712     601       0       2       0
    80     712     601     602       3       1
   712     713     602       0       2       0
   109     713     602     603       3       1
   713     714     603       0       2       0
   110     714     603     604       3       1
   714     715     604       0       2       0
    21     715     604     605       3       1
   715     716     605       0       2       0
   112     716     605     606       3       1
   716     717     606       0       2       0
   202     717     606     607       3       1
   717     718     607       0       2       0
   203     718     607     608       3       1
   718     719     608       0       2       0
   432     719     608     609       3       1
   719     720     609       0       2       0
   434     720     609     610       3       1
   720     721     610       0       2       0
   435     721     610     611       3       1
   721     722     611       0       2       0
   439     722     611     612       3       1
   722     723     612       0       2       0
   440     723     612     613       3       1
   723     724     613       0       2       0
   596     724     613     614       3       1
   724     725     614       0       2       0
   597     725     614     615       3       1
   725     726     615       0       2       0
   600     726     615     616       3       1
   726     727     616       0       2       0
   601     727     616     617       3       1
   727     728     617       0       2       0
   648     728     617     618       3       1
   728     729     618       0       2       0
   646     729     618     619       3       1
   729     730     619       0       2       0
   647     730     619     620       3       1
   730     731     620       0       2       0
    53     731     620     621       3       1
   731     732     621       0       2       0
   671     732     621     622       3       1
   732     733     622       0       2       0
   670     733     622     623       3       1
   733     734     623       0       2       0
   672     734     623     624       3       1
   734     735     624       0       2       0
   693     735     624     625       3       1
   735     736     625       0       2       0
   691     736     625     626       3       1
   736     737     626       0       2       0
   690     737     626     627       3       1
   737     738     627       0       2       0
   692     738     627     628       3       1
   738     739     628       0       2       0
    65     739     628     629       3       1
   739     740     629       0       2       0
   702     740     629     630       3       1
   740     741     630       0       2       0
   701     741     630     631       3       1
   741     742     631       0       2       0
   700     742     631     632       3       1
   742     743     632       0       2       0
   699     743     632     633       3       1
   743     744     633       0       2       0
   698     744     633     634       3       1
   744     745     634       0       2       0
   697     745     634     635       3       1
   745     746     635       0       2       0
   696     746     635     636       3       1
   746     747     636       0       2       0
   695     747     636     637       3       1
   747     748     637       0       2       0
   694     748     637     638       3       1
   748     749     638       0       2       0
    61     749     638     639       3       1
   749     750     639       0       2       0
   677     750     639     640       3       1
   750     751     640       0       2       0
   675     751     640     641       3       1
   751     752     641       0       2       0
   674     752     641     642       3       1
   752     753     642       0       2       0
   673     753     642     643       3       1
   753     754     643       0       2       0
   652     754     643     644       3       1
   754     755     644       0       2       0
   650     755     644     645       3       1
   755     756     645       0       2       0
   649     756     645     646       3       1
   756     757     646       0       2       0
    46     757     646     647       3       1
   757     758     647       0       2       0
   604     758     647     648       3       1
   758     759     648       0       2       0
   602     759     648     649       3       1
   759     760     649       0       2       0
   443     760     649     650       3       1
   760     761     650       0       2       0
   441     761     650     651       3       1
   761     762     651       0       2       0
   206     762     651     652       3       1
   762     763     652       0       2       0
   204     763     652     653       3       1
   763     764     653       0       2       0
   115     764     653     654       3       1
   764     765     654       0       2       0
   113     765     654     655       3       1
   765     766     655       0       2       0
    82     766     655     656       3       1
   766     767     656       0       2       0
    13     767     656     657       3       1
   767     768     657       0       2       0
    81     768     657     658       3       1
   768     769     658       0       2       0
    83     769     658     659       3       1
   769     770     659       0       2       0
     6     770     659     660       3       1
   770     703     660       0       2       0
    35     772     661     662       2       4
   771     772     661       0       3       0
   539     771     661     731       4       2
   357     773     662     663       2       4
   772     773     662       0       3       0
   380     774     663     664       2       4
   773     774     663       0       3       0
   381     775     664     665       2       4
   774     775     664       0       3       0
   369     776     665     666       2       4
   775     776     665       0       3       0
   376     777     666     667       2       4
   776     777     666       0       3       0
   379     778     667     668       2       4
   777     778     667       0       3       0
   370     779     668     669       2       4
   778     779     668       0       3       0
   383     780     669     670       2       4
   779     780     669       0       3       0
   382     781     670     671       2       4
   780     781     670       0       3       0
   404     782     671     672       2       4
   781     782     671       0       3       0
   406     783     672     673       2       4
   782     783     672       0       3       0
   555     784     673     674       2       4
   783     784     673       0       3       0
   552     785     674     675       2       4
   784     785     674       0       3       0
   554     786     675     676       2       4
   785     786     675       0       3       0
   558     787     676     677       2       4
   786     787     676       0       3       0
   546     788     677     678       2       4
   787     788     677       0       3       0
   561     789     678     679       2       4
   788     789     678       0       3       0
   548     790     679     680       2       4
   789     790     679       0       3       0
   568     791     680     681       2       4
   790     791     680       0       3       0
   570     792     681     682       2       4
   791     792     681       0       3       0
   627     793     682     683       2       4
   792     793     682       0       3       0
   623     794     683     684       2       4
   793     794     683       0       3       0
   622     795     684     685       2       4
   794     795     684       0       3       0
    50     796     685     686       2       4
   795     796     685       0       3       0
   662     797     686     687       2       4
   796     797     686       0       3       0
   661     798     687     688       2       4
   797     798     687       0       3       0
   663     799     688     689       2       4
   798     799     688       0       3       0
    57     800     689     690       2       4
   799     800     689       0       3       0
   660     801     690     691       2       4
   800     801     690       0       3       0
   659     802     691     692       2       4
   801     802     691       0       3       0
   657     803     692     693       2       4
   802     803     692       0       3       0
    49     804     693     694       2       4
   803     804     693       0       3       0
   617     805     694     695       2       4
   804     805     694       0       3       0
   621     806     695     696       2       4
   805     806     695       0       3       0
    41     807     696     697       2       4
   806     807     696       0       3       0
   518     808     697     698       2       4
   807     808     697       0       3       0
   517     809     698     699       2       4
   808     809     698       0       3       0
   485     810     699     700       2       4
   809     810     699       0       3       0
   513     811     700     701       2       4
   810     811     700       0       3       0
   483     812     701     702       2       4
   811     812     701       0       3       0
   487     813     702     703       2       4
   812     813     702       0       3       0
   493     814     703     704       2       4
   813     814     703       0       3       0
   499     815     704     705       2       4
   814     815     704       0       3       0
   498     816     705     706       2       4
   815     816     705       0       3       0
   816     268     706     707       3      -4
   269     817     707     708       2       4
   816     817     707       0       3       0
   287     818     708     709       2       4
   817     818     708       0       3       0
   289     819     709     710       2       4
   818     819     709       0       3       0
   281     820     710     711       2       4
   819     820     710       0       3       0
   273     821     711     712       2       4
   820     821     711       0       3       0
   508     822     712     713       2       4
   821     822     712       0       3       0
   509     823     713     714       2       4
   822     823     713       0       3       0
   510     824     714     715       2       4
   823     824     714       0       3       0
   511     825     715     716       2       4
   824     825     715       0       3       0
   484     826     716     717       2       4
   825     826     716       0       3       0
   522     827     717     718       2       4
   826     827     717       0       3       0
   524     828     718     719       2       4
   827     828     718       0       3       0
   519     829     719     720       2       4
   828     829     719       0       3       0
   528     830     720     721       2       4
   829     830     720       0       3       0
   521     831     721     722       2       4
   830     831     721       0       3       0
   531     832     722     723       2       4
   831     832     722       0       3       0
    42     833     723     724       2       4
   832     833     723       0       3       0
   542     834     724     725       2       4
   833     834     724       0       3       0
   540     835     725     726       2       4
   834     835     725       0       3       0
   541     836     726     727       2       4
   835     836     726       0       3       0
   532     837     727     728       2       4
   836     837     727       0       3       0
   537     838     728     729       2       4
   837     838     728       0       3       0
   536     839     729     730       2       4
   838     839     729       0       3       0
   538     840     730     731       2       4
   839     840     730       0       3       0
   840     771     731       0       3       0
    27     842     732     733       2       4
   841     842     732       0       3       0
   193     841     732     794       4       2
   198     843     733     734       2       4
   842     843     733       0       3       0
   419     844     734     735       2       4
   843     844     734       0       3       0
   420     845     735     736       2       4
   844     845     735       0       3       0
   421     846     736     737       2       4
   845     846     736       0       3       0
   422     847     737     738       2       4
   846     847     737       0       3       0
   418     848     738     739       2       4
   847     848     738       0       3       0
   423     849     739     740       2       4
   848     849     739       0       3       0
   425     850     740     741       2       4
   849     850     740       0       3       0
   428     851     741     742       2       4
   850     851     741       0       3       0
   584     852     742     743       2       4
   851     852     742       0       3       0
   586     853     743     744       2       4
   852     853     743       0       3       0
   581     854     744     745       2       4
   853     854     744       0       3       0
   588     855     745     746       2       4
   854     855     745       0       3       0
   587     856     746     747       2       4
   855     856     746       0       3       0
   579     857     747     748       2       4
   856     857     747       0       3       0
   578     858     748     749       2       4
   857     858     748       0       3       0
   576     859     749     750       2       4
   858     859     749       0       3       0
   575     860     750     751       2       4
   859     860     750       0       3       0
   572     861     751     752       2       4
   860     861     751       0       3       0
   544     862     752     753       2       4
   861     862     752       0       3       0
   564     863     753     754       2       4
   862     863     753       0       3       0
   563     864     754     755       2       4
   863     864     754       0       3       0
   566     865     755     756       2       4
   864     865     755       0       3       0
   567     866     756     757       2       4
   865     866     756       0       3       0
    36     867     757     758       2       4
   866     867     757       0       3       0
    36     869     758     759       1       4
   869     868     758       0       2       0
   867     868     758       0       3       0
   417     870     759     760       2       4
   869     870     759       0       3       0
   416     871     760     761       2       4
   870     871     760       0       3       0
   414     872     761     762       2       4
   871     872     761       0       3       0
   410     873     762     763       2       4
   872     873     762       0       3       0
   412     874     763     764       2       4
   873     874     763       0       3       0
   343     875     764     765       2       4
   874     875     764       0       3       0
   351     876     765     766       2       4
   875     876     765       0       3       0
   350     877     766     767       2       4
   876     877     766       0       3       0
   345     878     767     768       2       4
   877     878     767       0       3       0
   339     879     768     769       2       4
   878     879     768       0       3       0
   341     880     769     770       2       4
   879     880     769       0       3       0
   340     881     770     771       2       4
   880     881     770       0       3       0
   326     882     771     772       2       4
   881     882     771       0       3       0
   325     883     772     773       2       4
   882     883     772       0       3       0
   322     884     773     774       2       4
   883     884     773       0       3       0
   317     885     774     775       2       4
   884     885     774       0       3       0
   320     886     775     776       2       4
   885     886     775       0       3       0
   319     887     776     777       2       4
   886     887     776       0       3       0
   316     888     777     778       2       4
   887     888     777       0       3       0
   924     889     778     779       2       4
   888     889     778       0       3       0
   184     890     779     780       2       4
   889     890     779       0       3       0
   183     891     780     781       2       4
   890     891     780       0       3       0
   185     892     781     782       2       4
   891     892     781       0       3       0
   177     893     782     783       2       4
   892     893     782       0       3       0
   176     894     783     784       2       4
   893     894     783       0       3       0
   173     895     784     785       2       4
   894     895     784       0       3       0
   169     896     785     786       2       4
   895     896     785       0       3       0
   175     897     786     787       2       4
   896     897     786       0       3       0
   170     898     787     788       2       4
   897     898     787       0       3       0
   186     899     788     789       2       4
   898     899     788       0       3       0
   160     900     789     790       2       4
   899     900     789       0       3       0
   158     901     790     791       2       4
   900     901     790       0       3       0
   147     902     791     792       2       4
   901     902     791       0       3       0
   923     903     792     793       2       4
   902     903     792       0       3       0
   923     189     793     817       1      -2
   189     904     793     794       2       4
   903     904     793       0       3       0
   904     841     794       0       3       0
   905     211     795     796       3      -4
   461     905     795     814       4       2
   220     906     796     797       2       4
   905     906     796       0       3       0
   222     907     797     798       2       4
   906     907     797       0       3       0
   223     908     798     799       2       4
   907     908     798       0       3       0
   226     909     799     800       2       4
   908     909     799       0       3       0
   224     910     800     801       2       4
   909     910     800       0       3       0
   910      32     801     802       3      -4
   467     911     802     803       2       4
   910     911     802       0       3       0
   468     912     803     804       2       4
   911     912     803       0       3       0
   470     913     804     805       2       4
   912     913     804       0       3       0
   469     914     805     806       2       4
   913     914     805       0       3       0
   466     915     806     807       2       4
   914     915     806       0       3       0
   473     916     807     808       2       4
   915     916     807       0       3       0
   916     459     808     809       3       1
   916     471     809     810       4      -4
   460     917     810     811       2       4
   916     917     810       0       3       0
   464     918     811     812       2       4
   917     918     811       0       3       0
   463     919     812     813       2       4
   918     919     812       0       3       0
   462     920     813     814       2       4
   919     920     813       0       3       0
   920     905     814       0       3       0
           6           7         921          14
           0           0           0           0
 --- --- --- --- 
           1           2          67          66
           0           0           0           0
 --- --- --- --- 
           1          66          68           7
           0           0           0           0
 --- --- --- --- 
          66          67           8          68
           0           0           0           0
 --- --- --- --- 
           2           3          69          67
           0           0           0           0
 --- --- --- --- 
          67          69          70           8
           0           0           0           0
 --- --- --- --- 
          69           3           9          70
           0           0           0           0
 --- --- --- --- 
           3           4          72          71
           0           0           0           0
 --- --- --- --- 
           3          71          73           9
           0           0           0           0
 --- --- --- --- 
          71          72          10          73
           0           0           0           0
 --- --- --- --- 
           4           5          74          72
           0           0           0           0
 --- --- --- --- 
          72          74          75          10
           0           0           0           0
 --- --- --- --- 
          74           5          11          75
           0           0           0           0
 --- --- --- --- 
           5          76          78          11
           0           0           0           0
 --- --- --- --- 
          76          77          12          78
           0           0           0           0
 --- --- --- --- 
          77          79          80          12
           0           0           0           0
 --- --- --- --- 
          81          83          84          13
           0           0           0           0
 --- --- --- --- 
          83           6          14          84
           0           0           0           0
 --- --- --- --- 
           7          68          85         921
           0           0           0           0
 --- --- --- --- 
          68           8          86          85
           0           0           0           0
 --- --- --- --- 
          85          86          16          15
           0           0           0           0
 --- --- --- --- 
           8          70          87          86
           0           0           0           0
 --- --- --- --- 
          70           9          88          87
           0           0           0           0
 --- --- --- --- 
          86          87          89          16
           0           0           0           0
 --- --- --- --- 
          87          88          91          90
           0           0           0           0
 --- --- --- --- 
          87          90          92          89
           0           0           0           0
 --- --- --- --- 
          90          91          17          92
           0           0           0           0
 --- --- --- --- 
           9          73          93          88
           0           0           0           0
 --- --- --- --- 
          73          10          94          93
           0           0           0           0
 --- --- --- --- 
          88          93          96          91
           0           0           0           0
 --- --- --- --- 
          91          96          97          17
           0           0           0           0
 --- --- --- --- 
          96          93          95          97
           0           0           0           0
 --- --- --- --- 
          93          94          99          98
           0           0           0           0
 --- --- --- --- 
          93          98         100          95
           0           0           0           0
 --- --- --- --- 
          98          99          18         100
           0           0           0           0
 --- --- --- --- 
          10          75         101          94
           0           0           0           0
 --- --- --- --- 
          75          11         102         101
           0           0           0           0
 --- --- --- --- 
         101         102          19         103
           0           0           0           0
 --- --- --- --- 
          94         101         104          99
           0           0           0           0
 --- --- --- --- 
          99         104         105          18
           0           0           0           0
 --- --- --- --- 
         104         101         103         105
           0           0           0           0
 --- --- --- --- 
          11          78         106         102
           0           0           0           0
 --- --- --- --- 
          78          12         107         106
           0           0           0           0
 --- --- --- --- 
         102         106         108          19
           0           0           0           0
 --- --- --- --- 
         106         107          20         108
           0           0           0           0
 --- --- --- --- 
          12          80         109         107
           0           0           0           0
 --- --- --- --- 
         107         109         111          20
           0           0           0           0
 --- --- --- --- 
         109         110          21         111
           0           0           0           0
 --- --- --- --- 
          82          13         114         113
           0           0           0           0
 --- --- --- --- 
         113         114          22         115
           0           0           0           0
 --- --- --- --- 
          13          84         116         114
           0           0           0           0
 --- --- --- --- 
          84          14         117         116
           0           0           0           0
 --- --- --- --- 
         114         116         118          22
           0           0           0           0
 --- --- --- --- 
         116         117          23         118
           0           0           0           0
 --- --- --- --- 
          14         921         119         117
           0           0           0           0
 --- --- --- --- 
         117         119         120          23
           0           0           0           0
 --- --- --- --- 
         119          15          24         120
           0           0           0           0
 --- --- --- --- 
          15          16         122         121
           0           0           0           0
 --- --- --- --- 
          15         121         123          24
           0           0           0           0
 --- --- --- --- 
         121         122         922         123
           0           0           0           0
 --- --- --- --- 
          16          89         128         127
           0           0           0           0
 --- --- --- --- 
          16         127         129         122
           0           0           0           0
 --- --- --- --- 
         127         128         124         129
           0           0           0           0
 --- --- --- --- 
          89          92         130         128
           0           0           0           0
 --- --- --- --- 
          92          17         131         130
           0           0           0           0
 --- --- --- --- 
         128         130         132         124
           0           0           0           0
 --- --- --- --- 
         130         131         134         133
           0           0           0           0
 --- --- --- --- 
         130         133         135         132
           0           0           0           0
 --- --- --- --- 
         133         134         125         135
           0           0           0           0
 --- --- --- --- 
         122         129         136         922
           0           0           0           0
 --- --- --- --- 
         129         124         137         136
           0           0           0           0
 --- --- --- --- 
         136         137         126          25
           0           0           0           0
 --- --- --- --- 
         124         132         138         137
           0           0           0           0
 --- --- --- --- 
         137         138         140         126
           0           0           0           0
 --- --- --- --- 
         132         135         141         138
           0           0           0           0
 --- --- --- --- 
         135         125         142         141
           0           0           0           0
 --- --- --- --- 
         141         142         139         138
           0           0           0           0
 --- --- --- --- 
         138         139         144         143
           0           0           0           0
 --- --- --- --- 
         138         143         145         140
           0           0           0           0
 --- --- --- --- 
         143         144          26         145
           0           0           0           0
 --- --- --- --- 
          17          97         148         131
           0           0           0           0
 --- --- --- --- 
          97          95         149         148
           0           0           0           0
 --- --- --- --- 
         131         148         151         134
           0           0           0           0
 --- --- --- --- 
         134         151         152         125
           0           0           0           0
 --- --- --- --- 
         151         148         150         152
           0           0           0           0
 --- --- --- --- 
         148         149         154         153
           0           0           0           0
 --- --- --- --- 
         148         153         155         150
           0           0           0           0
 --- --- --- --- 
         153         154         146         155
           0           0           0           0
 --- --- --- --- 
          95         100         156         149
           0           0           0           0
 --- --- --- --- 
         100          18         157         156
           0           0           0           0
 --- --- --- --- 
         156         157         147         158
           0           0           0           0
 --- --- --- --- 
         149         156         159         154
           0           0           0           0
 --- --- --- --- 
         154         159         160         146
           0           0           0           0
 --- --- --- --- 
         159         156         158         160
           0           0           0           0
 --- --- --- --- 
         125         152         163         142
           0           0           0           0
 --- --- --- --- 
         152         150         164         163
           0           0           0           0
 --- --- --- --- 
         142         163         165         139
           0           0           0           0
 --- --- --- --- 
         163         164         167         166
           0           0           0           0
 --- --- --- --- 
         163         166         168         165
           0           0           0           0
 --- --- --- --- 
         166         167         161         168
           0           0           0           0
 --- --- --- --- 
         150         155         172         171
           0           0           0           0
 --- --- --- --- 
         150         171         173         164
           0           0           0           0
 --- --- --- --- 
         171         172         169         173
           0           0           0           0
 --- --- --- --- 
         155         146         174         172
           0           0           0           0
 --- --- --- --- 
         172         174         175         169
           0           0           0           0
 --- --- --- --- 
         174         146         170         175
           0           0           0           0
 --- --- --- --- 
         164         173         176         167
           0           0           0           0
 --- --- --- --- 
         167         176         177         161
           0           0           0           0
 --- --- --- --- 
         139         165         178         144
           0           0           0           0
 --- --- --- --- 
         144         178         180          26
           0           0           0           0
 --- --- --- --- 
         178         179         162         180
           0           0           0           0
 --- --- --- --- 
         165         168         181         178
           0           0           0           0
 --- --- --- --- 
         168         161         182         181
           0           0           0           0
 --- --- --- --- 
         181         182         179         178
           0           0           0           0
 --- --- --- --- 
         179         183         184         162
           0           0           0           0
 --- --- --- --- 
         161         177         185         182
           0           0           0           0
 --- --- --- --- 
         182         185         183         179
           0           0           0           0
 --- --- --- --- 
         146         160         186         170
           0           0           0           0
 --- --- --- --- 
         103          19         188         187
           0           0           0           0
 --- --- --- --- 
          18         105         190         157
           0           0           0           0
 --- --- --- --- 
         105         103         187         190
           0           0           0           0
 --- --- --- --- 
         157         190         923         147
           0           0           0           0
 --- --- --- --- 
         187         188         192         191
           0           0           0           0
 --- --- --- --- 
         187         191         193         189
           0           0           0           0
 --- --- --- --- 
         191         192          27         193
           0           0           0           0
 --- --- --- --- 
          19         108         194         188
           0           0           0           0
 --- --- --- --- 
         108          20         195         194
           0           0           0           0
 --- --- --- --- 
         194         195          28         196
           0           0           0           0
 --- --- --- --- 
         188         194         197         192
           0           0           0           0
 --- --- --- --- 
         192         197         198          27
           0           0           0           0
 --- --- --- --- 
         197         194         196         198
           0           0           0           0
 --- --- --- --- 
          20         111         199         195
           0           0           0           0
 --- --- --- --- 
         111          21         200         199
           0           0           0           0
 --- --- --- --- 
         195         199         201          28
           0           0           0           0
 --- --- --- --- 
         199         200          29         201
           0           0           0           0
 --- --- --- --- 
          21         112         202         200
           0           0           0           0
 --- --- --- --- 
         200         202         203          29
           0           0           0           0
 --- --- --- --- 
         115          22         205         204
           0           0           0           0
 --- --- --- --- 
         204         205          30         206
           0           0           0           0
 --- --- --- --- 
          22         118         207         205
           0           0           0           0
 --- --- --- --- 
         118          23         208         207
           0           0           0           0
 --- --- --- --- 
         205         207         209          30
           0           0           0           0
 --- --- --- --- 
         207         208         211         210
           0           0           0           0
 --- --- --- --- 
         207         210         212         209
           0           0           0           0
 --- --- --- --- 
         210         211          31         212
           0           0           0           0
 --- --- --- --- 
          23         120         216         215
           0           0           0           0
 --- --- --- --- 
          23         215         217         208
           0           0           0           0
 --- --- --- --- 
         215         216         213         217
           0           0           0           0
 --- --- --- --- 
         120          24         218         216
           0           0           0           0
 --- --- --- --- 
         216         218         219         213
           0           0           0           0
 --- --- --- --- 
         218          24         214         219
           0           0           0           0
 --- --- --- --- 
         208         217         220         211
           0           0           0           0
 --- --- --- --- 
         217         213         221         220
           0           0           0           0
 --- --- --- --- 
         220         221         223         222
           0           0           0           0
 --- --- --- --- 
         213         219         224         221
           0           0           0           0
 --- --- --- --- 
         219         214         225         224
           0           0           0           0
 --- --- --- --- 
         221         224         226         223
           0           0           0           0
 --- --- --- --- 
          24         123         231         230
           0           0           0           0
 --- --- --- --- 
          24         230         232         214
           0           0           0           0
 --- --- --- --- 
         230         231         227         232
           0           0           0           0
 --- --- --- --- 
         123         922         233         231
           0           0           0           0
 --- --- --- --- 
         231         233         234         227
           0           0           0           0
 --- --- --- --- 
         233          25         228         234
           0           0           0           0
 --- --- --- --- 
         214         232         235         225
           0           0           0           0
 --- --- --- --- 
         232         227         236         235
           0           0           0           0
 --- --- --- --- 
         225         235         237          32
           0           0           0           0
 --- --- --- --- 
         235         236         239         238
           0           0           0           0
 --- --- --- --- 
         235         238         240         237
           0           0           0           0
 --- --- --- --- 
         238         239         229         240
           0           0           0           0
 --- --- --- --- 
         227         234         244         243
           0           0           0           0
 --- --- --- --- 
         227         243         245         236
           0           0           0           0
 --- --- --- --- 
         243         244         241         245
           0           0           0           0
 --- --- --- --- 
         234         228         246         244
           0           0           0           0
 --- --- --- --- 
         244         246         247         241
           0           0           0           0
 --- --- --- --- 
         246         228         242         247
           0           0           0           0
 --- --- --- --- 
         236         245         252         251
           0           0           0           0
 --- --- --- --- 
         236         251         253         239
           0           0           0           0
 --- --- --- --- 
         251         252         248         253
           0           0           0           0
 --- --- --- --- 
         245         241         254         252
           0           0           0           0
 --- --- --- --- 
         252         254         255         248
           0           0           0           0
 --- --- --- --- 
         254         241         249         255
           0           0           0           0
 --- --- --- --- 
         239         253         256         229
           0           0           0           0
 --- --- --- --- 
         253         248         257         256
           0           0           0           0
 --- --- --- --- 
         256         257         250         229
           0           0           0           0
 --- --- --- --- 
         248         255         262         261
           0           0           0           0
 --- --- --- --- 
         248         261         263         257
           0           0           0           0
 --- --- --- --- 
         261         262         258         263
           0           0           0           0
 --- --- --- --- 
         255         249         264         262
           0           0           0           0
 --- --- --- --- 
         262         264         265         258
           0           0           0           0
 --- --- --- --- 
         264         249         259         265
           0           0           0           0
 --- --- --- --- 
         257         263         266         250
           0           0           0           0
 --- --- --- --- 
         263         258         267         266
           0           0           0           0
 --- --- --- --- 
         266         267         260         250
           0           0           0           0
 --- --- --- --- 
         258         265         268         267
           0           0           0           0
 --- --- --- --- 
         265         259         269         268
           0           0           0           0
 --- --- --- --- 
         267         268         270         260
           0           0           0           0
 --- --- --- --- 
         241         247         275         274
           0           0           0           0
 --- --- --- --- 
         241         274         276         249
           0           0           0           0
 --- --- --- --- 
         274         275         271         276
           0           0           0           0
 --- --- --- --- 
         247         242         277         275
           0           0           0           0
 --- --- --- --- 
         275         277         278         271
           0           0           0           0
 --- --- --- --- 
         277         242         272         278
           0           0           0           0
 --- --- --- --- 
         249         276         283         282
           0           0           0           0
 --- --- --- --- 
         249         282         284         259
           0           0           0           0
 --- --- --- --- 
         282         283         279         284
           0           0           0           0
 --- --- --- --- 
         276         271         285         283
           0           0           0           0
 --- --- --- --- 
         283         285         286         279
           0           0           0           0
 --- --- --- --- 
         285         271         280         286
           0           0           0           0
 --- --- --- --- 
         259         284         287         269
           0           0           0           0
 --- --- --- --- 
         284         279         288         287
           0           0           0           0
 --- --- --- --- 
         287         288         281         289
           0           0           0           0
 --- --- --- --- 
         279         286         290         288
           0           0           0           0
 --- --- --- --- 
         286         280         273         290
           0           0           0           0
 --- --- --- --- 
         288         290         273         281
           0           0           0           0
 --- --- --- --- 
         271         278         291         280
           0           0           0           0
 --- --- --- --- 
         278         272          33         291
           0           0           0           0
 --- --- --- --- 
         280         291          33         273
           0           0           0           0
 --- --- --- --- 
          25         126         296         295
           0           0           0           0
 --- --- --- --- 
          25         295         297         228
           0           0           0           0
 --- --- --- --- 
         295         296         292         297
           0           0           0           0
 --- --- --- --- 
         126         140         298         296
           0           0           0           0
 --- --- --- --- 
         296         298         300         292
           0           0           0           0
 --- --- --- --- 
         298         299         293         300
           0           0           0           0
 --- --- --- --- 
         140         145         301         298
           0           0           0           0
 --- --- --- --- 
         145          26         302         301
           0           0           0           0
 --- --- --- --- 
         301         302         299         298
           0           0           0           0
 --- --- --- --- 
         228         297         303         242
           0           0           0           0
 --- --- --- --- 
         297         292         304         303
           0           0           0           0
 --- --- --- --- 
         303         304         294         305
           0           0           0           0
 --- --- --- --- 
         242         303         306         272
           0           0           0           0
 --- --- --- --- 
         272         306         307          33
           0           0           0           0
 --- --- --- --- 
         306         303         305         307
           0           0           0           0
 --- --- --- --- 
         292         300         308         304
           0           0           0           0
 --- --- --- --- 
         300         293          34         308
           0           0           0           0
 --- --- --- --- 
         304         308          34         294
           0           0           0           0
 --- --- --- --- 
         299         312         314         293
           0           0           0           0
 --- --- --- --- 
         312         313         309         314
           0           0           0           0
 --- --- --- --- 
          26         180         315         302
           0           0           0           0
 --- --- --- --- 
         180         162         312         315
           0           0           0           0
 --- --- --- --- 
         302         315         312         299
           0           0           0           0
 --- --- --- --- 
         162         184         924         312
           0           0           0           0
 --- --- --- --- 
         924         316         313         312
           0           0           0           0
 --- --- --- --- 
         316         319         321         313
           0           0           0           0
 --- --- --- --- 
         319         320         317         321
           0           0           0           0
 --- --- --- --- 
         313         321         323         309
           0           0           0           0
 --- --- --- --- 
         321         317         324         323
           0           0           0           0
 --- --- --- --- 
         323         324         318         309
           0           0           0           0
 --- --- --- --- 
         317         322         325         324
           0           0           0           0
 --- --- --- --- 
         324         325         327         318
           0           0           0           0
 --- --- --- --- 
         325         326         310         327
           0           0           0           0
 --- --- --- --- 
         293         314         328          34
           0           0           0           0
 --- --- --- --- 
         314         309         329         328
           0           0           0           0
 --- --- --- --- 
         328         329         311          34
           0           0           0           0
 --- --- --- --- 
         309         318         330         329
           0           0           0           0
 --- --- --- --- 
         329         330         332         311
           0           0           0           0
 --- --- --- --- 
         318         327         333         330
           0           0           0           0
 --- --- --- --- 
         327         310         334         333
           0           0           0           0
 --- --- --- --- 
         333         334         331         330
           0           0           0           0
 --- --- --- --- 
         330         331         336         335
           0           0           0           0
 --- --- --- --- 
         330         335         337         332
           0           0           0           0
 --- --- --- --- 
         335         336          35         337
           0           0           0           0
 --- --- --- --- 
         326         340         341         310
           0           0           0           0
 --- --- --- --- 
         310         341         344         334
           0           0           0           0
 --- --- --- --- 
         341         339         345         344
           0           0           0           0
 --- --- --- --- 
         334         344         346         331
           0           0           0           0
 --- --- --- --- 
         344         345         348         347
           0           0           0           0
 --- --- --- --- 
         344         347         349         346
           0           0           0           0
 --- --- --- --- 
         347         348         342         349
           0           0           0           0
 --- --- --- --- 
         350         351         343         352
           0           0           0           0
 --- --- --- --- 
         345         350         353         348
           0           0           0           0
 --- --- --- --- 
         348         353         354         342
           0           0           0           0
 --- --- --- --- 
         353         350         352         354
           0           0           0           0
 --- --- --- --- 
         331         346         359         358
           0           0           0           0
 --- --- --- --- 
         331         358         360         336
           0           0           0           0
 --- --- --- --- 
         358         359         355         360
           0           0           0           0
 --- --- --- --- 
         346         349         361         359
           0           0           0           0
 --- --- --- --- 
         349         342         362         361
           0           0           0           0
 --- --- --- --- 
         359         361         363         355
           0           0           0           0
 --- --- --- --- 
         361         362         365         364
           0           0           0           0
 --- --- --- --- 
         361         364         366         363
           0           0           0           0
 --- --- --- --- 
         364         365         356         366
           0           0           0           0
 --- --- --- --- 
         336         360         367          35
           0           0           0           0
 --- --- --- --- 
         360         355         368         367
           0           0           0           0
 --- --- --- --- 
         367         368         357          35
           0           0           0           0
 --- --- --- --- 
         355         363         372         371
           0           0           0           0
 --- --- --- --- 
         355         371         373         368
           0           0           0           0
 --- --- --- --- 
         371         372         369         373
           0           0           0           0
 --- --- --- --- 
         363         366         374         372
           0           0           0           0
 --- --- --- --- 
         366         356         375         374
           0           0           0           0
 --- --- --- --- 
         372         374         376         369
           0           0           0           0
 --- --- --- --- 
         374         375         378         377
           0           0           0           0
 --- --- --- --- 
         374         377         379         376
           0           0           0           0
 --- --- --- --- 
         377         378         370         379
           0           0           0           0
 --- --- --- --- 
         368         373         380         357
           0           0           0           0
 --- --- --- --- 
         373         369         381         380
           0           0           0           0
 --- --- --- --- 
         342         354         387         362
           0           0           0           0
 --- --- --- --- 
         354         352         388         387
           0           0           0           0
 --- --- --- --- 
         387         388         384         389
           0           0           0           0
 --- --- --- --- 
         362         387         390         365
           0           0           0           0
 --- --- --- --- 
         365         390         391         356
           0           0           0           0
 --- --- --- --- 
         390         387         389         391
           0           0           0           0
 --- --- --- --- 
         352         343         392         388
           0           0           0           0
 --- --- --- --- 
         388         392         393         384
           0           0           0           0
 --- --- --- --- 
         392         343         385         393
           0           0           0           0
 --- --- --- --- 
         356         391         397         375
           0           0           0           0
 --- --- --- --- 
         391         389         398         397
           0           0           0           0
 --- --- --- --- 
         397         398         394         399
           0           0           0           0
 --- --- --- --- 
         375         397         400         378
           0           0           0           0
 --- --- --- --- 
         378         400         401         370
           0           0           0           0
 --- --- --- --- 
         400         397         399         401
           0           0           0           0
 --- --- --- --- 
         389         384         402         398
           0           0           0           0
 --- --- --- --- 
         398         402         403         394
           0           0           0           0
 --- --- --- --- 
         402         384         395         403
           0           0           0           0
 --- --- --- --- 
         399         394         405         404
           0           0           0           0
 --- --- --- --- 
         404         405         396         406
           0           0           0           0
 --- --- --- --- 
         370         401         407         383
           0           0           0           0
 --- --- --- --- 
         401         399         404         407
           0           0           0           0
 --- --- --- --- 
         383         407         404         382
           0           0           0           0
 --- --- --- --- 
         394         403         408         405
           0           0           0           0
 --- --- --- --- 
         403         395         386         408
           0           0           0           0
 --- --- --- --- 
         405         408         386         396
           0           0           0           0
 --- --- --- --- 
         384         393         409         395
           0           0           0           0
 --- --- --- --- 
         393         385         338         409
           0           0           0           0
 --- --- --- --- 
         395         409         338         386
           0           0           0           0
 --- --- --- --- 
         343         412         413         385
           0           0           0           0
 --- --- --- --- 
         412         410         414         413
           0           0           0           0
 --- --- --- --- 
         385         413         415         338
           0           0           0           0
 --- --- --- --- 
         413         414         411         415
           0           0           0           0
 --- --- --- --- 
         414         416         417         411
           0           0           0           0
 --- --- --- --- 
         198         196         420         419
           0           0           0           0
 --- --- --- --- 
         196          28         421         420
           0           0           0           0
 --- --- --- --- 
         421          28         418         422
           0           0           0           0
 --- --- --- --- 
          28         201         423         418
           0           0           0           0
 --- --- --- --- 
         201          29         424         423
           0           0           0           0
 --- --- --- --- 
         423         424         427         426
           0           0           0           0
 --- --- --- --- 
         423         426         428         425
           0           0           0           0
 --- --- --- --- 
         426         427          37         428
           0           0           0           0
 --- --- --- --- 
          29         203         432         431
           0           0           0           0
 --- --- --- --- 
          29         431         433         424
           0           0           0           0
 --- --- --- --- 
         431         432         429         433
           0           0           0           0
 --- --- --- --- 
         432         434         435         429
           0           0           0           0
 --- --- --- --- 
         424         433         436         427
           0           0           0           0
 --- --- --- --- 
         433         429         437         436
           0           0           0           0
 --- --- --- --- 
         427         436         438          37
           0           0           0           0
 --- --- --- --- 
         436         437         430         438
           0           0           0           0
 --- --- --- --- 
         429         435         439         437
           0           0           0           0
 --- --- --- --- 
         437         439         440         430
           0           0           0           0
 --- --- --- --- 
         206          30         442         441
           0           0           0           0
 --- --- --- --- 
         441         442          38         443
           0           0           0           0
 --- --- --- --- 
          30         209         448         447
           0           0           0           0
 --- --- --- --- 
          30         447         449         442
           0           0           0           0
 --- --- --- --- 
         447         448         444         449
           0           0           0           0
 --- --- --- --- 
         209         212         450         448
           0           0           0           0
 --- --- --- --- 
         212          31         451         450
           0           0           0           0
 --- --- --- --- 
         448         450         452         444
           0           0           0           0
 --- --- --- --- 
         450         451         445         452
           0           0           0           0
 --- --- --- --- 
         442         449         453          38
           0           0           0           0
 --- --- --- --- 
         449         444         454         453
           0           0           0           0
 --- --- --- --- 
         453         454         446          38
           0           0           0           0
 --- --- --- --- 
         444         452         455         454
           0           0           0           0
 --- --- --- --- 
         452         445         456         455
           0           0           0           0
 --- --- --- --- 
         454         455         457         446
           0           0           0           0
 --- --- --- --- 
         455         456          39         457
           0           0           0           0
 --- --- --- --- 
          31         461         462         451
           0           0           0           0
 --- --- --- --- 
         451         462         463         445
           0           0           0           0
 --- --- --- --- 
         463         464         460         445
           0           0           0           0
 --- --- --- --- 
         467          32         465         468
           0           0           0           0
 --- --- --- --- 
         468         465         458         470
           0           0           0           0
 --- --- --- --- 
         469         470         458         466
           0           0           0           0
 --- --- --- --- 
         445         460         471         456
           0           0           0           0
 --- --- --- --- 
         456         471         472          39
           0           0           0           0
 --- --- --- --- 
         466         458         474         473
           0           0           0           0
 --- --- --- --- 
         473         474          40         475
           0           0           0           0
 --- --- --- --- 
          32         237         478         465
           0           0           0           0
 --- --- --- --- 
         465         478         480         458
           0           0           0           0
 --- --- --- --- 
         478         479         476         480
           0           0           0           0
 --- --- --- --- 
         237         240         481         478
           0           0           0           0
 --- --- --- --- 
         240         229         482         481
           0           0           0           0
 --- --- --- --- 
         481         482         479         478
           0           0           0           0
 --- --- --- --- 
         229         250         490         489
           0           0           0           0
 --- --- --- --- 
         229         489         491         482
           0           0           0           0
 --- --- --- --- 
         489         490         486         491
           0           0           0           0
 --- --- --- --- 
         250         260         496         495
           0           0           0           0
 --- --- --- --- 
         250         495         497         490
           0           0           0           0
 --- --- --- --- 
         495         496         492         497
           0           0           0           0
 --- --- --- --- 
         260         270         498         496
           0           0           0           0
 --- --- --- --- 
         496         498         500         492
           0           0           0           0
 --- --- --- --- 
         498         499         493         500
           0           0           0           0
 --- --- --- --- 
         490         497         501         486
           0           0           0           0
 --- --- --- --- 
         497         492         502         501
           0           0           0           0
 --- --- --- --- 
         501         502         494         486
           0           0           0           0
 --- --- --- --- 
         492         500         503         502
           0           0           0           0
 --- --- --- --- 
         500         493         487         503
           0           0           0           0
 --- --- --- --- 
         502         503         487         494
           0           0           0           0
 --- --- --- --- 
         482         491         504         479
           0           0           0           0
 --- --- --- --- 
         491         486         505         504
           0           0           0           0
 --- --- --- --- 
         504         505         488         479
           0           0           0           0
 --- --- --- --- 
         486         494         506         505
           0           0           0           0
 --- --- --- --- 
         494         487         483         506
           0           0           0           0
 --- --- --- --- 
         505         506         483         488
           0           0           0           0
 --- --- --- --- 
         273          33         509         508
           0           0           0           0
 --- --- --- --- 
         509          33         507         510
           0           0           0           0
 --- --- --- --- 
         510         507         484         511
           0           0           0           0
 --- --- --- --- 
         479         488         512         476
           0           0           0           0
 --- --- --- --- 
         488         483         513         512
           0           0           0           0
 --- --- --- --- 
         512         513         485         476
           0           0           0           0
 --- --- --- --- 
         458         480         514         474
           0           0           0           0
 --- --- --- --- 
         480         476         515         514
           0           0           0           0
 --- --- --- --- 
         474         514         516          40
           0           0           0           0
 --- --- --- --- 
         514         515         477         516
           0           0           0           0
 --- --- --- --- 
         476         485         517         515
           0           0           0           0
 --- --- --- --- 
         515         517         518         477
           0           0           0           0
 --- --- --- --- 
         305         294         523         522
           0           0           0           0
 --- --- --- --- 
         522         523         519         524
           0           0           0           0
 --- --- --- --- 
          33         307         525         507
           0           0           0           0
 --- --- --- --- 
         307         305         522         525
           0           0           0           0
 --- --- --- --- 
         507         525         522         484
           0           0           0           0
 --- --- --- --- 
         294          34         526         523
           0           0           0           0
 --- --- --- --- 
         523         526         527         519
           0           0           0           0
 --- --- --- --- 
         526          34         520         527
           0           0           0           0
 --- --- --- --- 
         519         527         529         528
           0           0           0           0
 --- --- --- --- 
         527         520         530         529
           0           0           0           0
 --- --- --- --- 
         528         529         531         521
           0           0           0           0
 --- --- --- --- 
         529         530          42         531
           0           0           0           0
 --- --- --- --- 
          34         311         534         533
           0           0           0           0
 --- --- --- --- 
          34         533         535         520
           0           0           0           0
 --- --- --- --- 
         533         534         532         535
           0           0           0           0
 --- --- --- --- 
         311         332         536         534
           0           0           0           0
 --- --- --- --- 
         534         536         537         532
           0           0           0           0
 --- --- --- --- 
         332         337         538         536
           0           0           0           0
 --- --- --- --- 
         337          35         539         538
           0           0           0           0
 --- --- --- --- 
         520         535         540         530
           0           0           0           0
 --- --- --- --- 
         535         532         541         540
           0           0           0           0
 --- --- --- --- 
         530         540         542          42
           0           0           0           0
 --- --- --- --- 
         396         386         553         552
           0           0           0           0
 --- --- --- --- 
         552         553         549         554
           0           0           0           0
 --- --- --- --- 
         406         396         552         555
           0           0           0           0
 --- --- --- --- 
         386         338         556         553
           0           0           0           0
 --- --- --- --- 
         553         556         557         549
           0           0           0           0
 --- --- --- --- 
         556         338         550         557
           0           0           0           0
 --- --- --- --- 
         554         549         559         558
           0           0           0           0
 --- --- --- --- 
         558         559         551         546
           0           0           0           0
 --- --- --- --- 
         549         557         560         559
           0           0           0           0
 --- --- --- --- 
         557         550         547         560
           0           0           0           0
 --- --- --- --- 
         559         560         547         551
           0           0           0           0
 --- --- --- --- 
         546         551         562         561
           0           0           0           0
 --- --- --- --- 
         551         547         543         562
           0           0           0           0
 --- --- --- --- 
         561         562         543         548
           0           0           0           0
 --- --- --- --- 
         547         563         564         543
           0           0           0           0
 --- --- --- --- 
         338         415         565         550
           0           0           0           0
 --- --- --- --- 
         415         411         563         565
           0           0           0           0
 --- --- --- --- 
         550         565         563         547
           0           0           0           0
 --- --- --- --- 
         411         417         566         563
           0           0           0           0
 --- --- --- --- 
         417          36         567         566
           0           0           0           0
 --- --- --- --- 
         548         543         569         568
           0           0           0           0
 --- --- --- --- 
         568         569         545         570
           0           0           0           0
 --- --- --- --- 
         543         564         571         569
           0           0           0           0
 --- --- --- --- 
         564         544         572         571
           0           0           0           0
 --- --- --- --- 
         569         571         573         545
           0           0           0           0
 --- --- --- --- 
         571         572          43         573
           0           0           0           0
 --- --- --- --- 
         572         575         577          43
           0           0           0           0
 --- --- --- --- 
         575         576         574         577
           0           0           0           0
 --- --- --- --- 
         576         578         580         574
           0           0           0           0
 --- --- --- --- 
         578         579          44         580
           0           0           0           0
 --- --- --- --- 
         428          37         585         584
           0           0           0           0
 --- --- --- --- 
         584         585         582         586
           0           0           0           0
 --- --- --- --- 
         579         587         589          44
           0           0           0           0
 --- --- --- --- 
         587         588         583         589
           0           0           0           0
 --- --- --- --- 
         581         586         590         588
           0           0           0           0
 --- --- --- --- 
         586         582          45         590
           0           0           0           0
 --- --- --- --- 
         588         590          45         583
           0           0           0           0
 --- --- --- --- 
          37         438         593         585
           0           0           0           0
 --- --- --- --- 
         438         430         594         593
           0           0           0           0
 --- --- --- --- 
         585         593         595         582
           0           0           0           0
 --- --- --- --- 
         593         594         591         595
           0           0           0           0
 --- --- --- --- 
         430         440         596         594
           0           0           0           0
 --- --- --- --- 
         594         596         597         591
           0           0           0           0
 --- --- --- --- 
         582         595         598          45
           0           0           0           0
 --- --- --- --- 
         595         591         599         598
           0           0           0           0
 --- --- --- --- 
         598         599         592          45
           0           0           0           0
 --- --- --- --- 
         591         597         600         599
           0           0           0           0
 --- --- --- --- 
         599         600         601         592
           0           0           0           0
 --- --- --- --- 
         443          38         603         602
           0           0           0           0
 --- --- --- --- 
         602         603          46         604
           0           0           0           0
 --- --- --- --- 
          38         446         605         603
           0           0           0           0
 --- --- --- --- 
         603         605         607          46
           0           0           0           0
 --- --- --- --- 
         605         606          47         607
           0           0           0           0
 --- --- --- --- 
         446         457         608         605
           0           0           0           0
 --- --- --- --- 
         457          39         609         608
           0           0           0           0
 --- --- --- --- 
         608         609         606         605
           0           0           0           0
 --- --- --- --- 
         606         610         612          47
           0           0           0           0
 --- --- --- --- 
         610         611          48         612
           0           0           0           0
 --- --- --- --- 
          39         472         613         609
           0           0           0           0
 --- --- --- --- 
         472         459         610         613
           0           0           0           0
 --- --- --- --- 
         609         613         610         606
           0           0           0           0
 --- --- --- --- 
         459         475         614         610
           0           0           0           0
 --- --- --- --- 
         475          40         615         614
           0           0           0           0
 --- --- --- --- 
         614         615         611         610
           0           0           0           0
 --- --- --- --- 
         611         616         618          48
           0           0           0           0
 --- --- --- --- 
         616         617          49         618
           0           0           0           0
 --- --- --- --- 
          40         516         619         615
           0           0           0           0
 --- --- --- --- 
         516         477         616         619
           0           0           0           0
 --- --- --- --- 
         615         619         616         611
           0           0           0           0
 --- --- --- --- 
         477         518         620         616
           0           0           0           0
 --- --- --- --- 
         518          41         621         620
           0           0           0           0
 --- --- --- --- 
         620         621         617         616
           0           0           0           0
 --- --- --- --- 
         570         545         628         627
           0           0           0           0
 --- --- --- --- 
         623         627         629         622
           0           0           0           0
 --- --- --- --- 
         627         628         624         629
           0           0           0           0
 --- --- --- --- 
         545         573         630         628
           0           0           0           0
 --- --- --- --- 
         573          43         631         630
           0           0           0           0
 --- --- --- --- 
         628         630         632         624
           0           0           0           0
 --- --- --- --- 
         630         631         625         632
           0           0           0           0
 --- --- --- --- 
         622         629         633          50
           0           0           0           0
 --- --- --- --- 
         629         624         634         633
           0           0           0           0
 --- --- --- --- 
         633         634         626          50
           0           0           0           0
 --- --- --- --- 
         624         632         635         634
           0           0           0           0
 --- --- --- --- 
         632         625          51         635
           0           0           0           0
 --- --- --- --- 
         634         635          51         626
           0           0           0           0
 --- --- --- --- 
         625         636         638          51
           0           0           0           0
 --- --- --- --- 
         636         637          52         638
           0           0           0           0
 --- --- --- --- 
          43         577         639         631
           0           0           0           0
 --- --- --- --- 
         577         574         636         639
           0           0           0           0
 --- --- --- --- 
         631         639         636         625
           0           0           0           0
 --- --- --- --- 
         574         580         640         636
           0           0           0           0
 --- --- --- --- 
         580          44         641         640
           0           0           0           0
 --- --- --- --- 
         640         641         637         636
           0           0           0           0
 --- --- --- --- 
         583          45         643         642
           0           0           0           0
 --- --- --- --- 
         637         642         644          52
           0           0           0           0
 --- --- --- --- 
         642         643          53         644
           0           0           0           0
 --- --- --- --- 
          44         589         645         641
           0           0           0           0
 --- --- --- --- 
         589         583         642         645
           0           0           0           0
 --- --- --- --- 
         641         645         642         637
           0           0           0           0
 --- --- --- --- 
          45         592         646         643
           0           0           0           0
 --- --- --- --- 
         643         646         647          53
           0           0           0           0
 --- --- --- --- 
         592         601         648         646
           0           0           0           0
 --- --- --- --- 
          46         607         650         649
           0           0           0           0
 --- --- --- --- 
         607          47         651         650
           0           0           0           0
 --- --- --- --- 
         650         651          54         652
           0           0           0           0
 --- --- --- --- 
          47         612         653         651
           0           0           0           0
 --- --- --- --- 
         612          48         654         653
           0           0           0           0
 --- --- --- --- 
         651         653         655          54
           0           0           0           0
 --- --- --- --- 
         653         654          55         655
           0           0           0           0
 --- --- --- --- 
          48         618         656         654
           0           0           0           0
 --- --- --- --- 
         618          49         657         656
           0           0           0           0
 --- --- --- --- 
         654         656         658          55
           0           0           0           0
 --- --- --- --- 
         656         657          56         658
           0           0           0           0
 --- --- --- --- 
         657         659         660          56
           0           0           0           0
 --- --- --- --- 
         661         662          58         663
           0           0           0           0
 --- --- --- --- 
          50         626         664         662
           0           0           0           0
 --- --- --- --- 
         626          51         665         664
           0           0           0           0
 --- --- --- --- 
         662         664         666          58
           0           0           0           0
 --- --- --- --- 
         664         665          59         666
           0           0           0           0
 --- --- --- --- 
          51         638         667         665
           0           0           0           0
 --- --- --- --- 
         638          52         668         667
           0           0           0           0
 --- --- --- --- 
         665         667         669          59
           0           0           0           0
 --- --- --- --- 
         667         668          60         669
           0           0           0           0
 --- --- --- --- 
          52         644         670         668
           0           0           0           0
 --- --- --- --- 
         644          53         671         670
           0           0           0           0
 --- --- --- --- 
         668         670         672          60
           0           0           0           0
 --- --- --- --- 
         652          54         674         673
           0           0           0           0
 --- --- --- --- 
          54         655         675         674
           0           0           0           0
 --- --- --- --- 
         655          55         676         675
           0           0           0           0
 --- --- --- --- 
         675         676          61         677
           0           0           0           0
 --- --- --- --- 
          55         658         678         676
           0           0           0           0
 --- --- --- --- 
         658          56         679         678
           0           0           0           0
 --- --- --- --- 
         676         678         680          61
           0           0           0           0
 --- --- --- --- 
         678         679          62         680
           0           0           0           0
 --- --- --- --- 
          56         660         681         679
           0           0           0           0
 --- --- --- --- 
         660          57         682         681
           0           0           0           0
 --- --- --- --- 
         679         681         683          62
           0           0           0           0
 --- --- --- --- 
         681         682          63         683
           0           0           0           0
 --- --- --- --- 
          57         663         684         682
           0           0           0           0
 --- --- --- --- 
         663          58         685         684
           0           0           0           0
 --- --- --- --- 
         682         684         686          63
           0           0           0           0
 --- --- --- --- 
         684         685          64         686
           0           0           0           0
 --- --- --- --- 
          58         666         687         685
           0           0           0           0
 --- --- --- --- 
         666          59         688         687
           0           0           0           0
 --- --- --- --- 
         685         687         689          64
           0           0           0           0
 --- --- --- --- 
         687         688          65         689
           0           0           0           0
 --- --- --- --- 
          59         669         690         688
           0           0           0           0
 --- --- --- --- 
         669          60         691         690
           0           0           0           0
 --- --- --- --- 
         688         690         692          65
           0           0           0           0
 --- --- --- --- 
          60         672         693         691
           0           0           0           0
 --- --- --- --- 
          61         680         695         694
           0           0           0           0
 --- --- --- --- 
         680          62         696         695
           0           0           0           0
 --- --- --- --- 
          62         683         697         696
           0           0           0           0
 --- --- --- --- 
         683          63         698         697
           0           0           0           0
 --- --- --- --- 
          63         686         699         698
           0           0           0           0
 --- --- --- --- 
         686          64         700         699
           0           0           0           0
 --- --- --- --- 
          64         689         701         700
           0           0           0           0
 --- --- --- --- 
         689          65         702         701
           0           0           0           0
 --- --- --- --- 
           7         703         704           1
           0           1           0           0
  -1.9572049378955771       -4.4884593778740163        0.0000000000000000     
  -1.9039199312560513       -4.5178244548820157        0.0000000000000000     
  -1.7623636566804259       -4.5908319845979983        0.0000000000000000     
  -1.5835537103259876       -4.6731944743659835        0.0000000000000000     
  -1.4360660252999995       -4.7333248413417044        0.0000000000000000     
  -1.3791169580768268       -4.7547351991778228        0.0000000000000000     
 --- outerCircle --- --- 
           1         704         705           2
           0           1           0           0
  -1.3791169580768268       -4.7547351991778228        0.0000000000000000     
  -1.3196457916296709       -4.7760475347423927        0.0000000000000000     
  -1.1624274088361704       -4.8273701831919036        0.0000000000000000     
 -0.96537816799368159       -4.8817579770976405        0.0000000000000000     
 -0.80409284014161420       -4.9183459143410238        0.0000000000000000     
 -0.74210945913326598       -4.9305563919965492        0.0000000000000000     
 --- outerCircle --- --- 
           2         705         706           3
           0           1           0           0
 -0.74210945913326598       -4.9305563919965492        0.0000000000000000     
 -0.67925582787384264       -4.9419045549454168        0.0000000000000000     
 -0.51392374115433059       -4.9668479159501358        0.0000000000000000     
 -0.30835262358765930       -4.9880971226296147        0.0000000000000000     
 -0.14141411413803187       -4.9974994744618240        0.0000000000000000     
  -7.7568182159215196E-002  -4.9992478264189275        0.0000000000000000     
 --- outerCircle --- --- 
           3         706         707           4
           0           1           0           0
  -7.7568182159215196E-002  -4.9992478264189275        0.0000000000000000     
  -1.4837503742596648E-002  -4.9999724809656740        0.0000000000000000     
  0.14937141345321731       -4.9972100496274887        0.0000000000000000     
  0.35196674036847647       -4.9844848366726646        0.0000000000000000     
  0.51523072687450577       -4.9666783708897260        0.0000000000000000     
  0.57737770288261347       -4.9581100273001502        0.0000000000000000     
 --- outerCircle --- --- 
           4         707         708           5
           0           1           0           0
  0.57737770288261347       -4.9581100273001502        0.0000000000000000     
  0.63656824268717116       -4.9490227743585073        0.0000000000000000     
  0.79082157827359834       -4.9210459358871148        0.0000000000000000     
  0.97978484864296334       -4.8781466772634694        0.0000000000000000     
   1.1309973094614760       -4.8367753499509067        0.0000000000000000     
   1.1883093558149607       -4.8194136820829758        0.0000000000000000     
 --- outerCircle --- --- 
           5         708         709          76
           0           1           0           0
   1.1883093558149607       -4.8194136820829758        0.0000000000000000     
   1.2413919281247312       -4.8024920881951569        0.0000000000000000     
   1.3791971152380071       -4.7547057564234194        0.0000000000000000     
   1.5469797336757811       -4.6887469015366730        0.0000000000000000     
   1.6804348655194004       -4.6298951310949459        0.0000000000000000     
   1.7308300337269429       -4.6061374619319206        0.0000000000000000     
 --- outerCircle --- --- 
          76         709         710          77
           0           1           0           0
   1.7308300337269429       -4.6061374619319206        0.0000000000000000     
   1.7764903973015280       -4.5838640973529472        0.0000000000000000     
   1.8946549030233315       -4.5228231290329708        0.0000000000000000     
   2.0378055365737380       -4.4419977622173752        0.0000000000000000     
   2.1511092096476441       -4.3723477234960644        0.0000000000000000     
   2.1937664149117113       -4.3447554345281238        0.0000000000000000     
 --- outerCircle --- --- 
          77         710         711          79
           0           1           0           0
   2.1937664149117113       -4.3447554345281238        0.0000000000000000     
   2.2318846975678244       -4.3194413229883395        0.0000000000000000     
   2.3302837596744972       -4.2511194378855555        0.0000000000000000     
   2.4490139326451179       -4.1626461638492049        0.0000000000000000     
   2.5426204275547932       -4.0878927056135037        0.0000000000000000     
   2.5777775418230897       -4.0586047382544397        0.0000000000000000     
 --- outerCircle --- --- 
          79         711         712          80
           0           1           0           0
   2.5777775418230897       -4.0586047382544397        0.0000000000000000     
   2.6090483641151661       -4.0319740489832654        0.0000000000000000     
   2.6896052060802527       -3.9607471751951402        0.0000000000000000     
   2.7864866189817032       -3.8697547494927012        0.0000000000000000     
   2.8626188855755030       -3.7938169438863500        0.0000000000000000     
   2.8911557657633615       -3.7642753730576972        0.0000000000000000     
 --- outerCircle --- --- 
          80         712         713         109
           0           1           0           0
   2.8911557657633615       -3.7642753730576972        0.0000000000000000     
   2.9166307509741869       -3.7373828856175293        0.0000000000000000     
   2.9821349589387913       -3.6658715435435245        0.0000000000000000     
   3.0606761020041198       -3.5753178053632269        0.0000000000000000     
   3.1222090898368391       -3.5003620536514739        0.0000000000000000     
   3.1452301610170528       -3.4713411812675004        0.0000000000000000     
 --- outerCircle --- --- 
         109         713         714         110
           0           1           0           0
   3.1452301610170528       -3.4713411812675004        0.0000000000000000     
   3.1659651989877200       -3.4447217344308627        0.0000000000000000     
   3.2191795441915452       -3.3742120929391954        0.0000000000000000     
   3.2827836100165175       -3.2854609534636379        0.0000000000000000     
   3.3324525390843229       -3.2124104670585996        0.0000000000000000     
   3.3509967116003123       -3.1842209226275378        0.0000000000000000     
 --- outerCircle --- --- 
         110         714         715          21
           0           1           0           0
   3.3509967116003123       -3.1842209226275378        0.0000000000000000     
   3.3678679961939317       -3.1581161137002502        0.0000000000000000     
   3.4110719172554491       -3.0891597294872484        0.0000000000000000     
   3.4625221359212994       -3.0027332469040906        0.0000000000000000     
   3.5025456426225454       -2.9318835423870198        0.0000000000000000     
   3.5174515683140299       -2.9046087431714609        0.0000000000000000     
 --- outerCircle --- --- 
          21         715         716         112
           0           1           0           0
   3.5174515683140299       -2.9046087431714609        0.0000000000000000     
   3.5311163407078787       -2.8791533701073471        0.0000000000000000     
   3.5660169348993205       -2.8120494529706570        0.0000000000000000     
   3.6073930198916235       -2.7282116768605613        0.0000000000000000     
   3.6394259027995908       -2.6596924709208585        0.0000000000000000     
   3.6513185232261383       -2.6333624955733774        0.0000000000000000     
 --- outerCircle --- --- 
         112         716         717         202
           0           1           0           0
   3.6513185232261383       -2.6333624955733774        0.0000000000000000     
   3.6622603258833624       -2.6086793668909563        0.0000000000000000     
   3.6901148394325998       -2.5437138568398350        0.0000000000000000     
   3.7229515183776609       -2.4627480958146792        0.0000000000000000     
   3.7482178627333873       -2.3967329213154378        0.0000000000000000     
   3.7575602394678338       -2.3714011254080392        0.0000000000000000     
 --- outerCircle --- --- 
         202         717         718         203
           0           1           0           0
   3.7575602394678338       -2.3714011254080392        0.0000000000000000     
   3.7661586457973164       -2.3476086429991918        0.0000000000000000     
   3.7879552171862096       -2.2850662522188405        0.0000000000000000     
   3.8134614299991458       -2.2072745843050248        0.0000000000000000     
   3.8329279550008333       -2.1439682214874374        0.0000000000000000     
   3.8400864325075066       -2.1197036174237232        0.0000000000000000     
 --- outerCircle --- --- 
         203         718         719         432
           0           1           0           0
   3.8400864325075066       -2.1197036174237232        0.0000000000000000     
   3.8466697666126928       -2.0968736055844599        0.0000000000000000     
   3.8632617662407505       -2.0369226227170456        0.0000000000000000     
   3.8824790388680066       -1.9624741621210195        0.0000000000000000     
   3.8969767050598523       -1.9019825720161441        0.0000000000000000     
   3.9022657642988618       -1.8788184708920377        0.0000000000000000     
 --- outerCircle --- --- 
         432         719         720         434
           0           1           0           0
   3.9022657642988618       -1.8788184708920377        0.0000000000000000     
   3.9071307612746349       -1.8569301105116411        0.0000000000000000     
   3.9192856440801411       -1.7994998687350185        0.0000000000000000     
   3.9331431058246213       -1.7282755722281589        0.0000000000000000     
   3.9434071551659975       -1.6704774482304483        0.0000000000000000     
   3.9471036286793000       -1.6483617388978944        0.0000000000000000     
 --- outerCircle --- --- 
         434         720         721         435
           0           1           0           0
   3.9471036286793000       -1.6483617388978944        0.0000000000000000     
   3.9505082677274035       -1.6272833702701104        0.0000000000000000     
   3.9588883882566570       -1.5720163715547044        0.0000000000000000     
   3.9681781715761355       -1.5035494003835965        0.0000000000000000     
   3.9748274661043035       -1.4480475585279320        0.0000000000000000     
   3.9771624588419163       -1.4268240574036613        0.0000000000000000     
 --- outerCircle --- --- 
         435         721         722         439
           0           1           0           0
   3.9771624588419163       -1.4268240574036613        0.0000000000000000     
   3.9793086336712280       -1.4063284361075703        0.0000000000000000     
   3.9844270318473747       -1.3526205154041944        0.0000000000000000     
   3.9897519099486014       -1.2861462861221300        0.0000000000000000     
   3.9932484003740769       -1.2323084434752087        0.0000000000000000     
   3.9943922360689230       -1.2117325304064299        0.0000000000000000     
 --- outerCircle --- --- 
         439         722         723         440
           0           1           0           0
   3.9943922360689230       -1.2117325304064299        0.0000000000000000     
   3.9954118935550698       -1.1915301564733156        0.0000000000000000     
   3.9975974174289095       -1.1386177772355135        0.0000000000000000     
   3.9993304949601507       -1.0731819108919460        0.0000000000000000     
   3.9999488530482599       -1.0202280250620717        0.0000000000000000     
   4.0000000000000000       -1.0000000000000009        0.0000000000000000     
 --- outerCircle --- --- 
         440         723         724         596
           0           1           0           0
   4.0000000000000000       -1.0000000000000000        0.0000000000000000     
   3.9999436041503236      -0.97875938755781666        0.0000000000000000     
   3.9992617897164435      -0.92315510873175943        0.0000000000000000     
   3.9973508817560557      -0.85444613325615271        0.0000000000000000     
   3.9949411424988384      -0.79888991081977678        0.0000000000000000     
   3.9938168926081810      -0.77767899712907573        0.0000000000000000     
 --- outerCircle --- --- 
         596         724         725         597
           0           1           0           0
   3.9938168926081810      -0.77767899712907573        0.0000000000000000     
   3.9925660636452460      -0.75624555916187619        0.0000000000000000     
   3.9887466863252556      -0.70016692589160023        0.0000000000000000     
   3.9829372967893555      -0.63093294668271582        0.0000000000000000     
   3.9773580036283924      -0.57500198709503669        0.0000000000000000     
   3.9750195516157318      -0.55365981104916662        0.0000000000000000     
 --- outerCircle --- --- 
         597         725         726         600
           0           1           0           0
   3.9750195516157318      -0.55365981104916662        0.0000000000000000     
   3.9725075961372251      -0.53182973328921879        0.0000000000000000     
   3.9653636280273217      -0.47474644454511516        0.0000000000000000     
   3.9553998570923361      -0.40433904734830450        0.0000000000000000     
   3.9464241160243732      -0.34751498372664047        0.0000000000000000     
   3.9427801332025161      -0.32584510591144511        0.0000000000000000     
 --- outerCircle --- --- 
         600         726         727         601
           0           1           0           0
   3.9427801332025161      -0.32584510591144511        0.0000000000000000     
   3.9388915961350262      -0.30348510863236566        0.0000000000000000     
   3.9281110473115088      -0.24505390921650494        0.0000000000000000     
   3.9135880210139788      -0.17306058155636961        0.0000000000000000     
   3.9008729462728184      -0.11501962901043861        0.0000000000000000     
   3.8957888859778187       -9.2900801515234055E-002   0.0000000000000000     
 --- outerCircle --- --- 
         601         727         728         648
           0           1           0           0
   3.8957888859778187       -9.2900801515234055E-002   0.0000000000000000     
   3.8903725803112237       -6.9945600320824530E-002   0.0000000000000000     
   3.8755524120077913       -1.0003281934434338E-002   0.0000000000000000     
   3.8559578004931470        6.3761928636314691E-002   0.0000000000000000     
   3.8390777771227040       0.12315707770667528        0.0000000000000000     
   3.8323885024800366       0.14577413396306982        0.0000000000000000     
 --- outerCircle --- --- 
         648         728         729         646
           0           1           0           0
   3.8323885024800366       0.14577413396306982        0.0000000000000000     
   3.8252762283863024       0.16929969492113717        0.0000000000000000     
   3.8059728057201969       0.23067908169365325        0.0000000000000000     
   3.7807520580046834       0.30610638000637214        0.0000000000000000     
   3.7592538209025097       0.36675188312651685        0.0000000000000000     
   3.7507851827157883       0.38982391442933917        0.0000000000000000     
 --- outerCircle --- --- 
         646         729         730         647
           0           1           0           0
   3.7507851827157883       0.38982391442933917        0.0000000000000000     
   3.7418154120020262       0.41379539626641448        0.0000000000000000     
   3.7176076321277165       0.47627690273395284        0.0000000000000000     
   3.6862442084316798       0.55293388004895339        0.0000000000000000     
   3.6597134900133250       0.61446497980429693        0.0000000000000000     
   3.6493081857974290       0.63784912768907875        0.0000000000000000     
 --- outerCircle --- --- 
         647         730         731          53
           0           1           0           0
   3.6493081857974290       0.63784912768907875        0.0000000000000000     
   3.6383494177746609       0.66205099626298680        0.0000000000000000     
   3.6089000961701334       0.72506234550035997        0.0000000000000000     
   3.5709917677255567       0.80222578908312792        0.0000000000000000     
   3.5391153085335012       0.86404475077821541        0.0000000000000000     
   3.5266566237369750       0.88750975050517833        0.0000000000000000     
 --- outerCircle --- --- 
          53         731         732         671
           0           1           0           0
   3.5266566237369750       0.88750975050517833        0.0000000000000000     
   3.5136240822282323       0.91166048470585137        0.0000000000000000     
   3.4787227702776646       0.97445888474581599        0.0000000000000000     
   3.4340326983133322        1.0511995092908086        0.0000000000000000     
   3.3966380216836551        1.1125458929104823        0.0000000000000000     
   3.3820646459493267        1.1357993189013929        0.0000000000000000     
 --- outerCircle --- --- 
         671         732         733         670
           0           1           0           0
   3.3820646459493267        1.1357993189013929        0.0000000000000000     
   3.3669255206521620        1.1595861960989580        0.0000000000000000     
   3.3265003971514111        1.2213498391184365        0.0000000000000000     
   3.2749681419458083        1.2966461785046515        0.0000000000000000     
   3.2320294479982974        1.3566895525868103        0.0000000000000000     
   3.2153370102469077        1.3794133542822014        0.0000000000000000     
 --- outerCircle --- --- 
         670         733         734         672
           0           1           0           0
   3.2153370102469077        1.3794133542822014        0.0000000000000000     
   3.1981024105538332        1.4025280376323934        0.0000000000000000     
   3.1521969849038904        1.4624488153792803        0.0000000000000000     
   3.0939052615075227        1.5353008170266631        0.0000000000000000     
   3.0455129510878423        1.5932317414292578        0.0000000000000000     
   3.0267415371108837        1.6151167598269196        0.0000000000000000     
 --- outerCircle --- --- 
         672         734         735         693
           0           1           0           0
   3.0267415371108837        1.6151167598269196        0.0000000000000000     
   3.0074465146812246        1.6372837278783172        0.0000000000000000     
   2.9561653206671212        1.6946403464813362        0.0000000000000000     
   2.8912689261853957        1.7641570137158902        0.0000000000000000     
   2.8375689741345611        1.8192556317278030        0.0000000000000000     
   2.8167792437832380        1.8400272343398276        0.0000000000000000     
 --- outerCircle --- --- 
         693         735         736         691
           0           1           0           0
   2.8167792437832380        1.8400272343398276        0.0000000000000000     
   2.7954555649246871        1.8610187319435010        0.0000000000000000     
   2.7388916567825299        1.9152139702613677        0.0000000000000000     
   2.6675255054844422        1.9806555784910760        0.0000000000000000     
   2.6086432611655908        2.0323225976098507        0.0000000000000000     
   2.5858869374456721        2.0517517505111460        0.0000000000000000     
 --- outerCircle --- --- 
         691         736         737         690
           0           1           0           0
   2.5858869374456721        2.0517517505111460        0.0000000000000000     
   2.5625371442981795        2.0713846037401651        0.0000000000000000     
   2.5007041597117050        2.1219350899082730        0.0000000000000000     
   2.4228993552310145        2.1826967675889475        0.0000000000000000     
   2.3588717855909280        2.2304371065140809        0.0000000000000000     
   2.3341658273251382        2.2483334019997936        0.0000000000000000     
 --- outerCircle --- --- 
         690         737         738         692
           0           1           0           0
   2.3341658273251382        2.2483334019997936        0.0000000000000000     
   2.3087506798244761        2.2664461266658020        0.0000000000000000     
   2.2415513050647129        2.3129213312064447        0.0000000000000000     
   2.1571989160209841        2.3684555565893834        0.0000000000000000     
   2.0879475968882666        2.4118140090937712        0.0000000000000000     
   2.0612644375601596        2.4280007173934193        0.0000000000000000     
 --- outerCircle --- --- 
         692         738         739          65
           0           1           0           0
   2.0612644375601596        2.4280007173934193        0.0000000000000000     
   2.0337162594340517        2.4444155057300461        0.0000000000000000     
   1.9609796867346347        2.4863388630788794        0.0000000000000000     
   1.8698820682880541        2.5360346506637614        0.0000000000000000     
   1.7952587517002978        2.5744994075315621        0.0000000000000000     
   1.7665446566021714        2.5887769471270174        0.0000000000000000     
 --- outerCircle --- --- 
          65         739         740         702
           0           1           0           0
   1.7665446566021714        2.5887769471270174        0.0000000000000000     
   1.7368131376042966        2.6032596527373819        0.0000000000000000     
   1.6584179438321518        2.6400068576275428        0.0000000000000000     
   1.5604464137058192        2.6830703210708111        0.0000000000000000     
   1.4803651262674213        2.7159815786587589        0.0000000000000000     
   1.4495916912813678        2.7280938733578082        0.0000000000000000     
 --- outerCircle --- --- 
         702         740         741         701
           0           1           0           0
   1.4495916912813678        2.7280938733578082        0.0000000000000000     
   1.4177157056383083        2.7403318272563029        0.0000000000000000     
   1.3337799997497446        2.7710782161429073        0.0000000000000000     
   1.2291138196600160        2.8064785850337799        0.0000000000000000     
   1.1437470887961447        2.8329939468867340        0.0000000000000000     
   1.1109868142565211        2.8426173760274578        0.0000000000000000     
 --- outerCircle --- --- 
         701         741         742         700
           0           1           0           0
   1.1109868142565211        2.8426173760274578        0.0000000000000000     
   1.0771701779688769        2.8522336906909604        0.0000000000000000     
  0.98824965968035638        2.8759982727217075        0.0000000000000000     
  0.87761987936468622        2.9025355023809731        0.0000000000000000     
  0.78759480429382966        2.9216953507697871        0.0000000000000000     
  0.75309562335575464        2.9284662378697375        0.0000000000000000     
 --- outerCircle --- --- 
         700         742         743         699
           0           1           0           0
  0.75309562335575464        2.9284662378697375        0.0000000000000000     
  0.71775486380629572        2.9350766136737931        0.0000000000000000     
  0.62496422325239431        2.9508758167847455        0.0000000000000000     
  0.50979604140372659        2.9673804955120060        0.0000000000000000     
  0.41630287083969558        2.9782775066265335        0.0000000000000000     
  0.38052799635828199        2.9818586670030807        0.0000000000000000     
 --- outerCircle --- --- 
         699         743         744         698
           0           1           0           0
  0.38052799635828199        2.9818586670030807        0.0000000000000000     
  0.34428410538779480        2.9851560138565874        0.0000000000000000     
  0.24926905927917575        2.9922255617745441        0.0000000000000000     
  0.13163442655674679        2.9978334604814489        0.0000000000000000     
   3.6377757395155856E-002   2.9998345789253458        0.0000000000000000     
  -1.5439288164103957E-005   2.9999999999702034        0.0000000000000000     
 --- outerCircle --- --- 
         698         744         745         697
           0           1           0           0
  -1.5439288164103957E-005   2.9999999999702034        0.0000000000000000     
  -3.6409873999045952E-002   2.9998342867018097        0.0000000000000000     
 -0.13166977000999319        2.9978322965909308        0.0000000000000000     
 -0.24930835599631912        2.9922231079475523        0.0000000000000000     
 -0.34432656514740845        2.9851523454610600        0.0000000000000000     
 -0.38057165471911980        2.9818544945319574        0.0000000000000000     
 --- outerCircle --- --- 
         697         745         746         696
           0           1           0           0
 -0.38057165471911980        2.9818544945319574        0.0000000000000000     
 -0.41635107396029142        2.9782724621639618        0.0000000000000000     
 -0.50985608074193900        2.9673727801821785        0.0000000000000000     
 -0.62503874483311717        2.9508640279636862        0.0000000000000000     
 -0.71784095815061155        2.9350609091602906        0.0000000000000000     
 -0.75318609968206407        2.9284488922786966        0.0000000000000000     
 --- outerCircle --- --- 
         696         746         747         695
           0           1           0           0
 -0.75318609968206407        2.9284488922786966        0.0000000000000000     
 -0.78769606220275257        2.9216750137651997        0.0000000000000000     
 -0.87774913741960869        2.9025064319945884        0.0000000000000000     
 -0.98841302071898929        2.8759566174653144        0.0000000000000000     
  -1.0773606647454537        2.8521804212756225        0.0000000000000000     
  -1.1111875423573174        2.8425593353531844        0.0000000000000000     
 --- outerCircle --- --- 
         695         747         748         694
           0           1           0           0
  -1.1111875423573174        2.8425593353531844        0.0000000000000000     
  -1.1439711329651179        2.8329270860456641        0.0000000000000000     
  -1.2293982406013975        2.8063867336367947        0.0000000000000000     
  -1.3341376084492598        2.7709517156443795        0.0000000000000000     
  -1.4181312478526271        2.7401742959204389        0.0000000000000000     
  -1.4500290399693103        2.7279237898923951        0.0000000000000000     
 --- outerCircle --- --- 
         694         748         749          61
           0           1           0           0
  -1.4500290399693103        2.7279237898923951        0.0000000000000000     
  -1.4808503749659510        2.7157882295635742        0.0000000000000000     
  -1.5610553430923948        2.6828122699647188        0.0000000000000000     
  -1.6591760897023189        2.6396613445978905        0.0000000000000000     
  -1.7376888277946771        2.6028374287160889        0.0000000000000000     
  -1.7674644553297507        2.5883240376456955        0.0000000000000000     
 --- outerCircle --- --- 
          61         749         750         677
           0           1           0           0
  -1.7674644553297507        2.5883240376456955        0.0000000000000000     
  -1.7962724430169112        2.5739901105708247        0.0000000000000000     
  -1.8711374881759000        2.5353704898274501        0.0000000000000000     
  -1.9625253303451984        2.4854690255048131        0.0000000000000000     
  -2.0354893736791997        2.4433679747652675        0.0000000000000000     
  -2.0631226347396945        2.4268826933562728        0.0000000000000000     
 --- outerCircle --- --- 
         677         750         751         675
           0           1           0           0
  -2.0631226347396945        2.4268826933562728        0.0000000000000000     
  -2.0899809932423001        2.4105687865641898        0.0000000000000000     
  -2.1596819583648807        2.3668640956702176        0.0000000000000000     
  -2.2445713674943484        2.3108759228072184        0.0000000000000000     
  -2.3121893149290473        2.2640129552328592        0.0000000000000000     
  -2.3377604619025560        2.2457473750686678        0.0000000000000000     
 --- outerCircle --- --- 
         675         751         752         674
           0           1           0           0
  -2.3377604619025560        2.2457473750686678        0.0000000000000000     
  -2.3627763361226219        2.2275823746976555        0.0000000000000000     
  -2.4275965013416920        2.1791154786628271        0.0000000000000000     
  -2.5063422419619870        2.1174105546361650        0.0000000000000000     
  -2.5689039055798344        2.0660614351145465        0.0000000000000000     
  -2.5925241213562162        2.0461153425611087        0.0000000000000000     
 --- outerCircle --- --- 
         674         752         753         673
           0           1           0           0
  -2.5925241213562162        2.0461153425611087        0.0000000000000000     
  -2.6157975087739622        2.0261532335775621        0.0000000000000000     
  -2.6759966260743342        1.9730526495907839        0.0000000000000000     
  -2.7489148955883560        1.9057644255535338        0.0000000000000000     
  -2.8066713648354074        1.8500168157070496        0.0000000000000000     
  -2.8284352960457384        1.8284189534230353        0.0000000000000000     
 --- outerCircle --- --- 
         673         753         754         652
           0           1           0           0
  -2.8284352960457384        1.8284189534230353        0.0000000000000000     
  -2.8500337197078265        1.8066541996705561        0.0000000000000000     
  -2.9057827436070509        1.7488955322011566        0.0000000000000000     
  -2.9730726018010998        1.6759744588503902        0.0000000000000000     
  -3.0261744135253710        1.6157730060011661        0.0000000000000000     
  -3.0461369687645039        1.5924987111908462        0.0000000000000000     
 --- outerCircle --- --- 
         652         754         755         650
           0           1           0           0
  -3.0461369687645039        1.5924987111908462        0.0000000000000000     
  -3.0660852384769104        1.5688754953080126        0.0000000000000000     
  -3.1174398426320740        1.5063058128588596        0.0000000000000000     
  -3.1791511068457377        1.4275498429160050        0.0000000000000000     
  -3.2276227684566821        1.3627211567470296        0.0000000000000000     
  -3.2457895016922005        1.3377019721736767        0.0000000000000000     
 --- outerCircle --- --- 
         650         755         756         649
           0           1           0           0
  -3.2457895016922005        1.3377019721736767        0.0000000000000000     
  -3.2640599237254717        1.3121230102071273        0.0000000000000000     
  -3.3109349942106636        1.2444842312012869        0.0000000000000000     
  -3.3669369606013650        1.1595683604221567        0.0000000000000000     
  -3.4106518477916148        1.0898454424085156        0.0000000000000000     
  -3.4269694183959394        1.0629785760833768        0.0000000000000000     
 --- outerCircle --- --- 
         649         756         757          46
           0           1           0           0
  -3.4269694183959394        1.0629785760833768        0.0000000000000000     
  -3.4434642607062851        1.0353264812404221        0.0000000000000000     
  -3.4855889249552745       0.96231237223565724        0.0000000000000000     
  -3.5355167009846964       0.87086120732091921        0.0000000000000000     
  -3.5741552417619036       0.79594384872854795        0.0000000000000000     
  -3.5884958297760825       0.76711563845710562        0.0000000000000000     
 --- outerCircle --- --- 
          46         757         758         604
           0           1           0           0
  -3.5884958297760825       0.76711563845710562        0.0000000000000000     
  -3.6030265577865359       0.73729664245485327        0.0000000000000000     
  -3.6398924975701141       0.65866892601652038        0.0000000000000000     
  -3.6830885562836650       0.56040337303285370        0.0000000000000000     
  -3.7160954428229176       0.48007927484670398        0.0000000000000000     
  -3.7282414837157267       0.44921200626449331        0.0000000000000000     
 --- outerCircle --- --- 
         604         758         759         602
           0           1           0           0
  -3.7282414837157267       0.44921200626449331        0.0000000000000000     
  -3.7405202438658631       0.41721851005046617        0.0000000000000000     
  -3.7713639587992103       0.33297182651035384        0.0000000000000000     
  -3.8068654264866471       0.22791515367334725        0.0000000000000000     
  -3.8334468681177141       0.14222813365741027        0.0000000000000000     
  -3.8430917980559718       0.10934459556754450        0.0000000000000000     
 --- outerCircle --- --- 
         602         759         760         443
           0           1           0           0
  -3.8430917980559718       0.10934459556754450        0.0000000000000000     
  -3.8527517440386889        7.5315767022338553E-002   0.0000000000000000     
  -3.8766129572647281       -1.4164324257221583E-002   0.0000000000000000     
  -3.9032341929222372      -0.12549280437340438        0.0000000000000000     
  -3.9224331217502915      -0.21608775657203527        0.0000000000000000     
  -3.9292120831954560      -0.25080549570166666        0.0000000000000000     
 --- outerCircle --- --- 
         443         760         761         441
           0           1           0           0
  -3.9292120831954560      -0.25080549570166666        0.0000000000000000     
  -3.9358606118810937      -0.28655676901172855        0.0000000000000000     
  -3.9517247747687283      -0.38042651406064576        0.0000000000000000     
  -3.9682396245023965      -0.49693511101541021        0.0000000000000000     
  -3.9790879224565185      -0.59151584441906579        0.0000000000000000     
  -3.9826370055934976      -0.62770645764765276        0.0000000000000000     
 --- outerCircle --- --- 
         441         761         762         206
           0           1           0           0
  -3.9826370055934976      -0.62770645764765276        0.0000000000000000     
  -3.9859242484568433      -0.66472714758908868        0.0000000000000000     
  -3.9928999529969418      -0.76177748771994935        0.0000000000000000     
  -3.9982569617568466      -0.88192685418389560        0.0000000000000000     
  -3.9999459867334459      -0.97921290749049716        0.0000000000000000     
  -3.9999664648798059       -1.0163792501949935        0.0000000000000000     
 --- outerCircle --- --- 
         206         762         763         204
           0           1           0           0
  -3.9999664648798059       -1.0163792501949935        0.0000000000000000     
  -3.9996331288805669       -1.0541741115390462        0.0000000000000000     
  -3.9970693266267912       -1.1530908166391813        0.0000000000000000     
  -3.9905203359232555       -1.2752225437404188        0.0000000000000000     
  -3.9824915587780025       -1.3738462040223989        0.0000000000000000     
  -3.9787813057510584       -1.4114599871262108        0.0000000000000000     
 --- outerCircle --- --- 
         204         763         764         115
           0           1           0           0
  -3.9787813057510584       -1.4114599871262108        0.0000000000000000     
  -3.9746494393675027       -1.4496241031523978        0.0000000000000000     
  -3.9620994673049630       -1.5493339705331601        0.0000000000000000     
  -3.9431315988728195       -1.6720961195920434        0.0000000000000000     
  -3.9250025969023499       -1.7709439761161707        0.0000000000000000     
  -3.9174233566659624       -1.8085754415315773        0.0000000000000000     
 --- outerCircle --- --- 
         115         764         765         113
           0           1           0           0
  -3.9174233566659624       -1.8085754415315773        0.0000000000000000     
  -3.9093163204350070       -1.8469037175384799        0.0000000000000000     
  -3.8863179077337873       -1.9468543288318836        0.0000000000000000     
  -3.8543611425477291       -2.0695326936649314        0.0000000000000000     
  -3.8256729217674592       -2.1680011539614297        0.0000000000000000     
  -3.8140500878404664       -2.2054135918613698        0.0000000000000000     
 --- outerCircle --- --- 
         113         765         766          82
           0           1           0           0
  -3.8140500878404664       -2.2054135918613698        0.0000000000000000     
  -3.8016647702280197       -2.2439232190160041        0.0000000000000000     
  -3.7674014991702443       -2.3441301812137825        0.0000000000000000     
  -3.7214030338494473       -2.4666831490325807        0.0000000000000000     
  -3.6812706837039197       -2.5646872381732000        0.0000000000000000     
  -3.6652588423862515       -2.6018357026578585        0.0000000000000000     
 --- outerCircle --- --- 
          82         766         767          13
           0           1           0           0
  -3.6652588423862515       -2.6018357026578585        0.0000000000000000     
  -3.6480454932089716       -2.6406596476654478        0.0000000000000000     
  -3.6010378611668350       -2.7414150345173276        0.0000000000000000     
  -3.5390925912021896       -2.8640878817528348        0.0000000000000000     
  -3.4859173651667619       -2.9617288607829630        0.0000000000000000     
  -3.4648931212453919       -2.9986284442953286        0.0000000000000000     
 --- outerCircle --- --- 
          13         767         768          81
           0           1           0           0
  -3.4648931212453919       -2.9986284442953286        0.0000000000000000     
  -3.4420113745610714       -3.0377825441867450        0.0000000000000000     
  -3.3800184793842925       -3.1390360162981583        0.0000000000000000     
  -3.2992821836517865       -3.2615784471554150        0.0000000000000000     
  -3.2307104040818850       -3.3584974634196794        0.0000000000000000     
  -3.2037637633028710       -3.3949734338709119        0.0000000000000000     
 --- outerCircle --- --- 
          81         768         769          83
           0           1           0           0
  -3.2037637633028710       -3.3949734338709119        0.0000000000000000     
  -3.1741744554025852       -3.4340535176264515        0.0000000000000000     
  -3.0944626249429770       -3.5346204968063799        0.0000000000000000     
  -2.9915411490576460       -3.6553119503167344        0.0000000000000000     
  -2.9048258871696429       -3.7499066466389541        0.0000000000000000     
  -2.8709095639059843       -3.7852968021151985        0.0000000000000000     
 --- outerCircle --- --- 
          83         769         770           6
           0           1           0           0
  -2.8709095639059843       -3.7852968021151985        0.0000000000000000     
  -2.8336331934625250       -3.8232114559322992        0.0000000000000000     
  -2.7336882366724553       -3.9200939410708422        0.0000000000000000     
  -2.6055881849910203       -4.0349481396286162        0.0000000000000000     
  -2.4984142544695365       -4.1237679512190777        0.0000000000000000     
  -2.4566717639524760       -4.1567014182843822        0.0000000000000000     
 --- outerCircle --- --- 
           6         770         703           7
           0           1           0           0
  -2.4566717639524760       -4.1567014182843822        0.0000000000000000     
  -2.4111925135552195       -4.1915749501735444        0.0000000000000000     
  -2.2898061949836501       -4.2797541964931609        0.0000000000000000     
  -2.1353314204024736       -4.3823600821086384        0.0000000000000000     
  -2.0069843465610218       -4.4600598018905728        0.0000000000000000     
  -1.9572049378955771       -4.4884593778740163        0.0000000000000000     
 --- outerCircle --- --- 
         539          35         772         771
           0           0           1           0
  0.80981651890002271      -0.82388177160784137        0.0000000000000000     
  0.81432225523765045      -0.83073721382030019        0.0000000000000000     
  0.82590895304475076      -0.84832759355824272        0.0000000000000000     
  0.83980369830193713      -0.86931522839525910        0.0000000000000000     
  0.85069091585715606      -0.88564308686233240        0.0000000000000000     
  0.85476434962466175      -0.89171824801787425        0.0000000000000000     
 --- --- big_spline --- 
          35         357         773         772
           0           0           1           0
  0.85476434962466175      -0.89171824801787425        0.0000000000000000     
  0.85836018261595748      -0.89706330785867450        0.0000000000000000     
  0.86759245493246229      -0.91069935311892170        0.0000000000000000     
  0.87863481872989335      -0.92681064350123010        0.0000000000000000     
  0.88726359532636423      -0.93921443132829419        0.0000000000000000     
  0.89048644745061323      -0.94379791419249670        0.0000000000000000     
 --- --- big_spline --- 
         357         380         774         773
           0           0           1           0
  0.89048644745061323      -0.94379791419249670        0.0000000000000000     
  0.89332415187970582      -0.94780894799973714        0.0000000000000000     
  0.90059851180958350      -0.95797450690867003        0.0000000000000000     
  0.90927626665886552      -0.96984853083760081        0.0000000000000000     
  0.91603865393533890      -0.97887517617400632        0.0000000000000000     
  0.91855994186331713      -0.98218232268317618        0.0000000000000000     
 --- --- big_spline --- 
         380         381         775         774
           0           0           1           0
  0.91855994186331713      -0.98218232268317618        0.0000000000000000     
  0.92078018004559647      -0.98506582270941556        0.0000000000000000     
  0.92646214330171750      -0.99231137445114914        0.0000000000000000     
  0.93322109447386059       -1.0006458074798024        0.0000000000000000     
  0.93847239382090386       -1.0068711888638149        0.0000000000000000     
  0.94042646706964517       -1.0091241889346678        0.0000000000000000     
 --- --- big_spline --- 
         381         369         776         775
           0           0           1           0
  0.94042646706964517       -1.0091241889346678        0.0000000000000000     
  0.94215354968955300       -1.0110841767607870        0.0000000000000000     
  0.94656475033030096       -1.0159453711661039        0.0000000000000000     
  0.95179444876209873       -1.0214034809917711        0.0000000000000000     
  0.95584295323145285       -1.0253632775695638        0.0000000000000000     
  0.95734587728984977       -1.0267661709008873        0.0000000000000000     
 --- --- big_spline --- 
         369         376         777         776
           0           0           1           0
  0.95734587728984977       -1.0267661709008873        0.0000000000000000     
  0.95868452944984239       -1.0279823453513279        0.0000000000000000     
  0.96209493900618104       -1.0309260553503921        0.0000000000000000     
  0.96612040990947101       -1.0340764196164021        0.0000000000000000     
  0.96922177655118902       -1.0362223967746829        0.0000000000000000     
  0.97036942968596374       -1.0369455452155776        0.0000000000000000     
 --- --- big_spline --- 
         376         379         778         777
           0           0           1           0
  0.97036942968596374       -1.0369455452155776        0.0000000000000000     
  0.97140397771830556       -1.0375614114725398        0.0000000000000000     
  0.97403019825797288       -1.0389569615992478        0.0000000000000000     
  0.97711064931262970       -1.0402423908992959        0.0000000000000000     
  0.97946748996779454       -1.0409207608807156        0.0000000000000000     
  0.98033555207562795       -1.0410933854318329        0.0000000000000000     
 --- --- big_spline --- 
         379         370         779         778
           0           0           1           0
  0.98033555207562795       -1.0410933854318329        0.0000000000000000     
  0.98113080907312356       -1.0412111356027023        0.0000000000000000     
  0.98313853727419154       -1.0413181776656966        0.0000000000000000     
  0.98547067157149937       -1.0410431671202389        0.0000000000000000     
  0.98723542498658223       -1.0404862906087042        0.0000000000000000     
  0.98788051530792975       -1.0401937165347521        0.0000000000000000     
 --- --- big_spline --- 
         370         383         780         779
           0           0           1           0
  0.98788051530792975       -1.0401937165347521        0.0000000000000000     
  0.98848308969470888       -1.0398718922330485        0.0000000000000000     
  0.98999048327762074       -1.0388347230418666        0.0000000000000000     
  0.99171252111893293       -1.0371592027593737        0.0000000000000000     
  0.99299057348201403       -1.0354810589884513        0.0000000000000000     
  0.99345140719991620       -1.0347630906105436        0.0000000000000000     
 --- --- big_spline --- 
         383         382         781         780
           0           0           1           0
  0.99345140719991620       -1.0347630906105436        0.0000000000000000     
  0.99389039751213426       -1.0340141702653587        0.0000000000000000     
  0.99496971315263361       -1.0318552720635286        0.0000000000000000     
  0.99616303812111118       -1.0287862561210468        0.0000000000000000     
  0.99701373214211253       -1.0259753097739484        0.0000000000000000     
  0.99731142652291782       -1.0248234015126862        0.0000000000000000     
 --- --- big_spline --- 
         382         404         782         781
           0           0           1           0
  0.99731142652291782       -1.0248234015126862        0.0000000000000000     
  0.99759805749201080       -1.0236100042977359        0.0000000000000000     
  0.99827444710994995       -1.0202195685895279        0.0000000000000000     
  0.99896160265471401       -1.0155970631508222        0.0000000000000000     
  0.99939618606422675       -1.0115038726312342        0.0000000000000000     
  0.99953337257782160       -1.0098561490570936        0.0000000000000000     
 --- --- big_spline --- 
         404         406         783         782
           0           0           1           0
  0.99953337257782160       -1.0098561490570936        0.0000000000000000     
  0.99965957114058768       -1.0080853743633758        0.0000000000000000     
  0.99990705535767410       -1.0032056429508578        0.0000000000000000     
   1.0000462200093472      -0.99668190284030611        0.0000000000000000     
   1.0000238738485123      -0.99100659510769751        0.0000000000000000     
  0.99998364954585006      -0.98874607564836958        0.0000000000000000     
 --- --- big_spline --- 
         406         555         784         783
           0           0           1           0
  0.99998364954585006      -0.98874607564836958        0.0000000000000000     
  0.99992127130886566      -0.98627058612593732        0.0000000000000000     
  0.99966368398144378      -0.97951642692966079        0.0000000000000000     
  0.99915786342980228      -0.97062877753458698        0.0000000000000000     
  0.99859814877333053      -0.96300985540743267        0.0000000000000000     
  0.99834904557806292      -0.95999991300150689        0.0000000000000000     
 --- --- big_spline --- 
         555         552         785         784
           0           0           1           0
  0.99834904557806292      -0.95999991300150689        0.0000000000000000     
  0.99805537145344025      -0.95665674110916132        0.0000000000000000     
  0.99717762705132695      -0.94760005945713832        0.0000000000000000     
  0.99587635143191977      -0.93580673010395032        0.0000000000000000     
  0.99465005490604452      -0.92579103685653774        0.0000000000000000     
  0.99414096372208605      -0.92185516320263616        0.0000000000000000     
 --- --- big_spline --- 
         552         554         786         785
           0           0           1           0
  0.99414096372208605      -0.92185516320263616        0.0000000000000000     
  0.99355353698990445      -0.91744450814080036        0.0000000000000000     
  0.99188733026753317      -0.90555457531979988        0.0000000000000000     
  0.98957314666852469      -0.89018535662547338        0.0000000000000000     
  0.98749689398914198      -0.87722029365178644        0.0000000000000000     
  0.98665604491857795      -0.87214517161326044        0.0000000000000000     
 --- --- big_spline --- 
         554         558         787         786
           0           0           1           0
  0.98665604491857795      -0.87214517161326044        0.0000000000000000     
  0.98569285908202287      -0.86643875832259420        0.0000000000000000     
  0.98301905782061560      -0.85111474953962396        0.0000000000000000     
  0.97941244600693533      -0.83142200641559472        0.0000000000000000     
  0.97625331108097235      -0.81490011057999434        0.0000000000000000     
  0.97499017254383735      -0.80845336237611920        0.0000000000000000     
 --- --- big_spline --- 
         558         546         788         787
           0           0           1           0
  0.97499017254383735      -0.80845336237611920        0.0000000000000000     
  0.97355269104573516      -0.80121557118628339        0.0000000000000000     
  0.96960978243443519      -0.78184423410397341        0.0000000000000000     
  0.96438067718048415      -0.75707889344245838        0.0000000000000000     
  0.95986637996096502      -0.73640312386644313        0.0000000000000000     
  0.95807576088219892      -0.72835914905946786        0.0000000000000000     
 --- --- big_spline --- 
         546         561         789         788
           0           0           1           0
  0.95807576088219892      -0.72835914905946786        0.0000000000000000     
  0.95605385202466331      -0.71937417197133946        0.0000000000000000     
  0.95055142915226509      -0.69540319171162701        0.0000000000000000     
  0.94333701770384781      -0.66490992389501724        0.0000000000000000     
  0.93717122842912837      -0.63957426338081114        0.0000000000000000     
  0.93473933658796349      -0.62974586751162986        0.0000000000000000     
 --- --- big_spline --- 
         561         548         790         789
           0           0           1           0
  0.93473933658796349      -0.62974586751162986        0.0000000000000000     
  0.93201701654726832      -0.61884635054792780        0.0000000000000000     
  0.92465117014698350      -0.58986085560232171        0.0000000000000000     
  0.91507562298932110      -0.55317563260592506        0.0000000000000000     
  0.90695448834352399      -0.52284638712370224        0.0000000000000000     
  0.90376537449579886      -0.51111638665597003        0.0000000000000000     
 --- --- big_spline --- 
         548         568         791         790
           0           0           1           0
  0.90376537449579886      -0.51111638665597003        0.0000000000000000     
  0.90022562654814009      -0.49820901504148807        0.0000000000000000     
  0.89069159325420344      -0.46399925798352942        0.0000000000000000     
  0.87838176222477649      -0.42093441547726479        0.0000000000000000     
  0.86800665844967362      -0.38552017528269000        0.0000000000000000     
  0.86394710035771993      -0.37186839215090317        0.0000000000000000     
 --- --- big_spline --- 
         568         570         792         791
           0           0           1           0
  0.86394710035771993      -0.37186839215090317        0.0000000000000000     
  0.85947537160202103      -0.35695826791702273        0.0000000000000000     
  0.84747659577307655      -0.31758413146651521        0.0000000000000000     
  0.83207304080636624      -0.26830954520906181        0.0000000000000000     
  0.81915936467235284      -0.22802809812360372        0.0000000000000000     
  0.81412219643180361      -0.21255722507896960        0.0000000000000000     
 --- --- big_spline --- 
         570         627         793         792
           0           0           1           0
  0.81412219643180361      -0.21255722507896960        0.0000000000000000     
  0.80861133161519438      -0.19578170198321015        0.0000000000000000     
  0.79387260364879564      -0.15166278165797190        0.0000000000000000     
  0.77504627765611300       -9.6820233892000368E-002   0.0000000000000000     
  0.75933730709694769       -5.2293546115136251E-002   0.0000000000000000     
  0.75322679938067594       -3.5266008874766074E-002   0.0000000000000000     
 --- --- big_spline --- 
         627         623         794         793
           0           0           1           0
  0.75322679938067594       -3.5266008874766074E-002   0.0000000000000000     
  0.74658834345091696       -1.6948764241518144E-002   0.0000000000000000     
  0.72888617592601135        3.0992536565441361E-002   0.0000000000000000     
  0.70637750071119354        9.0109694003618818E-002   0.0000000000000000     
  0.68767720242780417       0.13770815040717949        0.0000000000000000     
  0.68042186776408564       0.15581350554627421        0.0000000000000000     
 --- --- big_spline --- 
         623         622         795         794
           0           0           1           0
  0.68042186776408564       0.15581350554627421        0.0000000000000000     
  0.67260629676210282       0.17509381556443487        0.0000000000000000     
  0.65182285759345893       0.22525404866854673        0.0000000000000000     
  0.62551021166415255       0.28648433446215082        0.0000000000000000     
  0.60374001036253466       0.33525816049678581        0.0000000000000000     
  0.59531458682356275       0.35368162382376661        0.0000000000000000     
 --- --- big_spline --- 
         622          50         796         795
           0           0           1           0
  0.59531458682356275       0.35368162382376661        0.0000000000000000     
  0.58633596791093068       0.37303853723472408        0.0000000000000000     
  0.56252382209995322       0.42300291471856966        0.0000000000000000     
  0.53250376481205786       0.48317275061759019        0.0000000000000000     
  0.50776744386295969       0.53040104107805042        0.0000000000000000     
  0.49821765330341156       0.54806695971237851        0.0000000000000000     
 --- --- big_spline --- 
          50         662         797         796
           0           0           1           0
  0.49821765330341156       0.54806695971237851        0.0000000000000000     
  0.48817164248784500       0.56630987032443059        0.0000000000000000     
  0.46159943147810706       0.61287650169390862        0.0000000000000000     
  0.42824015480122302       0.66786034237117475        0.0000000000000000     
  0.40086453123774324       0.71007161020413900        0.0000000000000000     
  0.39032198415697594       0.72562275811726329        0.0000000000000000     
 --- --- big_spline --- 
         662         661         798         797
           0           0           1           0
  0.39032198415697594       0.72562275811726329        0.0000000000000000     
  0.37938666051676273       0.74133678296383809        0.0000000000000000     
  0.35053840617365123       0.78074197788256228        0.0000000000000000     
  0.31447310281316065       0.82577328982348719        0.0000000000000000     
  0.28499798129432791       0.85902341299726825        0.0000000000000000     
  0.27367523243308761       0.87093339430227357        0.0000000000000000     
 --- --- big_spline --- 
         661         663         799         798
           0           0           1           0
  0.27367523243308761       0.87093339430227357        0.0000000000000000     
  0.26209339909640877       0.88261459132363307        0.0000000000000000     
  0.23161910088304608       0.91089756742241534        0.0000000000000000     
  0.19367889224893936       0.94104021468698806        0.0000000000000000     
  0.16279806864806690       0.96130962203850245        0.0000000000000000     
  0.15096498880461723       0.96803816120286690        0.0000000000000000     
 --- --- big_spline --- 
         663          57         800         799
           0           0           1           0
  0.15096498880461723       0.96803816120286690        0.0000000000000000     
  0.13901732423853022       0.97423823509490204        0.0000000000000000     
  0.10766072596695229       0.98762230463649792        0.0000000000000000     
   6.8781671062632860E-002  0.99824523053339398        0.0000000000000000     
   3.7264881853812500E-002   1.0018245915618715        0.0000000000000000     
   2.5218213843820024E-002   1.0019650223430141        0.0000000000000000     
 --- --- big_spline --- 
          57         660         801         800
           0           0           1           0
   2.5218213843820024E-002   1.0019650223430141        0.0000000000000000     
   1.3199609441211888E-002   1.0014135893194600        0.0000000000000000     
  -1.8264296776833267E-002  0.99663659223591816        0.0000000000000000     
  -5.7120262768787393E-002  0.98418054729583337        0.0000000000000000     
  -8.8493812607190345E-002  0.96904932252539921        0.0000000000000000     
 -0.10045663828566545       0.96212452528817316        0.0000000000000000     
 --- --- big_spline --- 
         660         659         802         801
           0           0           1           0
 -0.10045663828566545       0.96212452528817316        0.0000000000000000     
 -0.11225461907240088       0.95468367554996447        0.0000000000000000     
 -0.14306762557631839       0.93244426416713322        0.0000000000000000     
 -0.18097400317105294       0.89967833086693838        0.0000000000000000     
 -0.21146322735929918       0.86914286717155131        0.0000000000000000     
 -0.22306109966999360       0.85657477513173597        0.0000000000000000     
 --- --- big_spline --- 
         659         657         803         802
           0           0           1           0
 -0.22306109966999360       0.85657477513173597        0.0000000000000000     
 -0.23436376019899460       0.84383012922425105        0.0000000000000000     
 -0.26381456403334397       0.80835746391980867        0.0000000000000000     
 -0.29990842619270969       0.76052253289427951        0.0000000000000000     
 -0.32882927593332012       0.71882184687189843        0.0000000000000000     
 -0.33980440681991347       0.70222807247808861        0.0000000000000000     
 --- --- big_spline --- 
         657          49         804         803
           0           0           1           0
 -0.33980440681991347       0.70222807247808861        0.0000000000000000     
 -0.35036722314483709       0.68586357406021281        0.0000000000000000     
 -0.37782777784975741       0.64153390983049563        0.0000000000000000     
 -0.41135783202891396       0.58396874897308648        0.0000000000000000     
 -0.43812350139582207       0.53535904624367170        0.0000000000000000     
 -0.44825685496356982       0.51634933855982534        0.0000000000000000     
 --- --- big_spline --- 
          49         617         805         804
           0           0           1           0
 -0.44825685496356982       0.51634933855982534        0.0000000000000000     
 -0.45788932119153380       0.49797352609124257        0.0000000000000000     
 -0.48287590911476508       0.44892987548580460        0.0000000000000000     
 -0.51327481479049786       0.38661530729333660        0.0000000000000000     
 -0.53745154606237566       0.33500888437327936        0.0000000000000000     
 -0.54658349335378809       0.31504919150883476        0.0000000000000000     
 --- --- big_spline --- 
         617         621         806         805
           0           0           1           0
 -0.54658349335378809       0.31504919150883476        0.0000000000000000     
 -0.55517118880246552       0.29604680124858740        0.0000000000000000     
 -0.57739961308626786       0.24582090990665609        0.0000000000000000     
 -0.60434693678022755       0.18293431747037553        0.0000000000000000     
 -0.62570058695730824       0.13155756385283179        0.0000000000000000     
 -0.63374764227555402       0.11184390158988457        0.0000000000000000     
 --- --- big_spline --- 
         621          41         807         806
           0           0           1           0
 -0.63374764227555402       0.11184390158988457        0.0000000000000000     
 -0.64125987800586992        9.3266734664521012E-002   0.0000000000000000     
 -0.66066265666194723        4.4510571754544828E-002   0.0000000000000000     
 -0.68410047318942691       -1.5871572294822105E-002   0.0000000000000000     
 -0.70260456108786540       -6.4690966171514735E-002   0.0000000000000000     
 -0.70956137538458508       -8.3307211983450508E-002   0.0000000000000000     
 --- --- big_spline --- 
          41         518         808         807
           0           0           1           0
 -0.70956137538458508       -8.3307211983450508E-002   0.0000000000000000     
 -0.71603853619186630      -0.10076876708992630        0.0000000000000000     
 -0.73272992331412290      -0.14633994869838840        0.0000000000000000     
 -0.75281601226544237      -0.20227808996729257        0.0000000000000000     
 -0.76861107964052622      -0.24711331149870219        0.0000000000000000     
 -0.77453428437926686      -0.26412001826319653        0.0000000000000000     
 --- --- big_spline --- 
         518         517         809         808
           0           0           1           0
 -0.77453428437926686      -0.26412001826319653        0.0000000000000000     
 -0.78006039256161452      -0.28008208097185017        0.0000000000000000     
 -0.79426431410944287      -0.32153485129315196        0.0000000000000000     
 -0.81128277221398448      -0.37201380979855814        0.0000000000000000     
 -0.82460397483790737      -0.41215113134931547        0.0000000000000000     
 -0.82958453272276877      -0.42730020200731339        0.0000000000000000     
 --- --- big_spline --- 
         517         485         810         809
           0           0           1           0
 -0.82958453272276877      -0.42730020200731339        0.0000000000000000     
 -0.83425721861319513      -0.44158388410675836        0.0000000000000000     
 -0.84622964923552813      -0.47849827295717146        0.0000000000000000     
 -0.86049706116557734      -0.52309132585450957        0.0000000000000000     
 -0.87160010151761502      -0.55825592392534340        0.0000000000000000     
 -0.87573547467151036      -0.57145817584980718        0.0000000000000000     
 --- --- big_spline --- 
         485         513         811         810
           0           0           1           0
 -0.87573547467151036      -0.57145817584980718        0.0000000000000000     
 -0.87964347253672048      -0.58398756435662247        0.0000000000000000     
 -0.88961489520854742      -0.61619328645549731        0.0000000000000000     
 -0.90141202658793962      -0.65474323680014535        0.0000000000000000     
 -0.91052023571685869      -0.68484741892994061        0.0000000000000000     
 -0.91389473827300272      -0.69607798430714840        0.0000000000000000     
 --- --- big_spline --- 
         513         483         812         811
           0           0           1           0
 -0.91389473827300272      -0.69607798430714840        0.0000000000000000     
 -0.91710604516045446      -0.70680489215054332        0.0000000000000000     
 -0.92525157877156727      -0.73418964455920932        0.0000000000000000     
 -0.93478872019616277      -0.76658256180669260        0.0000000000000000     
 -0.94206686767089476      -0.79155146606164228        0.0000000000000000     
 -0.94474210044469276      -0.80078529763438167        0.0000000000000000     
 --- --- big_spline --- 
         483         487         813         812
           0           0           1           0
 -0.94474210044469276      -0.80078529763438167        0.0000000000000000     
 -0.94730033644882916      -0.80964416578053200        0.0000000000000000     
 -0.95373093031495937      -0.83204042755895258        0.0000000000000000     
 -0.96113844688413219      -0.85807535812859270        0.0000000000000000     
 -0.96668624190197994      -0.87774923973633290        0.0000000000000000     
 -0.96869887821264866      -0.88492558440670388        0.0000000000000000     
 --- --- big_spline --- 
         487         493         814         813
           0           0           1           0
 -0.96869887821264866      -0.88492558440670388        0.0000000000000000     
 -0.97062414556388099      -0.89181057765379090        0.0000000000000000     
 -0.97538928095350752      -0.90893948372080480        0.0000000000000000     
 -0.98072183866220575      -0.92826661570740732        0.0000000000000000     
 -0.98457804928401360      -0.94235678633968156        0.0000000000000000     
 -0.98594157023551754      -0.94736373780528071        0.0000000000000000     
 --- --- big_spline --- 
         493         499         815         814
           0           0           1           0
 -0.98594157023551754      -0.94736373780528071        0.0000000000000000     
 -0.98723367425703490      -0.95212113759211836        0.0000000000000000     
 -0.99033009879042866      -0.96357551436022482        0.0000000000000000     
 -0.99357804976495490      -0.97568099884397741        0.0000000000000000     
 -0.99573017549007026      -0.98376211872315977        0.0000000000000000     
 -0.99643867075253556      -0.98643473109985769        0.0000000000000000     
 --- --- big_spline --- 
         499         498         816         815
           0           0           1           0
 -0.99643867075253556      -0.98643473109985769        0.0000000000000000     
 -0.99708173867703054      -0.98886650233461526        0.0000000000000000     
 -0.99846565767291917      -0.99412207889653648        0.0000000000000000     
 -0.99957029314190193      -0.99834552214517203        0.0000000000000000     
 -0.99996703876974558      -0.99987258003332191        0.0000000000000000     
  -1.0000000000000000       -1.0000000000000000        0.0000000000000000     
 --- --- big_spline --- 
         498         270         268         816
           0           0           0           0
 --- --- --- --- 
         268         269         817         816
           0           0           1           0
  -1.0000000000000000       -1.0000000000000000        0.0000000000000000     
 -0.99928578912167820       -1.0006767058766599        0.0000000000000000     
 -0.99733573896960126       -1.0021754065896646        0.0000000000000000     
 -0.99476582660836455       -1.0034890280396100        0.0000000000000000     
 -0.99255859699310844       -1.0041228135166642        0.0000000000000000     
 -0.99168544046533369       -1.0042649723801185       -0.0000000000000000     
 --- --- big_spline --- 
         269         287         818         817
           0           0           1           0
 -0.99168544046533347       -1.0042649723801185        0.0000000000000000     
 -0.99078274990022663       -1.0043532553742385        0.0000000000000000     
 -0.98833910642542999       -1.0043200493882252        0.0000000000000000     
 -0.98515882568699398       -1.0037576467878688        0.0000000000000000     
 -0.98245763333046721       -1.0028881762372548        0.0000000000000000     
 -0.98139576880268642       -1.0024596193068640        0.0000000000000000     
 --- --- big_spline --- 
         287         289         819         818
           0           0           1           0
 -0.98139576880268642       -1.0024596193068640        0.0000000000000000     
 -0.98028260000263423       -1.0019620186557299        0.0000000000000000     
 -0.97728506889502642       -1.0003957106731702        0.0000000000000000     
 -0.97341454411516204      -0.99794053578311415        0.0000000000000000     
 -0.97015049671616971      -0.99554232072545878        0.0000000000000000     
 -0.96887261178948592      -0.99453057322643368        0.0000000000000000     
 --- --- big_spline --- 
         289         281         820         819
           0           0           1           0
 -0.96887261178948592      -0.99453057322643368        0.0000000000000000     
 -0.96751661678670975      -0.99341545491578309        0.0000000000000000     
 -0.96387807897858591      -0.99022754909529054        0.0000000000000000     
 -0.95920482352970537      -0.98575931833247565        0.0000000000000000     
 -0.95528309340865492      -0.98172668880980030        0.0000000000000000     
 -0.95375207593113720      -0.98008950254009763        0.0000000000000000     
 --- --- big_spline --- 
         281         273         821         820
           0           0           1           0
 -0.95375207593113720      -0.98008950254009763        0.0000000000000000     
 -0.95210715698372728      -0.97829393798647502        0.0000000000000000     
 -0.94770417836319587      -0.97331461985866385        0.0000000000000000     
 -0.94207020436917976      -0.96661392354763864        0.0000000000000000     
 -0.93735867827504560      -0.96076230486733116        0.0000000000000000     
 -0.93552306650180650      -0.95842762892386069        0.0000000000000000     
 --- --- big_spline --- 
         273         508         822         821
           0           0           1           0
 -0.93552306650180650      -0.95842762892386069        0.0000000000000000     
 -0.93352437868521221      -0.95585302255669569        0.0000000000000000     
 -0.92818374166774664      -0.94881934293086356        0.0000000000000000     
 -0.92136816123166332      -0.93955244717036102        0.0000000000000000     
 -0.91568277617258698      -0.93160573017236592        0.0000000000000000     
 -0.91347102234872268      -0.92846683567620603        0.0000000000000000     
 --- --- big_spline --- 
         508         509         823         822
           0           0           1           0
 -0.91347102234872268      -0.92846683567620603        0.0000000000000000     
 -0.91102837631091593      -0.92497174591850673        0.0000000000000000     
 -0.90450946856163184      -0.91550930667512276        0.0000000000000000     
 -0.89620607537479868      -0.90320669859519798        0.0000000000000000     
 -0.88929218545580546      -0.89278106080084474        0.0000000000000000     
 -0.88660542701216771      -0.88869068160073117        0.0000000000000000     
 --- --- big_spline --- 
         509         510         824         823
           0           0           1           0
 -0.88660542701216771      -0.88869068160073117        0.0000000000000000     
 -0.88359740667817266      -0.88408769425537681        0.0000000000000000     
 -0.87557673188534169      -0.87170464428453487        0.0000000000000000     
 -0.86537471756800777      -0.85575827945653749        0.0000000000000000     
 -0.85689142203286472      -0.84236404114524877        0.0000000000000000     
 -0.85359748635622035      -0.83713610503647062        0.0000000000000000     
 --- --- big_spline --- 
         510         511         825         824
           0           0           1           0
 -0.85359748635622035      -0.83713610503647062        0.0000000000000000     
 -0.84986908791492122      -0.83120273260244415        0.0000000000000000     
 -0.83993447468649529      -0.81532297406029453        0.0000000000000000     
 -0.82731210006337996      -0.79503703716957508        0.0000000000000000     
 -0.81682784356126625      -0.77812796014648178        0.0000000000000000     
 -0.81275974689514097      -0.77155843390598466        0.0000000000000000     
 --- --- big_spline --- 
         511         484         826         825
           0           0           1           0
 -0.81275974689514097      -0.77155843390598466        0.0000000000000000     
 -0.80812597431591549      -0.76407224723176770        0.0000000000000000     
 -0.79578705472616207      -0.74413496185934347        0.0000000000000000     
 -0.78012678090816179      -0.71886435318066289        0.0000000000000000     
 -0.76713340571350508      -0.69796255454942357        0.0000000000000000     
 -0.76209515732632149      -0.68988026589865903        0.0000000000000000     
 --- --- big_spline --- 
         484         522         827         826
           0           0           1           0
 -0.76209515732632149      -0.68988026589865903        0.0000000000000000     
 -0.75635263376724127      -0.68068636809916527        0.0000000000000000     
 -0.74107307619856566      -0.65633258785955539        0.0000000000000000     
 -0.72170509833230556      -0.62573356357720022        0.0000000000000000     
 -0.70565607479437487      -0.60064867273115474        0.0000000000000000     
 -0.69943799511310878      -0.59100292372734831        0.0000000000000000     
 --- --- big_spline --- 
         522         524         828         827
           0           0           1           0
 -0.69943799511310878      -0.59100292372734831        0.0000000000000000     
 -0.69238709565032064      -0.58011791108538924        0.0000000000000000     
 -0.67364506493048815      -0.55147286803621676        0.0000000000000000     
 -0.64992703578108357      -0.51587208675810858        0.0000000000000000     
 -0.63030595659770561      -0.48701571479143013        0.0000000000000000     
 -0.62271177530668742      -0.47600009369564583        0.0000000000000000     
 --- --- big_spline --- 
         524         519         829         828
           0           0           1           0
 -0.62271177530668742      -0.47600009369564583        0.0000000000000000     
 -0.61419231509144567      -0.46374759702245011        0.0000000000000000     
 -0.59157669465950891      -0.43178125966126840        0.0000000000000000     
 -0.56301807374499568      -0.39263153780265758        0.0000000000000000     
 -0.53944346620338557      -0.36139290790542733        0.0000000000000000     
 -0.53033131935959266      -0.34959015917882047        0.0000000000000000     
 --- --- big_spline --- 
         519         528         830         829
           0           0           1           0
 -0.53033131935959266      -0.34959015917882047        0.0000000000000000     
 -0.52027235099523950      -0.33674137475258009        0.0000000000000000     
 -0.49361515407145101      -0.30362945186127938        0.0000000000000000     
 -0.46004461018610954      -0.26393954581835721        0.0000000000000000     
 -0.43240804139296207      -0.23301727033694722        0.0000000000000000     
 -0.42174378792572037      -0.22152176243339847        0.0000000000000000     
 --- --- big_spline --- 
         528         521         831         830
           0           0           1           0
 -0.42174378792572037      -0.22152176243339847        0.0000000000000000     
 -0.41021918076949326      -0.20937796591005414        0.0000000000000000     
 -0.37974056338696721      -0.17868936054418821        0.0000000000000000     
 -0.34148373515618330      -0.14319479222941467        0.0000000000000000     
 -0.31009192715482126      -0.11668208032864388        0.0000000000000000     
 -0.29800293715794535      -0.10711912790012618        0.0000000000000000     
 --- --- big_spline --- 
         521         531         832         831
           0           0           1           0
 -0.29800293715794535      -0.10711912790012618        0.0000000000000000     
 -0.28527095309162048       -9.7444494581787652E-002   0.0000000000000000     
 -0.25167807249311142       -7.3914002348642691E-002   0.0000000000000000     
 -0.20966983418139026       -4.8690036614855256E-002   0.0000000000000000     
 -0.17532703018938919       -3.1672563924160263E-002   0.0000000000000000     
 -0.16213156797692746       -2.6023198052447648E-002   0.0000000000000000     
 --- --- big_spline --- 
         531          42         833         832
           0           0           1           0
 -0.16213156797692746       -2.6023198052447648E-002   0.0000000000000000     
 -0.14862968626401832       -2.0764525881083847E-002   0.0000000000000000     
 -0.11309452895294556       -9.5024959022609826E-003   0.0000000000000000     
  -6.8834341380134653E-002  -8.7412524955723448E-004   0.0000000000000000     
  -3.2792237453968212E-002   1.5432827924667680E-003   0.0000000000000000     
  -1.8977045502449059E-002   1.3356779892459724E-003   0.0000000000000000     
 --- --- big_spline --- 
          42         542         834         833
           0           0           1           0
  -1.8977045502449059E-002   1.3356779892459724E-003   0.0000000000000000     
  -5.2565199519508249E-003   4.9294889013439848E-004   0.0000000000000000     
   3.0761826661218277E-002  -4.7592804828396713E-003   0.0000000000000000     
   7.5417928568378492E-002  -1.7095123401808975E-002   0.0000000000000000     
  0.11159183735484565       -3.1494856152681799E-002   0.0000000000000000     
  0.12540798326620881       -3.7979601741134392E-002   0.0000000000000000     
 --- --- big_spline --- 
         542         540         835         834
           0           0           1           0
  0.12540798326620881       -3.7979601741134392E-002   0.0000000000000000     
  0.13873650640618745       -4.4733128668431155E-002   0.0000000000000000     
  0.17358970737908574       -6.4624672584470605E-002   0.0000000000000000     
  0.21653149670476710       -9.3356220254752681E-002   0.0000000000000000     
  0.25110308534308540      -0.11967638247837434        0.0000000000000000     
  0.26425756248864268      -0.13040301402045684        0.0000000000000000     
 --- --- big_spline --- 
         540         541         836         835
           0           0           1           0
  0.26425756248864268      -0.13040301402045684        0.0000000000000000     
  0.27663209374985942      -0.14084062688076815        0.0000000000000000     
  0.30887815906193933      -0.16957260772658603        0.0000000000000000     
  0.34838737490430322      -0.20766703736756498        0.0000000000000000     
  0.38002120705302772      -0.24034097541800195        0.0000000000000000     
  0.39201735741025118      -0.25321485181296588        0.0000000000000000     
 --- --- big_spline --- 
         541         532         837         836
           0           0           1           0
  0.39201735741025118      -0.25321485181296588        0.0000000000000000     
  0.40308220705661207      -0.26531799875812939        0.0000000000000000     
  0.43182884303809643      -0.29775903627255335        0.0000000000000000     
  0.46688098149416984      -0.33918308551859666        0.0000000000000000     
  0.49481227211769246      -0.37358311437121705        0.0000000000000000     
  0.50537321062026397      -0.38689698454705301        0.0000000000000000     
 --- --- big_spline --- 
         532         537         838         837
           0           0           1           0
  0.50537321062026397      -0.38689698454705301        0.0000000000000000     
  0.51497910275413683      -0.39914864832348451        0.0000000000000000     
  0.53987105945727565      -0.43150603010961475        0.0000000000000000     
  0.57009722185082201      -0.47192499530783594        0.0000000000000000     
  0.59408342585660601      -0.50482569553777579        0.0000000000000000     
  0.60312953203811170      -0.51741314857919629        0.0000000000000000     
 --- --- big_spline --- 
         537         536         839         838
           0           0           1           0
  0.60312953203811170      -0.51741314857919629        0.0000000000000000     
  0.61128122328724477      -0.52883684625771399        0.0000000000000000     
  0.63235772678355140      -0.55871397565112157        0.0000000000000000     
  0.65785839679960467      -0.59547764653905455        0.0000000000000000     
  0.67802132561120976      -0.62497989299096801        0.0000000000000000     
  0.68560839665393591      -0.63617190026983983        0.0000000000000000     
 --- --- big_spline --- 
         536         538         840         839
           0           0           1           0
  0.68560839665393591      -0.63617190026983983        0.0000000000000000     
  0.69240129289927521      -0.64623166277763711        0.0000000000000000     
  0.70992987980589750      -0.67234943998504038        0.0000000000000000     
  0.73106968571154018      -0.70411715431206490        0.0000000000000000     
  0.74773019690682441      -0.72932303082168859        0.0000000000000000     
  0.75398659285774927      -0.73881920770389442        0.0000000000000000     
 --- --- big_spline --- 
         538         539         771         840
           0           0           1           0
  0.75398659285774927      -0.73881920770389442        0.0000000000000000     
  0.75955890421153738      -0.74728865876024531        0.0000000000000000     
  0.77391212457740932      -0.76914344804772872        0.0000000000000000     
  0.79117162501746241      -0.79546405524883879        0.0000000000000000     
  0.80473336767272730      -0.81614054791332891        0.0000000000000000     
  0.80981651890002271      -0.82388177160784137        0.0000000000000000     
 --- --- big_spline --- 
         193          27         842         841
           0           0           1           0
   1.3073461222840250       -1.7517034751770142        0.0000000000000000     
   1.3236712848676189       -1.7451026541530348        0.0000000000000000     
   1.3665655114031678       -1.7276041947714129        0.0000000000000000     
   1.4198383510717885       -1.7055602731038300        0.0000000000000000     
   1.4630852575860409       -1.6874108527859579        0.0000000000000000     
   1.4796283883836252       -1.6804077157780271        0.0000000000000000     
 --- --- small_spline --- 
          27         198         843         842
           0           0           1           0
   1.4796283883836252       -1.6804077157780271        0.0000000000000000     
   1.4961342759527427       -1.6733868288500608        0.0000000000000000     
   1.5393729110792784       -1.6548352564667468        0.0000000000000000     
   1.5928144654340464       -1.6315827150486366        0.0000000000000000     
   1.6359904228370095       -1.6125306517792635        0.0000000000000000     
   1.6524575734426223       -1.6052004444726526        0.0000000000000000     
 --- --- small_spline --- 
         198         419         844         843
           0           0           1           0
   1.6524575734426223       -1.6052004444726526        0.0000000000000000     
   1.6690534636146159       -1.5977767631176785        0.0000000000000000     
   1.7123981784687268       -1.5782137818885120        0.0000000000000000     
   1.7657102551261268       -1.5537978441049214        0.0000000000000000     
   1.8085691343263650       -1.5338753072316353        0.0000000000000000     
   1.8248647615513196       -1.5262294082677481        0.0000000000000000     
 --- --- small_spline --- 
         419         420         845         844
           0           0           1           0
   1.8248647615513196       -1.5262294082677481        0.0000000000000000     
   1.8415493047689906       -1.5183594991696761        0.0000000000000000     
   1.8849818319103138       -1.4976705968331880        0.0000000000000000     
   1.9381091664932013       -1.4719492551735451        0.0000000000000000     
   1.9805765992188999       -1.4510421261353190        0.0000000000000000     
   1.9966646812853628       -1.4430373455183201        0.0000000000000000     
 --- --- small_spline --- 
         420         421         846         845
           0           0           1           0
   1.9966646812853628       -1.4430373455183201        0.0000000000000000     
   2.0133990188315347       -1.4346600113337984        0.0000000000000000     
   2.0567829011530869       -1.4126901458530434        0.0000000000000000     
   2.1094832855556884       -1.3854835599029498        0.0000000000000000     
   2.1512997374501164       -1.3634573455403778        0.0000000000000000     
   2.1670653497173236       -1.3550451858316654        0.0000000000000000     
 --- --- small_spline --- 
         421         422         847         846
           0           0           1           0
   2.1670653497173236       -1.3550451858316654        0.0000000000000000     
   2.1836328004549483       -1.3461383309351476        0.0000000000000000     
   2.2263444836594677       -1.3228426604257391        0.0000000000000000     
   2.2777301251820607       -1.2941230060733420        0.0000000000000000     
   2.3180781860102342       -1.2709791209890122        0.0000000000000000     
   2.3331848377827074       -1.2621660746441898        0.0000000000000000     
 --- --- small_spline --- 
         422         418         848         847
           0           0           1           0
   2.3331848377827074       -1.2621660746441898        0.0000000000000000     
   2.3490815795062838       -1.2527989345029407        0.0000000000000000     
   2.3897280230502025       -1.2283795399167974        0.0000000000000000     
   2.4379248216576244       -1.1984397254088290        0.0000000000000000     
   2.4751610009505409       -1.1744515063120486        0.0000000000000000     
   2.4889500834563787       -1.1653508472783423        0.0000000000000000     
 --- --- small_spline --- 
         418         423         849         848
           0           0           1           0
   2.4889500834563787       -1.1653508472783423        0.0000000000000000     
   2.5033416177605003       -1.1557140923729408        0.0000000000000000     
   2.5396550410997598       -1.1306966655539079        0.0000000000000000     
   2.5816907340662953       -1.1002405889560292        0.0000000000000000     
   2.6132705291494083       -1.0760223621191745        0.0000000000000000     
   2.6247365203011244       -1.0668795399665667        0.0000000000000000     
 --- --- small_spline --- 
         423         425         850         849
           0           0           1           0
   2.6247365203011244       -1.0668795399665667        0.0000000000000000     
   2.6364877951029362       -1.0572839605061075        0.0000000000000000     
   2.6654141912705764       -1.0325109945464379        0.0000000000000000     
   2.6973474853896753       -1.0026382450956732        0.0000000000000000     
   2.7199694947623803      -0.97912200466786015        0.0000000000000000     
   2.7278547819079524      -0.97029630684864998        0.0000000000000000     
 --- --- small_spline --- 
         425         428         851         850
           0           0           1           0
   2.7278547819079524      -0.97029630684864998        0.0000000000000000     
   2.7356884131877526      -0.96112690400119782        0.0000000000000000     
   2.7540911114727025      -0.93757092401022857        0.0000000000000000     
   2.7727365280269445      -0.90935067656075985        0.0000000000000000     
   2.7846132072875878      -0.88724222546314957        0.0000000000000000     
   2.7884135369991383      -0.87896744467149079        0.0000000000000000     
 --- --- small_spline --- 
         428         584         852         851
           0           0           1           0
   2.7884135369991383      -0.87896744467149079        0.0000000000000000     
   2.7919546047995079      -0.87043045344351799        0.0000000000000000     
   2.7992084225707807      -0.84856256455131596        0.0000000000000000     
   2.8042666047912226      -0.82249331775255596        0.0000000000000000     
   2.8053227043057918      -0.80217674105109038        0.0000000000000000     
   2.8050333715708229      -0.79459851348415478        0.0000000000000000     
 --- --- small_spline --- 
         584         586         853         852
           0           0           1           0
   2.8050333715708229      -0.79459851348415478        0.0000000000000000     
   2.8043348618477832      -0.78681543902207030        0.0000000000000000     
   2.8006340235025928      -0.76695294470431308        0.0000000000000000     
   2.7924570433173290      -0.74342527717406792        0.0000000000000000     
   2.7830689896781573      -0.72521521307918513        0.0000000000000000     
   2.7788555876020986      -0.71845339665887475        0.0000000000000000     
 --- --- small_spline --- 
         586         581         854         853
           0           0           1           0
   2.7788555876020986      -0.71845339665887475        0.0000000000000000     
   2.7741124488071751      -0.71152882576967946        0.0000000000000000     
   2.7600205824734689      -0.69394679302959927        0.0000000000000000     
   2.7394135729169724      -0.67330316151845571        0.0000000000000000     
   2.7203224280540561      -0.65747859454981938        0.0000000000000000     
   2.7124895652088532      -0.65164019724144084        0.0000000000000000     
 --- --- small_spline --- 
         581         588         855         854
           0           0           1           0
   2.7124895652088532      -0.65164019724144084        0.0000000000000000     
   2.7040309243068221      -0.64568356755478828        0.0000000000000000     
   2.6804712220001887      -0.63067004438070429        0.0000000000000000     
   2.6487007051268714      -0.61326950294510518        0.0000000000000000     
   2.6210348938526380      -0.60012328083513888        0.0000000000000000     
   2.6100385380471192      -0.59532070667334003        0.0000000000000000     
 --- --- small_spline --- 
         588         587         856         855
           0           0           1           0
   2.6100385380471192      -0.59532070667334003        0.0000000000000000     
   2.5983790239423108      -0.59045987772243225        0.0000000000000000     
   2.5667759259776113      -0.57834844499196159        0.0000000000000000     
   2.5257581841380601      -0.56460096539543669        0.0000000000000000     
   2.4911952047010009      -0.55446281808932618        0.0000000000000000     
   2.4777063832436026      -0.55082154660017801        0.0000000000000000     
 --- --- small_spline --- 
         587         579         857         856
           0           0           1           0
   2.4777063832436026      -0.55082154660017801        0.0000000000000000     
   2.4636301086337258      -0.54719613117104293        0.0000000000000000     
   2.4261247618568027      -0.53834546955379414        0.0000000000000000     
   2.3786815054814383      -0.52868078757386905        0.0000000000000000     
   2.3396443154932407      -0.52188740428285352        0.0000000000000000     
   2.3246213097133608      -0.51953345678364904        0.0000000000000000     
 --- --- small_spline --- 
         579         578         858         857
           0           0           1           0
   2.3246213097133608      -0.51953345678364904        0.0000000000000000     
   2.3092332835909883      -0.51726672007531349        0.0000000000000000     
   2.2687986203686439      -0.51198548479388251        0.0000000000000000     
   2.2187587067072361      -0.50675716959002171        0.0000000000000000     
   2.1784637431884408      -0.50357214684778939        0.0000000000000000     
   2.1631620562310800      -0.50260094073632233        0.0000000000000000     
 --- --- small_spline --- 
         578         576         859         858
           0           0           1           0
   2.1631620562310800      -0.50260094073632233        0.0000000000000000     
   2.1478400137259883      -0.50176051083130879        0.0000000000000000     
   2.1081254319880616      -0.50020540538427627        0.0000000000000000     
   2.0600561390097711      -0.49957083351504639        0.0000000000000000     
   2.0221419234098512      -0.50011302293033966        0.0000000000000000     
   2.0079130185304144      -0.50057318575710730        0.0000000000000000     
 --- --- small_spline --- 
         576         575         860         859
           0           0           1           0
   2.0079130185304144      -0.50057318575710730        0.0000000000000000     
   1.9940072464996152      -0.50116630817410179        0.0000000000000000     
   1.9583258677215960      -0.50337851130960332        0.0000000000000000     
   1.9157856573046272      -0.50745131313273595        0.0000000000000000     
   1.8827511189461601      -0.51184863316747875        0.0000000000000000     
   1.8704811842574416      -0.51379223209759606        0.0000000000000000     
 --- --- small_spline --- 
         575         572         861         860
           0           0           1           0
   1.8704811842574416      -0.51379223209759606        0.0000000000000000     
   1.8587898846264481      -0.51581486238964214        0.0000000000000000     
   1.8291083344949262      -0.52177049583958368        0.0000000000000000     
   1.7943782422353600      -0.53047049439463911        0.0000000000000000     
   1.7679703046888922      -0.53860954787332782        0.0000000000000000     
   1.7583022089014615      -0.54198160595485678        0.0000000000000000     
 --- --- small_spline --- 
         572         544         862         861
           0           0           1           0
   1.7583022089014615      -0.54198160595485678        0.0000000000000000     
   1.7493356150794424      -0.54532222245552675        0.0000000000000000     
   1.7269134012181562      -0.55470099908580317        0.0000000000000000     
   1.7013933942650135      -0.56757493501599932        0.0000000000000000     
   1.6826134760122771      -0.57904189658286953        0.0000000000000000     
   1.6758979446734159      -0.58367308234915016        0.0000000000000000     
 --- --- small_spline --- 
         544         564         863         862
           0           0           1           0
   1.6758979446734159      -0.58367308234915016        0.0000000000000000     
   1.6698521164186089      -0.58813091104122817        0.0000000000000000     
   1.6551235143526510      -0.60038556916185826        0.0000000000000000     
   1.6391908309371210      -0.61671347442102553        0.0000000000000000     
   1.6282135160657516      -0.63089041457837469        0.0000000000000000     
   1.6244861107987623      -0.63653627890510833        0.0000000000000000     
 --- --- small_spline --- 
         564         563         864         863
           0           0           1           0
   1.6244861107987623      -0.63653627890510833        0.0000000000000000     
   1.6212718009808262      -0.64187335521033406        0.0000000000000000     
   1.6139405214838480      -0.65636989801112944        0.0000000000000000     
   1.6071046924653949      -0.67534629061599949        0.0000000000000000     
   1.6034337133575938      -0.69156408503177302        0.0000000000000000     
   1.6024815935892036      -0.69796495333824593        0.0000000000000000     
 --- --- small_spline --- 
         563         566         865         864
           0           0           1           0
   1.6024815935892036      -0.69796495333824593        0.0000000000000000     
   1.6018278826705710      -0.70396719641863437        0.0000000000000000     
   1.6011498750551758      -0.72014552293358325        0.0000000000000000     
   1.6024243785710559      -0.74107928153564795        0.0000000000000000     
   1.6052102836348934      -0.75878023497501745        0.0000000000000000     
   1.6066973884860885      -0.76572351324688337        0.0000000000000000     
 --- --- small_spline --- 
         566         567         866         865
           0           0           1           0
   1.6066973884860885      -0.76572351324688337        0.0000000000000000     
   1.6082885490369228      -0.77225389159402502        0.0000000000000000     
   1.6134324337649044      -0.78976513079441313        0.0000000000000000     
   1.6217834392629873      -0.81224536757053212        0.0000000000000000     
   1.6301882349283361      -0.83111409684687998        0.0000000000000000     
   1.6337947492727496      -0.83848345020035531        0.0000000000000000     
 --- --- small_spline --- 
         567          36         867         866
           0           0           1           0
   1.6337947492727496      -0.83848345020035531        0.0000000000000000     
   1.6373993355517071      -0.84551653547006644        0.0000000000000000     
   1.6477801476949288      -0.86431060330469034        0.0000000000000000     
   1.6625299012838246      -0.88830895803415544        0.0000000000000000     
   1.6760452903922807      -0.90835023003251947        0.0000000000000000     
   1.6815871517761054      -0.91615412986633182        0.0000000000000000     
 --- --- small_spline --- 
          36         869         868         867
           0           1           1           0
   1.6716553738482800       -1.0453392182951837        0.0000000000000000     
   1.6790314925871597       -1.0410597478159800        0.0000000000000000     
   1.6984473243493494       -1.0298060036366363       -0.0000000000000000     
   1.7226568669463820       -1.0157955316052798        0.0000000000000000     
   1.7424133482600517       -1.0043796666370308       -0.0000000000000000     
   1.7500000000000000       -1.0000000000000000        0.0000000000000000     
   1.6815871517761054      -0.91615412986633182        0.0000000000000000     
   1.6871555729819194      -0.92378978699169401        0.0000000000000000     
   1.7026844212977899      -0.94414875328940429        0.0000000000000000     
   1.7238079823940307      -0.97005564162165281        0.0000000000000000     
   1.7424855581901078      -0.99161961039077662        0.0000000000000000     
   1.7500000000000000       -1.0000000000000000        0.0000000000000000     
 --- small_spline small_spline --- 
          36         417         870         869
           0           0           1           0
   1.6716553738482800       -1.0453392182951837        0.0000000000000000     
   1.6643217310294944       -1.0495963355413009        0.0000000000000000     
   1.6452260248958335       -1.0606920713304009        0.0000000000000000     
   1.6218300275240287       -1.0743082589485495        0.0000000000000000     
   1.6030697681426249       -1.0852441651559115        0.0000000000000000     
   1.5959434428181503       -1.0894025022881073        0.0000000000000000     
 --- --- small_spline --- 
         417         416         871         870
           0           0           1           0
   1.5959434428181503       -1.0894025022881073        0.0000000000000000     
   1.5888713095546747       -1.0935315268452843        0.0000000000000000     
   1.5704582824804083       -1.1042927891357648        0.0000000000000000     
   1.5479022052367650       -1.1174972972421215        0.0000000000000000     
   1.5298182922046812       -1.1281015629452509        0.0000000000000000     
   1.5229495626054472       -1.1321335582753280        0.0000000000000000     
 --- --- small_spline --- 
         416         414         872         871
           0           0           1           0
   1.5229495626054472       -1.1321335582753280        0.0000000000000000     
   1.5161223097192951       -1.1361435400465267        0.0000000000000000     
   1.4983487851837431       -1.1465938516122325        0.0000000000000000     
   1.4765799752005269       -1.1594154165268651        0.0000000000000000     
   1.4591303886907017       -1.1697110162264921        0.0000000000000000     
   1.4525033405146972       -1.1736253808059911        0.0000000000000000     
 --- --- small_spline --- 
         414         410         873         872
           0           0           1           0
   1.4525033405146972       -1.1736253808059911        0.0000000000000000     
   1.4458854350224599       -1.1775367233469307        0.0000000000000000     
   1.4286593470629587       -1.1877290430679608        0.0000000000000000     
   1.4075659195026908       -1.2002322115441968        0.0000000000000000     
   1.3906616857674956       -1.2102706278229964        0.0000000000000000     
   1.3842426971253041       -1.2140868528056508        0.0000000000000000     
 --- --- small_spline --- 
         410         412         874         873
           0           0           1           0
   1.3842426971253041       -1.2140868528056508        0.0000000000000000     
   1.3777892170126687       -1.2179260400423424        0.0000000000000000     
   1.3609943138826652       -1.2279290544067754        0.0000000000000000     
   1.3404352757588849       -1.2401974327979548        0.0000000000000000     
   1.3239645059478433       -1.2500452609349273        0.0000000000000000     
   1.3177113512432121       -1.2537885378084623        0.0000000000000000     
 --- --- small_spline --- 
         412         343         875         874
           0           0           1           0
   1.3177113512432121       -1.2537885378084623        0.0000000000000000     
   1.3113780999345079       -1.2575823391590455        0.0000000000000000     
   1.2949001860376568       -1.2674654039800917        0.0000000000000000     
   1.2747373981019403       -1.2795832704615284        0.0000000000000000     
   1.2585907630017628       -1.2893075241378582        0.0000000000000000     
   1.2524622532491549       -1.2930031748032143        0.0000000000000000     
 --- --- small_spline --- 
         343         351         876         875
           0           0           1           0
   1.2524622532491549       -1.2930031748032143        0.0000000000000000     
   1.2462123164037711       -1.2967747946401047        0.0000000000000000     
   1.2299562585187627       -1.3065979301795854        0.0000000000000000     
   1.2100751374826939       -1.3186380196491165        0.0000000000000000     
   1.1941623589453709       -1.3282963710617515        0.0000000000000000     
   1.1881245804044924       -1.3319661487074448        0.0000000000000000     
 --- --- small_spline --- 
         351         350         877         876
           0           0           1           0
   1.1881245804044924       -1.3319661487074448        0.0000000000000000     
   1.1819300852406056       -1.3357341461692807        0.0000000000000000     
   1.1658243822145054       -1.3455452262820391        0.0000000000000000     
   1.1461394766139965       -1.3575652901931874        0.0000000000000000     
   1.1303937797661039       -1.3672033146184019        0.0000000000000000     
   1.1244217806565093       -1.3708643577833890        0.0000000000000000     
 --- --- small_spline --- 
         350         345         878         877
           0           0           1           0
   1.1244217806565093       -1.3708643577833890        0.0000000000000000     
   1.1182621842521270       -1.3746436534123800        0.0000000000000000     
   1.1022545590401933       -1.3844810053765668        0.0000000000000000     
   1.0827042465044723       -1.3965269544992363        0.0000000000000000     
   1.0670781868640500       -1.4061806159107151        0.0000000000000000     
   1.0611544109517954       -1.4098463845347218        0.0000000000000000     
 --- --- small_spline --- 
         345         339         879         878
           0           0           1           0
   1.0611544109517954       -1.4098463845347218        0.0000000000000000     
   1.0550136687624394       -1.4136500200076942        0.0000000000000000     
   1.0390637929520490       -1.4235469646954200        0.0000000000000000     
   1.0196015605766697       -1.4356583479864453        0.0000000000000000     
   1.0040601893506937       -1.4453583245244830        0.0000000000000000     
  0.99817191687906448       -1.4490402269862477        0.0000000000000000     
 --- --- small_spline --- 
         339         341         880         879
           0           0           1           0
  0.99817191687906448       -1.4490402269862477        0.0000000000000000     
  0.99203639349621908       -1.4528807839063691        0.0000000000000000     
  0.97611057518940747       -1.4628692728975292        0.0000000000000000     
  0.95669876648085972       -1.4750836194377457        0.0000000000000000     
  0.94121482293361758       -1.4848586925765521        0.0000000000000000     
  0.93535239317095697       -1.4885673512461806        0.0000000000000000     
 --- --- small_spline --- 
         341         340         881         880
           0           0           1           0
  0.93535239317095697       -1.4885673512461806        0.0000000000000000     
  0.92921022140022158       -1.4924575976760766        0.0000000000000000     
  0.91327988691980799       -1.5025698265572096        0.0000000000000000     
  0.89388814166264963       -1.5149244821565668        0.0000000000000000     
  0.87844104432050940       -1.5248028962466318        0.0000000000000000     
  0.87259752952585079       -1.5285486371885764        0.0000000000000000     
 --- --- small_spline --- 
         340         326         882         881
           0           0           1           0
  0.87259752952585079       -1.5285486371885764        0.0000000000000000     
  0.86643930326219665       -1.5325014641560064        0.0000000000000000     
  0.85048298136265144       -1.5427696205144681        0.0000000000000000     
  0.83109102496280818       -1.5553012662428016        0.0000000000000000     
  0.81566939689968354       -1.5653102030612716        0.0000000000000000     
  0.80984162960051131       -1.5691028235424396        0.0000000000000000     
 --- --- small_spline --- 
         326         325         883         882
           0           0           1           0
  0.80984162960051131       -1.5691028235424396        0.0000000000000000     
  0.80366235736482527       -1.5731305142144856        0.0000000000000000     
  0.78767098303663530       -1.5835847674782926        0.0000000000000000     
  0.76827555584077301       -1.5963267435317547        0.0000000000000000     
  0.75288312744600727       -1.6064900045952475        0.0000000000000000     
  0.74707402415459900       -1.6103378521970395        0.0000000000000000     
 --- --- small_spline --- 
         325         322         884         883
           0           0           1           0
  0.74707402415459900       -1.6103378521970395        0.0000000000000000     
  0.74087688899017867       -1.6144503236286598        0.0000000000000000     
  0.72486382475318045       -1.6251141282460742        0.0000000000000000     
  0.70549141739633980       -1.6380904440516582        0.0000000000000000     
  0.69015760414155736       -1.6484234585927771        0.0000000000000000     
  0.68438026917103634       -1.6523314905141071        0.0000000000000000     
 --- --- small_spline --- 
         322         317         885         884
           0           0           1           0
  0.68438026917103634       -1.6523314905141071        0.0000000000000000     
  0.67818308700423913       -1.6565328549943676        0.0000000000000000     
  0.66220109854159070       -1.6674139047845782        0.0000000000000000     
  0.64292906133049765       -1.6806279752631963        0.0000000000000000     
  0.62772613532850063       -1.6911286243449601        0.0000000000000000     
  0.62201044024174590       -1.6950948882580557        0.0000000000000000     
 --- --- small_spline --- 
         317         320         886         885
           0           0           1           0
  0.62201044024174590       -1.6950948882580557        0.0000000000000000     
  0.61585506986220340       -1.6993779505362352        0.0000000000000000     
  0.60002075149702927       -1.7104538612005356        0.0000000000000000     
  0.58100705799291297       -1.7238709905014227        0.0000000000000000     
  0.56607387338573978       -1.7345055857963239        0.0000000000000000     
  0.56047543429705193       -1.7385159001764579        0.0000000000000000     
 --- --- small_spline --- 
         320         319         887         886
           0           0           1           0
  0.56047543429705193       -1.7385159001764579        0.0000000000000000     
  0.55443872035518327       -1.7428551190526238        0.0000000000000000     
  0.53896045747803289       -1.7540553215318115        0.0000000000000000     
  0.52047689268107833       -1.7675809630749104        0.0000000000000000     
  0.50604462097026959       -1.7782671782956445        0.0000000000000000     
  0.50065436512113348       -1.7822887355763013        0.0000000000000000     
 --- --- small_spline --- 
         319         316         888         887
           0           0           1           0
  0.50065436512113348       -1.7822887355763013        0.0000000000000000     
  0.49485707567766668       -1.7866334485716568        0.0000000000000000     
  0.48005714107712216       -1.7978220757592172        0.0000000000000000     
  0.46251402069908143       -1.8112819236625226        0.0000000000000000     
  0.44892406269986651       -1.8218736902017798        0.0000000000000000     
  0.44387457992161372       -1.8258495230299370        0.0000000000000000     
 --- --- small_spline --- 
         316         924         889         888
           0           0           1           0
  0.44387457992161372       -1.8258495230299370        0.0000000000000000     
  0.43848321635700804       -1.8301203539867337        0.0000000000000000     
  0.42480067334949489       -1.8410877337661025        0.0000000000000000     
  0.40874679482182974       -1.8542189898830412        0.0000000000000000     
  0.39644783135433581       -1.8645008596419017        0.0000000000000000     
  0.39191156697160001       -1.8683480221063964        0.0000000000000000     
 --- --- small_spline --- 
         924         184         890         889
           0           0           1           0
  0.39191156697160001       -1.8683480221063964        0.0000000000000000     
  0.38712821434422939       -1.8724396379288064        0.0000000000000000     
  0.37509046276674507       -1.8829104541814550        0.0000000000000000     
  0.36117422540198341       -1.8953737800655350        0.0000000000000000     
  0.35068781744673871       -1.9050720800007452        0.0000000000000000     
  0.34686324790614220       -1.9086862544821148        0.0000000000000000     
 --- --- small_spline --- 
         184         183         891         890
           0           0           1           0
  0.34686324790614220       -1.9086862544821148        0.0000000000000000     
  0.34290210450845282       -1.9124781837519371        0.0000000000000000     
  0.33306240426505473       -1.9221403526029635        0.0000000000000000     
  0.32195258446134845       -1.9335566426094370        0.0000000000000000     
  0.31380752161668535       -1.9423700732314448        0.0000000000000000     
  0.31089372173002117       -1.9456374534281822        0.0000000000000000     
 --- --- small_spline --- 
         183         185         892         891
           0           0           1           0
  0.31089372173002117       -1.9456374534281822        0.0000000000000000     
  0.30794943244991724       -1.9490113295540399        0.0000000000000000     
  0.30080474772281041       -1.9575608361760275        0.0000000000000000     
  0.29309047714498426       -1.9675660129854333        0.0000000000000000     
  0.28774312593960327       -1.9752094594537397        0.0000000000000000     
  0.28590964986504552       -1.9780233596087706        0.0000000000000000     
 --- --- small_spline --- 
         185         177         893         892
           0           0           1           0
  0.28590964986504552       -1.9780233596087706        0.0000000000000000     
  0.28412897352431554       -1.9808810705661393        0.0000000000000000     
  0.28004858595995374       -1.9880681589676956        0.0000000000000000     
  0.27615665905813080       -1.9963676269033552        0.0000000000000000     
  0.27392851887861980       -2.0026140898509897        0.0000000000000000     
  0.27329259437730102       -2.0048904623071517        0.0000000000000000     
 --- --- small_spline --- 
         177         176         894         893
           0           0           1           0
  0.27329259437730102       -2.0048904623071517        0.0000000000000000     
  0.27276239335416474       -2.0071658956338552        0.0000000000000000     
  0.27196044567284061       -2.0128238467845119        0.0000000000000000     
  0.27212925792498499       -2.0192241634317369        0.0000000000000000     
  0.27319215043242018       -2.0239272678422688        0.0000000000000000     
  0.27381448402952380       -2.0256125734295285        0.0000000000000000     
 --- --- small_spline --- 
         176         173         895         894
           0           0           1           0
  0.27381448402952380       -2.0256125734295285        0.0000000000000000     
  0.27457309264517926       -2.0272717009971650        0.0000000000000000     
  0.27714195198440494       -2.0313152027527783        0.0000000000000000     
  0.28146981100067325       -2.0357184143846077        0.0000000000000000     
  0.28589055649807560       -2.0388049285199656        0.0000000000000000     
  0.28779369370277985       -2.0398726052114711        0.0000000000000000     
 --- --- small_spline --- 
         173         169         896         895
           0           0           1           0
  0.28779369370277985       -2.0398726052114711        0.0000000000000000     
  0.28986232895617303       -2.0409015784730280        0.0000000000000000     
  0.29585664816684498       -2.0432945242225173        0.0000000000000000     
  0.30440922140385340       -2.0456563410201039        0.0000000000000000     
  0.31223931998179322       -2.0470907507546214        0.0000000000000000     
  0.31544252928000360       -2.0475273161794849        0.0000000000000000     
 --- --- small_spline --- 
         169         175         897         896
           0           0           1           0
  0.31544252928000360       -2.0475273161794849        0.0000000000000000     
  0.31886435849291805       -2.0479131622387392        0.0000000000000000     
  0.32840286159486642       -2.0486182066482135        0.0000000000000000     
  0.34133793608029994       -2.0488858652783346        0.0000000000000000     
  0.35271358355295002       -2.0486203048187894        0.0000000000000000     
  0.35727083042919960       -2.0484062840793431        0.0000000000000000     
 --- --- small_spline --- 
         175         170         898         897
           0           0           1           0
  0.35727083042919960       -2.0484062840793431        0.0000000000000000     
  0.36214106805112722       -2.0481176828762662        0.0000000000000000     
  0.37548266565311916       -2.0470471207800482        0.0000000000000000     
  0.39313886663924325       -2.0451010800959590        0.0000000000000000     
  0.40834838181761568       -2.0430301177375378        0.0000000000000000     
  0.41437305598992880       -2.0421232351700649        0.0000000000000000     
 --- --- small_spline --- 
         170         186         899         898
           0           0           1           0
  0.41437305598992880       -2.0421232351700649        0.0000000000000000     
  0.42084395769359317       -2.0410996802664108        0.0000000000000000     
  0.43839631398985879       -2.0380892701793032        0.0000000000000000     
  0.46129474741966936       -2.0337152284061704        0.0000000000000000     
  0.48077273118787089       -2.0296567370907983        0.0000000000000000     
  0.48843373611886132       -2.0279854323651056        0.0000000000000000     
 --- --- small_spline --- 
         186         160         900         899
           0           0           1           0
  0.48843373611886132       -2.0279854323651056        0.0000000000000000     
  0.49668372531392668       -2.0261419968715000        0.0000000000000000     
  0.51891674517399222       -2.0209663898529922        0.0000000000000000     
  0.54764288270473771       -2.0138801784672760        0.0000000000000000     
  0.57186580789239105       -2.0076001058065680        0.0000000000000000     
  0.58134562621429997       -2.0050740730066758        0.0000000000000000     
 --- --- small_spline --- 
         160         158         901         900
           0           0           1           0
  0.58134562621429997       -2.0050740730066758        0.0000000000000000     
  0.59151441241261304       -2.0023246132173540        0.0000000000000000     
  0.61878461408077468       -1.9947611484811414        0.0000000000000000     
  0.65374882329291728       -1.9846960548129058        0.0000000000000000     
  0.68300945450394124       -1.9759889381358020        0.0000000000000000     
  0.69440783124211491       -1.9725327889958983        0.0000000000000000     
 --- --- small_spline --- 
         158         147         902         901
           0           0           1           0
  0.69440783124211491       -1.9725327889958983        0.0000000000000000     
  0.70649039308609096       -1.9688318999343517        0.0000000000000000     
  0.73872939530942172       -1.9587790249081507        0.0000000000000000     
  0.77974285035494240       -1.9456427580752966        0.0000000000000000     
  0.81381597987278309       -1.9344581202984537        0.0000000000000000     
  0.82703209472445860       -1.9300577633898099        0.0000000000000000     
 --- --- small_spline --- 
         147         923         903         902
           0           0           1           0
  0.82703209472445860       -1.9300577633898099        0.0000000000000000     
  0.84079982832726707       -1.9254383100221246        0.0000000000000000     
  0.87737103301703878       -1.9129988716128932        0.0000000000000000     
  0.92357507259141225       -1.8969509796535378        0.0000000000000000     
  0.96170949857014765       -1.8834435879074958        0.0000000000000000     
  0.97644335606147292       -1.8781641030792631        0.0000000000000000     
 --- --- small_spline --- 
         923         189         904         903
           0           0           1           0
  0.97644335606147292       -1.8781641030792631        0.0000000000000000     
  0.99150349205407851       -1.8727337309436576        0.0000000000000000     
   1.0313469865878826       -1.8582056934655562        0.0000000000000000     
   1.0813706400998333       -1.8396459133473313        0.0000000000000000     
   1.1224104097369048       -1.8241637348658457        0.0000000000000000     
   1.1382098844032225       -1.8181436711600898        0.0000000000000000     
 --- --- small_spline --- 
         189         193         841         904
           0           0           1           0
   1.1382098844032225       -1.8181436711600898        0.0000000000000000     
   1.1541028691913762       -1.8120550170362917        0.0000000000000000     
   1.1959978424446560       -1.7958487684573479        0.0000000000000000     
   1.2482990547955257       -1.7753051034779455        0.0000000000000000     
   1.2909722004826478       -1.7582912540653513        0.0000000000000000     
   1.3073461222840250       -1.7517034751770142        0.0000000000000000     
 --- --- small_spline --- 
         461          31         211         905
           0           0           0           0
 --- --- --- --- 
         211         220         906         905
           0           0           1           0
  -2.2999999999999998       -1.0000000000000000        0.0000000000000000     
  -2.2888413720137222       -1.0000000000000000       -0.0000000000000000     
  -2.2596277046778321       -1.0000000000000000        0.0000000000000000     
  -2.2235176259786060       -1.0000000000000000       -0.0000000000000000     
  -2.1943039586427160       -1.0000000000000000        0.0000000000000000     
  -2.1831453306564388       -1.0000000000000000       -0.0000000000000000     
 --- --- triangle --- 
         220         222         907         906
           0           0           1           0
  -2.1831453306564383       -1.0000000000000000        0.0000000000000000     
  -2.1718834283876762       -1.0000000000000000        0.0000000000000000     
  -2.1423993854700769       -1.0000000000000000        0.0000000000000000     
  -2.1059551041724029       -1.0000000000000000        0.0000000000000000     
  -2.0764710612548036       -1.0000000000000000        0.0000000000000000     
  -2.0652091589860415       -1.0000000000000000        0.0000000000000000     
 --- --- triangle --- 
         222         223         908         907
           0           0           1           0
  -2.0652091589860415       -1.0000000000000000        0.0000000000000000     
  -2.0537545711767375       -1.0000000000000000        0.0000000000000000     
  -2.0237660709648591       -1.0000000000000000        0.0000000000000000     
  -1.9866982461597109       -1.0000000000000000        0.0000000000000000     
  -1.9567097459478329       -1.0000000000000000        0.0000000000000000     
  -1.9452551581385289       -1.0000000000000000        0.0000000000000000     
 --- --- triangle --- 
         223         226         909         908
           0           0           1           0
  -1.9452551581385289       -1.0000000000000000        0.0000000000000000     
  -1.9336058043449862       -1.0000000000000000        0.0000000000000000     
  -1.9031074001665194       -1.0000000000000000        0.0000000000000000     
  -1.8654092993966709       -1.0000000000000000        0.0000000000000000     
  -1.8349108952182041       -1.0000000000000000        0.0000000000000000     
  -1.8232615414246616       -1.0000000000000000        0.0000000000000000     
 --- --- triangle --- 
         226         224         910         909
           0           0           1           0
  -1.8232615414246616       -1.0000000000000000        0.0000000000000000     
  -1.8114911115950321       -1.0000000000000000        0.0000000000000000     
  -1.7806757262388668       -1.0000000000000000        0.0000000000000000     
  -1.7425858151857949       -1.0000000000000000        0.0000000000000000     
  -1.7117704298296292       -1.0000000000000000        0.0000000000000000     
  -1.7000000000000000       -1.0000000000000000        0.0000000000000000     
 --- --- triangle --- 
         224         225          32         910
           0           0           0           0
 --- --- --- --- 
          32         467         911         910
           0           0           1           0
  -1.7000000000000000       -1.0000000000000000        0.0000000000000000     
  -1.7043910711508123      -0.99121785769837523        0.0000000000000000     
  -1.7158870446706582      -0.96822591065868358        0.0000000000000000     
  -1.7300968494087252      -0.93980630118254960        0.0000000000000000     
  -1.7415928229285711      -0.91681435414285772        0.0000000000000000     
  -1.7459838940793835      -0.90803221184123306        0.0000000000000000     
 --- --- triangle --- 
         467         468         912         911
           0           0           1           0
  -1.7459838940793835      -0.90803221184123306        0.0000000000000000     
  -1.7504647812720409      -0.89907043745591830        0.0000000000000000     
  -1.7621958962421720      -0.87560820751565571        0.0000000000000000     
  -1.7766963517971195      -0.84660729640576071        0.0000000000000000     
  -1.7884274667672508      -0.82314506646549823        0.0000000000000000     
  -1.7929083539599082      -0.81418329208018347        0.0000000000000000     
 --- --- triangle --- 
         468         470         913         912
           0           0           1           0
  -1.7929083539599082      -0.81418329208018347        0.0000000000000000     
  -1.7975694606279253      -0.80486107874414936        0.0000000000000000     
  -1.8097723963099828      -0.78045520738003460        0.0000000000000000     
  -1.8248560543380634      -0.75028789132387319        0.0000000000000000     
  -1.8370589900201209      -0.72588201995975843        0.0000000000000000     
  -1.8417200966881377      -0.71655980662372443        0.0000000000000000     
 --- --- triangle --- 
         470         469         914         913
           0           0           1           0
  -1.8417200966881377      -0.71655980662372443        0.0000000000000000     
  -1.8465948414146898      -0.70681031717062037        0.0000000000000000     
  -1.8593570887952824      -0.68128582240943514        0.0000000000000000     
  -1.8751320941033636      -0.64973581179327278        0.0000000000000000     
  -1.8878943414839562      -0.62421131703208776        0.0000000000000000     
  -1.8927690862105082      -0.61446182757898360        0.0000000000000000     
 --- --- triangle --- 
         469         466         915         914
           0           0           1           0
  -1.8927690862105082      -0.61446182757898360        0.0000000000000000     
  -1.8978332920241090      -0.60433341595178180        0.0000000000000000     
  -1.9110915549701408      -0.57781689005971826        0.0000000000000000     
  -1.9274796692350027      -0.54504066152999453        0.0000000000000000     
  -1.9407379321810345      -0.51852413563793109        0.0000000000000000     
  -1.9458021379946353      -0.50839572401072941        0.0000000000000000     
 --- --- triangle --- 
         466         473         916         915
           0           0           1           0
  -1.9458021379946353      -0.50839572401072941        0.0000000000000000     
  -1.9509775732867536      -0.49804485342649296        0.0000000000000000     
  -1.9645270387880946      -0.47094592242381061        0.0000000000000000     
  -1.9812750992065407      -0.43744980158691882        0.0000000000000000     
  -1.9948245647078817      -0.41035087058423647        0.0000000000000000     
  -2.0000000000000000      -0.40000000000000002        0.0000000000000000     
 --- --- triangle --- 
         473         475         459         916
           0           0           0           0
 --- --- --- --- 
         916         459         472         471
           0           0           0           0
 --- --- --- --- 
         471         460         917         916
           0           0           1           0
  -2.0000000000000000      -0.40000000000000002        0.0000000000000000     
  -2.0058341036308285      -0.41166820726165743        0.0000000000000000     
  -2.0211079852302278      -0.44221597046045535        0.0000000000000000     
  -2.0399875411673678      -0.47997508233473579        0.0000000000000000     
  -2.0552614227667667      -0.51052284553353344        0.0000000000000000     
  -2.0610955263975956      -0.52219105279519107        0.0000000000000000     
 --- --- triangle --- 
         460         464         918         917
           0           0           1           0
  -2.0610955263975956      -0.52219105279519107        0.0000000000000000     
  -2.0668931265132464      -0.53378625302649296        0.0000000000000000     
  -2.0820714406692007      -0.56414288133840162        0.0000000000000000     
  -2.1008328687498077      -0.60166573749961549        0.0000000000000000     
  -2.1160111829057620      -0.63202236581152416        0.0000000000000000     
  -2.1218087830214127      -0.64361756604282605        0.0000000000000000     
 --- --- triangle --- 
         464         463         919         918
           0           0           1           0
  -2.1218087830214127      -0.64361756604282605        0.0000000000000000     
  -2.1275390440506254      -0.65507808810125079        0.0000000000000000     
  -2.1425410621895122      -0.68508212437902449        0.0000000000000000     
  -2.1610845764088613      -0.72216915281772265        0.0000000000000000     
  -2.1760865945477481      -0.75217318909549669        0.0000000000000000     
  -2.1818168555769604      -0.76363371115392109        0.0000000000000000     
 --- --- triangle --- 
         463         462         920         919
           0           0           1           0
  -2.1818168555769604      -0.76363371115392109        0.0000000000000000     
  -2.1874801361151279      -0.77496027223025576        0.0000000000000000     
  -2.2023067970518753      -0.80461359410375088        0.0000000000000000     
  -2.2206335578490362      -0.84126711569807266        0.0000000000000000     
  -2.2354602187857839      -0.87092043757156790        0.0000000000000000     
  -2.2411234993239511      -0.88224699864790246        0.0000000000000000     
 --- --- triangle --- 
         462         461         905         920
           0           0           1           0
  -2.2411234993239511      -0.88224699864790246        0.0000000000000000     
  -2.2467457048538497      -0.89349140970769969        0.0000000000000000     
  -2.2614648300228621      -0.92292966004572408        0.0000000000000000     
  -2.2796586693010892      -0.95931733860217838        0.0000000000000000     
  -2.2943777944701012      -0.98875558894020277        0.0000000000000000     
  -2.2999999999999998       -1.0000000000000000        0.0000000000000000     
 --- --- triangle --- 
          15         119         921          85
           0           0           0           0
 --- --- --- --- 
          25         233         922         136
           0           0           0           0
 --- --- --- --- 
         187         189         923         190
           0           0           0           0
 --- --- --- --- 
